source_observation_id,city_id,city,state,region,latitude,longitude,observed_at,temperature,wind_speed
1,36,Guwahati,Assam,Northeast,26.1844,91.7458,2026-07-10 00:00:00,28.5,3.7
3,80,New Delhi,Delhi,North,28.62137,77.2148,2026-07-10 00:00:00,29.4,6.7
4,80,New Delhi,Delhi,North,28.62137,77.2148,2026-07-11 00:00:00,31.0,4.6
5,80,New Delhi,Delhi,North,28.62137,77.2148,2026-07-12 00:00:00,32.1,7.6
6,80,New Delhi,Delhi,North,28.62137,77.2148,2026-07-13 00:00:00,32.3,7.6
7,80,New Delhi,Delhi,North,28.62137,77.2148,2026-07-14 00:00:00,31.0,7.5
8,80,New Delhi,Delhi,North,28.62137,77.2148,2026-07-15 00:00:00,31.5,6.3
9,80,New Delhi,Delhi,North,28.62137,77.2148,2026-07-16 00:00:00,34.0,7.3
10,80,New Delhi,Delhi,North,28.62137,77.2148,2026-07-17 00:00:00,34.3,5.9
11,80,New Delhi,Delhi,North,28.62137,77.2148,2026-07-18 00:00:00,33.8,7.4
12,80,New Delhi,Delhi,North,28.62137,77.2148,2026-07-19 00:00:00,33.1,6.5
13,80,New Delhi,Delhi,North,28.62137,77.2148,2026-07-20 00:00:00,28.9,5.1
14,80,New Delhi,Delhi,North,28.62137,77.2148,2026-07-21 00:00:00,27.6,7.5
15,80,New Delhi,Delhi,North,28.62137,77.2148,2026-07-22 00:00:00,28.6,10.3
16,80,New Delhi,Delhi,North,28.62137,77.2148,2026-07-23 00:00:00,29.0,10.7
17,80,New Delhi,Delhi,North,28.62137,77.2148,2026-07-24 00:00:00,28.7,10.1
18,80,New Delhi,Delhi,North,28.62137,77.2148,2026-07-25 00:00:00,29.4,10.0
19,80,New Delhi,Delhi,North,28.62137,77.2148,2026-07-26 00:00:00,30.8,3.9
20,80,New Delhi,Delhi,North,28.62137,77.2148,2026-07-27 00:00:00,31.9,3.4
21,80,New Delhi,Delhi,North,28.62137,77.2148,2026-07-28 00:00:00,28.2,6.8
22,80,New Delhi,Delhi,North,28.62137,77.2148,2026-07-29 00:00:00,29.6,3.0
23,80,New Delhi,Delhi,North,28.62137,77.2148,2026-07-30 00:00:00,29.8,6.7
24,80,New Delhi,Delhi,North,28.62137,77.2148,2026-07-31 00:00:00,29.9,10.5
25,80,New Delhi,Delhi,North,28.62137,77.2148,2026-08-01 00:00:00,29.5,9.8
26,80,New Delhi,Delhi,North,28.62137,77.2148,2026-08-02 00:00:00,29.4,7.6
27,80,New Delhi,Delhi,North,28.62137,77.2148,2026-08-03 00:00:00,29.3,5.9
28,80,New Delhi,Delhi,North,28.62137,77.2148,2026-08-04 00:00:00,27.7,4.1
29,80,New Delhi,Delhi,North,28.62137,77.2148,2026-08-05 00:00:00,29.1,4.0
30,80,New Delhi,Delhi,North,28.62137,77.2148,2026-08-06 00:00:00,27.2,5.1
31,80,New Delhi,Delhi,North,28.62137,77.2148,2026-08-07 00:00:00,26.6,8.8
32,80,New Delhi,Delhi,North,28.62137,77.2148,2026-08-08 00:00:00,28.2,7.8
33,20,Chandigarh,Chandigarh,North,30.73629,76.7884,2026-07-10 00:00:00,26.7,4.1
34,20,Chandigarh,Chandigarh,North,30.73629,76.7884,2026-07-11 00:00:00,28.4,5.2
35,20,Chandigarh,Chandigarh,North,30.73629,76.7884,2026-07-12 00:00:00,28.8,7.8
36,20,Chandigarh,Chandigarh,North,30.73629,76.7884,2026-07-13 00:00:00,29.9,8.2
37,20,Chandigarh,Chandigarh,North,30.73629,76.7884,2026-07-14 00:00:00,30.3,6.8
38,20,Chandigarh,Chandigarh,North,30.73629,76.7884,2026-07-15 00:00:00,30.6,8.4
39,20,Chandigarh,Chandigarh,North,30.73629,76.7884,2026-07-16 00:00:00,30.8,8.0
40,20,Chandigarh,Chandigarh,North,30.73629,76.7884,2026-07-17 00:00:00,31.1,8.4
41,20,Chandigarh,Chandigarh,North,30.73629,76.7884,2026-07-18 00:00:00,31.4,6.5
42,20,Chandigarh,Chandigarh,North,30.73629,76.7884,2026-07-19 00:00:00,30.5,7.1
43,20,Chandigarh,Chandigarh,North,30.73629,76.7884,2026-07-20 00:00:00,27.5,10.0
44,20,Chandigarh,Chandigarh,North,30.73629,76.7884,2026-07-21 00:00:00,27.4,9.1
45,20,Chandigarh,Chandigarh,North,30.73629,76.7884,2026-07-22 00:00:00,28.5,11.8
46,20,Chandigarh,Chandigarh,North,30.73629,76.7884,2026-07-23 00:00:00,28.4,8.3
47,20,Chandigarh,Chandigarh,North,30.73629,76.7884,2026-07-24 00:00:00,29.3,6.9
48,20,Chandigarh,Chandigarh,North,30.73629,76.7884,2026-07-25 00:00:00,28.8,13.0
49,20,Chandigarh,Chandigarh,North,30.73629,76.7884,2026-07-26 00:00:00,30.1,3.7
50,20,Chandigarh,Chandigarh,North,30.73629,76.7884,2026-07-27 00:00:00,29.1,5.2
51,20,Chandigarh,Chandigarh,North,30.73629,76.7884,2026-07-28 00:00:00,26.2,8.4
52,20,Chandigarh,Chandigarh,North,30.73629,76.7884,2026-07-29 00:00:00,28.9,5.8
53,20,Chandigarh,Chandigarh,North,30.73629,76.7884,2026-07-30 00:00:00,28.6,9.9
54,20,Chandigarh,Chandigarh,North,30.73629,76.7884,2026-07-31 00:00:00,29.0,10.5
55,20,Chandigarh,Chandigarh,North,30.73629,76.7884,2026-08-01 00:00:00,29.1,7.8
56,20,Chandigarh,Chandigarh,North,30.73629,76.7884,2026-08-02 00:00:00,29.5,6.3
57,20,Chandigarh,Chandigarh,North,30.73629,76.7884,2026-08-03 00:00:00,29.2,7.6
58,20,Chandigarh,Chandigarh,North,30.73629,76.7884,2026-08-04 00:00:00,27.1,5.6
59,20,Chandigarh,Chandigarh,North,30.73629,76.7884,2026-08-05 00:00:00,28.2,4.6
60,20,Chandigarh,Chandigarh,North,30.73629,76.7884,2026-08-06 00:00:00,26.4,8.5
61,20,Chandigarh,Chandigarh,North,30.73629,76.7884,2026-08-07 00:00:00,27.7,6.0
62,20,Chandigarh,Chandigarh,North,30.73629,76.7884,2026-08-08 00:00:00,28.2,6.5
63,7,Amritsar,Punjab,North,31.62234,74.87534,2026-07-10 00:00:00,29.9,6.9
64,7,Amritsar,Punjab,North,31.62234,74.87534,2026-07-11 00:00:00,28.8,8.4
65,7,Amritsar,Punjab,North,31.62234,74.87534,2026-07-12 00:00:00,27.1,5.9
66,7,Amritsar,Punjab,North,31.62234,74.87534,2026-07-13 00:00:00,29.0,3.3
67,7,Amritsar,Punjab,North,31.62234,74.87534,2026-07-14 00:00:00,30.6,3.7
68,7,Amritsar,Punjab,North,31.62234,74.87534,2026-07-15 00:00:00,30.4,4.4
69,7,Amritsar,Punjab,North,31.62234,74.87534,2026-07-16 00:00:00,31.7,3.3
70,7,Amritsar,Punjab,North,31.62234,74.87534,2026-07-17 00:00:00,32.2,6.1
71,7,Amritsar,Punjab,North,31.62234,74.87534,2026-07-18 00:00:00,32.6,4.4
72,7,Amritsar,Punjab,North,31.62234,74.87534,2026-07-19 00:00:00,31.5,7.0
73,7,Amritsar,Punjab,North,31.62234,74.87534,2026-07-20 00:00:00,29.5,9.4
74,7,Amritsar,Punjab,North,31.62234,74.87534,2026-07-21 00:00:00,27.2,11.1
75,7,Amritsar,Punjab,North,31.62234,74.87534,2026-07-22 00:00:00,26.6,11.6
76,7,Amritsar,Punjab,North,31.62234,74.87534,2026-07-23 00:00:00,26.7,9.9
77,7,Amritsar,Punjab,North,31.62234,74.87534,2026-07-24 00:00:00,28.9,7.0
78,7,Amritsar,Punjab,North,31.62234,74.87534,2026-07-25 00:00:00,27.9,9.5
79,7,Amritsar,Punjab,North,31.62234,74.87534,2026-07-26 00:00:00,30.2,3.9
80,7,Amritsar,Punjab,North,31.62234,74.87534,2026-07-27 00:00:00,31.2,3.9
81,7,Amritsar,Punjab,North,31.62234,74.87534,2026-07-28 00:00:00,30.2,8.7
82,7,Amritsar,Punjab,North,31.62234,74.87534,2026-07-29 00:00:00,28.3,7.2
83,7,Amritsar,Punjab,North,31.62234,74.87534,2026-07-30 00:00:00,29.5,7.6
84,7,Amritsar,Punjab,North,31.62234,74.87534,2026-07-31 00:00:00,28.3,9.6
85,7,Amritsar,Punjab,North,31.62234,74.87534,2026-08-01 00:00:00,29.4,7.8
86,7,Amritsar,Punjab,North,31.62234,74.87534,2026-08-02 00:00:00,30.5,6.8
87,7,Amritsar,Punjab,North,31.62234,74.87534,2026-08-03 00:00:00,29.9,5.7
88,7,Amritsar,Punjab,North,31.62234,74.87534,2026-08-04 00:00:00,29.1,4.6
89,7,Amritsar,Punjab,North,31.62234,74.87534,2026-08-05 00:00:00,29.7,4.4
90,7,Amritsar,Punjab,North,31.62234,74.87534,2026-08-06 00:00:00,29.2,7.6
91,7,Amritsar,Punjab,North,31.62234,74.87534,2026-08-07 00:00:00,28.7,6.7
92,7,Amritsar,Punjab,North,31.62234,74.87534,2026-08-08 00:00:00,27.8,5.9
93,66,Ludhiana,Punjab,North,30.91204,75.85379,2026-07-10 00:00:00,29.2,6.4
94,66,Ludhiana,Punjab,North,30.91204,75.85379,2026-07-11 00:00:00,29.0,5.2
95,66,Ludhiana,Punjab,North,30.91204,75.85379,2026-07-12 00:00:00,29.6,7.2
96,66,Ludhiana,Punjab,North,30.91204,75.85379,2026-07-13 00:00:00,29.7,4.9
97,66,Ludhiana,Punjab,North,30.91204,75.85379,2026-07-14 00:00:00,31.2,5.5
98,66,Ludhiana,Punjab,North,30.91204,75.85379,2026-07-15 00:00:00,31.5,6.0
99,66,Ludhiana,Punjab,North,30.91204,75.85379,2026-07-16 00:00:00,32.1,5.6
100,66,Ludhiana,Punjab,North,30.91204,75.85379,2026-07-17 00:00:00,33.2,5.8
101,66,Ludhiana,Punjab,North,30.91204,75.85379,2026-07-18 00:00:00,33.6,5.5
102,66,Ludhiana,Punjab,North,30.91204,75.85379,2026-07-19 00:00:00,32.3,6.2
103,66,Ludhiana,Punjab,North,30.91204,75.85379,2026-07-20 00:00:00,28.9,8.2
104,66,Ludhiana,Punjab,North,30.91204,75.85379,2026-07-21 00:00:00,28.7,10.9
105,66,Ludhiana,Punjab,North,30.91204,75.85379,2026-07-22 00:00:00,27.5,10.2
106,66,Ludhiana,Punjab,North,30.91204,75.85379,2026-07-23 00:00:00,28.2,6.5
107,66,Ludhiana,Punjab,North,30.91204,75.85379,2026-07-24 00:00:00,29.8,7.7
108,66,Ludhiana,Punjab,North,30.91204,75.85379,2026-07-25 00:00:00,28.7,10.8
109,66,Ludhiana,Punjab,North,30.91204,75.85379,2026-07-26 00:00:00,30.8,4.5
110,66,Ludhiana,Punjab,North,30.91204,75.85379,2026-07-27 00:00:00,32.2,4.8
111,66,Ludhiana,Punjab,North,30.91204,75.85379,2026-07-28 00:00:00,29.1,9.8
112,66,Ludhiana,Punjab,North,30.91204,75.85379,2026-07-29 00:00:00,29.8,5.6
113,66,Ludhiana,Punjab,North,30.91204,75.85379,2026-07-30 00:00:00,28.4,7.0
114,66,Ludhiana,Punjab,North,30.91204,75.85379,2026-07-31 00:00:00,29.7,10.3
115,66,Ludhiana,Punjab,North,30.91204,75.85379,2026-08-01 00:00:00,30.1,6.7
116,66,Ludhiana,Punjab,North,30.91204,75.85379,2026-08-02 00:00:00,31.6,6.8
117,66,Ludhiana,Punjab,North,30.91204,75.85379,2026-08-03 00:00:00,30.3,6.2
118,66,Ludhiana,Punjab,North,30.91204,75.85379,2026-08-04 00:00:00,28.3,4.8
119,66,Ludhiana,Punjab,North,30.91204,75.85379,2026-08-05 00:00:00,30.2,3.7
120,66,Ludhiana,Punjab,North,30.91204,75.85379,2026-08-06 00:00:00,29.0,7.9
121,66,Ludhiana,Punjab,North,30.91204,75.85379,2026-08-07 00:00:00,28.1,4.7
122,66,Ludhiana,Punjab,North,30.91204,75.85379,2026-08-08 00:00:00,28.1,5.7
123,47,Jalandhar,Punjab,North,31.32556,75.57917,2026-07-10 00:00:00,29.5,6.0
124,47,Jalandhar,Punjab,North,31.32556,75.57917,2026-07-11 00:00:00,27.8,6.2
125,47,Jalandhar,Punjab,North,31.32556,75.57917,2026-07-12 00:00:00,28.4,6.9
126,47,Jalandhar,Punjab,North,31.32556,75.57917,2026-07-13 00:00:00,29.1,4.2
127,47,Jalandhar,Punjab,North,31.32556,75.57917,2026-07-14 00:00:00,30.6,4.7
128,47,Jalandhar,Punjab,North,31.32556,75.57917,2026-07-15 00:00:00,30.6,5.5
129,47,Jalandhar,Punjab,North,31.32556,75.57917,2026-07-16 00:00:00,31.4,4.6
130,47,Jalandhar,Punjab,North,31.32556,75.57917,2026-07-17 00:00:00,32.1,4.9
131,47,Jalandhar,Punjab,North,31.32556,75.57917,2026-07-18 00:00:00,32.6,5.2
132,47,Jalandhar,Punjab,North,31.32556,75.57917,2026-07-19 00:00:00,31.7,7.1
133,47,Jalandhar,Punjab,North,31.32556,75.57917,2026-07-20 00:00:00,29.4,9.8
134,47,Jalandhar,Punjab,North,31.32556,75.57917,2026-07-21 00:00:00,28.5,9.8
135,47,Jalandhar,Punjab,North,31.32556,75.57917,2026-07-22 00:00:00,27.4,9.0
136,47,Jalandhar,Punjab,North,31.32556,75.57917,2026-07-23 00:00:00,27.3,6.9
137,47,Jalandhar,Punjab,North,31.32556,75.57917,2026-07-24 00:00:00,29.3,4.1
138,47,Jalandhar,Punjab,North,31.32556,75.57917,2026-07-25 00:00:00,28.4,8.6
139,47,Jalandhar,Punjab,North,31.32556,75.57917,2026-07-26 00:00:00,30.0,3.4
140,47,Jalandhar,Punjab,North,31.32556,75.57917,2026-07-27 00:00:00,30.9,4.8
141,47,Jalandhar,Punjab,North,31.32556,75.57917,2026-07-28 00:00:00,29.0,10.1
142,47,Jalandhar,Punjab,North,31.32556,75.57917,2026-07-29 00:00:00,29.2,6.5
143,47,Jalandhar,Punjab,North,31.32556,75.57917,2026-07-30 00:00:00,29.0,7.5
144,47,Jalandhar,Punjab,North,31.32556,75.57917,2026-07-31 00:00:00,28.9,7.8
145,47,Jalandhar,Punjab,North,31.32556,75.57917,2026-08-01 00:00:00,29.4,4.9
146,47,Jalandhar,Punjab,North,31.32556,75.57917,2026-08-02 00:00:00,30.2,5.2
147,47,Jalandhar,Punjab,North,31.32556,75.57917,2026-08-03 00:00:00,29.2,6.1
148,47,Jalandhar,Punjab,North,31.32556,75.57917,2026-08-04 00:00:00,28.0,4.5
149,47,Jalandhar,Punjab,North,31.32556,75.57917,2026-08-05 00:00:00,29.3,4.5
150,47,Jalandhar,Punjab,North,31.32556,75.57917,2026-08-06 00:00:00,28.9,7.4
151,47,Jalandhar,Punjab,North,31.32556,75.57917,2026-08-07 00:00:00,28.2,5.2
152,47,Jalandhar,Punjab,North,31.32556,75.57917,2026-08-08 00:00:00,27.4,5.0
153,83,Patiala,Punjab,North,30.33625,76.3922,2026-07-10 00:00:00,28.2,4.5
154,83,Patiala,Punjab,North,30.33625,76.3922,2026-07-11 00:00:00,29.2,4.4
155,83,Patiala,Punjab,North,30.33625,76.3922,2026-07-12 00:00:00,30.0,7.7
156,83,Patiala,Punjab,North,30.33625,76.3922,2026-07-13 00:00:00,30.5,6.8
157,83,Patiala,Punjab,North,30.33625,76.3922,2026-07-14 00:00:00,31.2,7.3
158,83,Patiala,Punjab,North,30.33625,76.3922,2026-07-15 00:00:00,31.4,8.0
159,83,Patiala,Punjab,North,30.33625,76.3922,2026-07-16 00:00:00,31.4,9.2
160,83,Patiala,Punjab,North,30.33625,76.3922,2026-07-17 00:00:00,32.1,8.1
161,83,Patiala,Punjab,North,30.33625,76.3922,2026-07-18 00:00:00,32.4,5.5
162,83,Patiala,Punjab,North,30.33625,76.3922,2026-07-19 00:00:00,31.5,8.1
163,83,Patiala,Punjab,North,30.33625,76.3922,2026-07-20 00:00:00,28.3,9.8
164,83,Patiala,Punjab,North,30.33625,76.3922,2026-07-21 00:00:00,27.9,10.2
165,83,Patiala,Punjab,North,30.33625,76.3922,2026-07-22 00:00:00,28.4,11.8
166,83,Patiala,Punjab,North,30.33625,76.3922,2026-07-23 00:00:00,28.7,10.6
167,83,Patiala,Punjab,North,30.33625,76.3922,2026-07-24 00:00:00,29.2,10.1
168,83,Patiala,Punjab,North,30.33625,76.3922,2026-07-25 00:00:00,28.2,12.6
169,83,Patiala,Punjab,North,30.33625,76.3922,2026-07-26 00:00:00,30.0,4.8
170,83,Patiala,Punjab,North,30.33625,76.3922,2026-07-27 00:00:00,30.6,5.2
171,83,Patiala,Punjab,North,30.33625,76.3922,2026-07-28 00:00:00,27.9,10.1
172,83,Patiala,Punjab,North,30.33625,76.3922,2026-07-29 00:00:00,29.5,5.8
173,83,Patiala,Punjab,North,30.33625,76.3922,2026-07-30 00:00:00,28.4,9.9
174,83,Patiala,Punjab,North,30.33625,76.3922,2026-07-31 00:00:00,29.6,12.5
175,83,Patiala,Punjab,North,30.33625,76.3922,2026-08-01 00:00:00,29.5,9.8
176,83,Patiala,Punjab,North,30.33625,76.3922,2026-08-02 00:00:00,29.7,8.5
177,83,Patiala,Punjab,North,30.33625,76.3922,2026-08-03 00:00:00,29.2,7.6
178,83,Patiala,Punjab,North,30.33625,76.3922,2026-08-04 00:00:00,28.0,5.9
179,83,Patiala,Punjab,North,30.33625,76.3922,2026-08-05 00:00:00,29.3,4.9
180,83,Patiala,Punjab,North,30.33625,76.3922,2026-08-06 00:00:00,27.8,8.6
181,83,Patiala,Punjab,North,30.33625,76.3922,2026-08-07 00:00:00,28.0,5.1
182,83,Patiala,Punjab,North,30.33625,76.3922,2026-08-08 00:00:00,28.0,6.3
183,46,Jaipur,Rajasthan,North,26.91962,75.78781,2026-07-10 00:00:00,30.2,13.1
184,46,Jaipur,Rajasthan,North,26.91962,75.78781,2026-07-11 00:00:00,29.6,13.6
185,46,Jaipur,Rajasthan,North,26.91962,75.78781,2026-07-12 00:00:00,30.1,12.7
186,46,Jaipur,Rajasthan,North,26.91962,75.78781,2026-07-13 00:00:00,30.7,11.5
187,46,Jaipur,Rajasthan,North,26.91962,75.78781,2026-07-14 00:00:00,30.8,12.3
188,46,Jaipur,Rajasthan,North,26.91962,75.78781,2026-07-15 00:00:00,31.0,9.9
189,46,Jaipur,Rajasthan,North,26.91962,75.78781,2026-07-16 00:00:00,32.2,11.6
190,46,Jaipur,Rajasthan,North,26.91962,75.78781,2026-07-17 00:00:00,32.7,11.8
191,46,Jaipur,Rajasthan,North,26.91962,75.78781,2026-07-18 00:00:00,32.9,10.7
192,46,Jaipur,Rajasthan,North,26.91962,75.78781,2026-07-19 00:00:00,32.5,6.7
193,46,Jaipur,Rajasthan,North,26.91962,75.78781,2026-07-20 00:00:00,30.2,8.5
194,46,Jaipur,Rajasthan,North,26.91962,75.78781,2026-07-21 00:00:00,26.5,6.4
195,46,Jaipur,Rajasthan,North,26.91962,75.78781,2026-07-22 00:00:00,27.2,6.8
196,46,Jaipur,Rajasthan,North,26.91962,75.78781,2026-07-23 00:00:00,27.9,8.8
197,46,Jaipur,Rajasthan,North,26.91962,75.78781,2026-07-24 00:00:00,27.8,8.6
198,46,Jaipur,Rajasthan,North,26.91962,75.78781,2026-07-25 00:00:00,27.9,10.7
199,46,Jaipur,Rajasthan,North,26.91962,75.78781,2026-07-26 00:00:00,28.9,5.8
200,46,Jaipur,Rajasthan,North,26.91962,75.78781,2026-07-27 00:00:00,29.6,4.5
201,46,Jaipur,Rajasthan,North,26.91962,75.78781,2026-07-28 00:00:00,27.0,6.6
202,46,Jaipur,Rajasthan,North,26.91962,75.78781,2026-07-29 00:00:00,28.2,6.0
203,46,Jaipur,Rajasthan,North,26.91962,75.78781,2026-07-30 00:00:00,29.2,5.9
204,46,Jaipur,Rajasthan,North,26.91962,75.78781,2026-07-31 00:00:00,29.0,12.7
205,46,Jaipur,Rajasthan,North,26.91962,75.78781,2026-08-01 00:00:00,28.3,12.7
206,46,Jaipur,Rajasthan,North,26.91962,75.78781,2026-08-02 00:00:00,28.0,8.2
207,46,Jaipur,Rajasthan,North,26.91962,75.78781,2026-08-03 00:00:00,27.3,7.8
208,46,Jaipur,Rajasthan,North,26.91962,75.78781,2026-08-04 00:00:00,27.0,10.2
209,46,Jaipur,Rajasthan,North,26.91962,75.78781,2026-08-05 00:00:00,27.5,9.6
210,46,Jaipur,Rajasthan,North,26.91962,75.78781,2026-08-06 00:00:00,27.3,8.0
211,46,Jaipur,Rajasthan,North,26.91962,75.78781,2026-08-07 00:00:00,26.6,12.3
212,46,Jaipur,Rajasthan,North,26.91962,75.78781,2026-08-08 00:00:00,26.9,8.6
213,51,Jodhpur,Rajasthan,North,26.26841,73.00594,2026-07-10 00:00:00,31.6,18.0
214,51,Jodhpur,Rajasthan,North,26.26841,73.00594,2026-07-11 00:00:00,31.7,21.0
215,51,Jodhpur,Rajasthan,North,26.26841,73.00594,2026-07-12 00:00:00,31.7,20.2
216,51,Jodhpur,Rajasthan,North,26.26841,73.00594,2026-07-13 00:00:00,32.4,16.7
217,51,Jodhpur,Rajasthan,North,26.26841,73.00594,2026-07-14 00:00:00,31.8,16.2
218,51,Jodhpur,Rajasthan,North,26.26841,73.00594,2026-07-15 00:00:00,32.3,12.7
219,51,Jodhpur,Rajasthan,North,26.26841,73.00594,2026-07-16 00:00:00,32.7,12.4
220,51,Jodhpur,Rajasthan,North,26.26841,73.00594,2026-07-17 00:00:00,33.0,13.8
221,51,Jodhpur,Rajasthan,North,26.26841,73.00594,2026-07-18 00:00:00,32.9,13.9
222,51,Jodhpur,Rajasthan,North,26.26841,73.00594,2026-07-19 00:00:00,33.0,13.2
223,51,Jodhpur,Rajasthan,North,26.26841,73.00594,2026-07-20 00:00:00,32.8,12.2
224,51,Jodhpur,Rajasthan,North,26.26841,73.00594,2026-07-21 00:00:00,31.6,9.3
225,51,Jodhpur,Rajasthan,North,26.26841,73.00594,2026-07-22 00:00:00,27.8,5.7
226,51,Jodhpur,Rajasthan,North,26.26841,73.00594,2026-07-23 00:00:00,28.4,4.6
227,51,Jodhpur,Rajasthan,North,26.26841,73.00594,2026-07-24 00:00:00,27.8,6.1
228,51,Jodhpur,Rajasthan,North,26.26841,73.00594,2026-07-25 00:00:00,28.0,6.3
229,51,Jodhpur,Rajasthan,North,26.26841,73.00594,2026-07-26 00:00:00,28.5,4.1
230,51,Jodhpur,Rajasthan,North,26.26841,73.00594,2026-07-27 00:00:00,28.7,7.5
231,51,Jodhpur,Rajasthan,North,26.26841,73.00594,2026-07-28 00:00:00,29.9,11.3
232,51,Jodhpur,Rajasthan,North,26.26841,73.00594,2026-07-29 00:00:00,30.3,7.9
233,51,Jodhpur,Rajasthan,North,26.26841,73.00594,2026-07-30 00:00:00,30.9,5.7
234,51,Jodhpur,Rajasthan,North,26.26841,73.00594,2026-07-31 00:00:00,31.7,7.6
235,51,Jodhpur,Rajasthan,North,26.26841,73.00594,2026-08-01 00:00:00,31.4,8.9
236,51,Jodhpur,Rajasthan,North,26.26841,73.00594,2026-08-02 00:00:00,28.1,6.4
237,51,Jodhpur,Rajasthan,North,26.26841,73.00594,2026-08-03 00:00:00,28.3,11.4
238,51,Jodhpur,Rajasthan,North,26.26841,73.00594,2026-08-04 00:00:00,29.1,11.2
239,51,Jodhpur,Rajasthan,North,26.26841,73.00594,2026-08-05 00:00:00,30.0,12.8
240,51,Jodhpur,Rajasthan,North,26.26841,73.00594,2026-08-06 00:00:00,29.9,13.5
241,51,Jodhpur,Rajasthan,North,26.26841,73.00594,2026-08-07 00:00:00,29.7,11.6
242,51,Jodhpur,Rajasthan,North,26.26841,73.00594,2026-08-08 00:00:00,29.6,11.5
243,112,Udaipur,Rajasthan,North,24.58584,73.71346,2026-07-10 00:00:00,27.3,18.7
244,112,Udaipur,Rajasthan,North,24.58584,73.71346,2026-07-11 00:00:00,27.1,21.2
245,112,Udaipur,Rajasthan,North,24.58584,73.71346,2026-07-12 00:00:00,27.3,20.3
246,112,Udaipur,Rajasthan,North,24.58584,73.71346,2026-07-13 00:00:00,27.8,17.1
247,112,Udaipur,Rajasthan,North,24.58584,73.71346,2026-07-14 00:00:00,27.0,17.2
248,112,Udaipur,Rajasthan,North,24.58584,73.71346,2026-07-15 00:00:00,27.4,12.8
249,112,Udaipur,Rajasthan,North,24.58584,73.71346,2026-07-16 00:00:00,27.8,10.8
250,112,Udaipur,Rajasthan,North,24.58584,73.71346,2026-07-17 00:00:00,27.9,11.8
251,112,Udaipur,Rajasthan,North,24.58584,73.71346,2026-07-18 00:00:00,28.4,12.4
252,112,Udaipur,Rajasthan,North,24.58584,73.71346,2026-07-19 00:00:00,27.9,11.0
253,112,Udaipur,Rajasthan,North,24.58584,73.71346,2026-07-20 00:00:00,27.0,9.4
254,112,Udaipur,Rajasthan,North,24.58584,73.71346,2026-07-21 00:00:00,25.7,7.6
255,112,Udaipur,Rajasthan,North,24.58584,73.71346,2026-07-22 00:00:00,25.0,6.4
256,112,Udaipur,Rajasthan,North,24.58584,73.71346,2026-07-23 00:00:00,25.2,5.6
257,112,Udaipur,Rajasthan,North,24.58584,73.71346,2026-07-24 00:00:00,25.3,6.2
258,112,Udaipur,Rajasthan,North,24.58584,73.71346,2026-07-25 00:00:00,24.9,8.5
259,112,Udaipur,Rajasthan,North,24.58584,73.71346,2026-07-26 00:00:00,25.8,9.8
260,112,Udaipur,Rajasthan,North,24.58584,73.71346,2026-07-27 00:00:00,26.5,8.3
261,112,Udaipur,Rajasthan,North,24.58584,73.71346,2026-07-28 00:00:00,26.6,11.1
262,112,Udaipur,Rajasthan,North,24.58584,73.71346,2026-07-29 00:00:00,26.8,5.9
263,112,Udaipur,Rajasthan,North,24.58584,73.71346,2026-07-30 00:00:00,27.9,8.7
264,112,Udaipur,Rajasthan,North,24.58584,73.71346,2026-07-31 00:00:00,27.9,12.8
265,112,Udaipur,Rajasthan,North,24.58584,73.71346,2026-08-01 00:00:00,26.6,9.1
266,112,Udaipur,Rajasthan,North,24.58584,73.71346,2026-08-02 00:00:00,26.4,11.0
267,112,Udaipur,Rajasthan,North,24.58584,73.71346,2026-08-03 00:00:00,26.2,12.6
268,112,Udaipur,Rajasthan,North,24.58584,73.71346,2026-08-04 00:00:00,26.2,12.6
269,112,Udaipur,Rajasthan,North,24.58584,73.71346,2026-08-05 00:00:00,26.5,11.3
270,112,Udaipur,Rajasthan,North,24.58584,73.71346,2026-08-06 00:00:00,26.5,13.0
271,112,Udaipur,Rajasthan,North,24.58584,73.71346,2026-08-07 00:00:00,26.2,14.0
272,112,Udaipur,Rajasthan,North,24.58584,73.71346,2026-08-08 00:00:00,26.4,13.6
273,61,Kota,Rajasthan,North,25.18254,75.83907,2026-07-10 00:00:00,31.3,17.5
274,61,Kota,Rajasthan,North,25.18254,75.83907,2026-07-11 00:00:00,30.8,17.3
275,61,Kota,Rajasthan,North,25.18254,75.83907,2026-07-12 00:00:00,30.9,15.8
276,61,Kota,Rajasthan,North,25.18254,75.83907,2026-07-13 00:00:00,31.4,16.8
277,61,Kota,Rajasthan,North,25.18254,75.83907,2026-07-14 00:00:00,31.0,16.1
278,61,Kota,Rajasthan,North,25.18254,75.83907,2026-07-15 00:00:00,31.4,12.2
279,61,Kota,Rajasthan,North,25.18254,75.83907,2026-07-16 00:00:00,32.4,12.6
280,61,Kota,Rajasthan,North,25.18254,75.83907,2026-07-17 00:00:00,32.8,11.9
281,61,Kota,Rajasthan,North,25.18254,75.83907,2026-07-18 00:00:00,33.1,11.0
282,61,Kota,Rajasthan,North,25.18254,75.83907,2026-07-19 00:00:00,31.1,11.2
283,61,Kota,Rajasthan,North,25.18254,75.83907,2026-07-20 00:00:00,30.4,7.7
284,61,Kota,Rajasthan,North,25.18254,75.83907,2026-07-21 00:00:00,27.2,5.1
285,61,Kota,Rajasthan,North,25.18254,75.83907,2026-07-22 00:00:00,28.1,5.3
286,61,Kota,Rajasthan,North,25.18254,75.83907,2026-07-23 00:00:00,28.2,5.1
287,61,Kota,Rajasthan,North,25.18254,75.83907,2026-07-24 00:00:00,28.2,11.6
288,61,Kota,Rajasthan,North,25.18254,75.83907,2026-07-25 00:00:00,28.5,11.7
289,61,Kota,Rajasthan,North,25.18254,75.83907,2026-07-26 00:00:00,28.6,7.5
290,61,Kota,Rajasthan,North,25.18254,75.83907,2026-07-27 00:00:00,29.0,7.4
291,61,Kota,Rajasthan,North,25.18254,75.83907,2026-07-28 00:00:00,28.2,7.4
292,61,Kota,Rajasthan,North,25.18254,75.83907,2026-07-29 00:00:00,28.4,5.6
293,61,Kota,Rajasthan,North,25.18254,75.83907,2026-07-30 00:00:00,29.9,6.9
294,61,Kota,Rajasthan,North,25.18254,75.83907,2026-07-31 00:00:00,29.9,10.4
295,61,Kota,Rajasthan,North,25.18254,75.83907,2026-08-01 00:00:00,28.5,11.4
296,61,Kota,Rajasthan,North,25.18254,75.83907,2026-08-02 00:00:00,29.1,9.1
297,61,Kota,Rajasthan,North,25.18254,75.83907,2026-08-03 00:00:00,29.5,10.7
298,61,Kota,Rajasthan,North,25.18254,75.83907,2026-08-04 00:00:00,28.4,11.0
299,61,Kota,Rajasthan,North,25.18254,75.83907,2026-08-05 00:00:00,28.3,9.8
300,61,Kota,Rajasthan,North,25.18254,75.83907,2026-08-06 00:00:00,28.5,9.1
301,61,Kota,Rajasthan,North,25.18254,75.83907,2026-08-07 00:00:00,27.8,11.8
302,61,Kota,Rajasthan,North,25.18254,75.83907,2026-08-08 00:00:00,28.0,12.3
303,5,Ajmer,Rajasthan,North,26.4521,74.63867,2026-07-10 00:00:00,29.3,18.7
304,5,Ajmer,Rajasthan,North,26.4521,74.63867,2026-07-11 00:00:00,29.0,20.8
305,5,Ajmer,Rajasthan,North,26.4521,74.63867,2026-07-12 00:00:00,28.9,18.7
306,5,Ajmer,Rajasthan,North,26.4521,74.63867,2026-07-13 00:00:00,29.4,16.7
307,5,Ajmer,Rajasthan,North,26.4521,74.63867,2026-07-14 00:00:00,29.1,18.1
308,5,Ajmer,Rajasthan,North,26.4521,74.63867,2026-07-15 00:00:00,29.4,13.7
309,5,Ajmer,Rajasthan,North,26.4521,74.63867,2026-07-16 00:00:00,30.2,14.2
310,5,Ajmer,Rajasthan,North,26.4521,74.63867,2026-07-17 00:00:00,30.5,14.8
311,5,Ajmer,Rajasthan,North,26.4521,74.63867,2026-07-18 00:00:00,30.8,13.4
312,5,Ajmer,Rajasthan,North,26.4521,74.63867,2026-07-19 00:00:00,31.0,12.2
313,5,Ajmer,Rajasthan,North,26.4521,74.63867,2026-07-20 00:00:00,30.2,11.7
314,5,Ajmer,Rajasthan,North,26.4521,74.63867,2026-07-21 00:00:00,27.2,8.1
315,5,Ajmer,Rajasthan,North,26.4521,74.63867,2026-07-22 00:00:00,26.5,6.1
316,5,Ajmer,Rajasthan,North,26.4521,74.63867,2026-07-23 00:00:00,27.7,7.6
317,5,Ajmer,Rajasthan,North,26.4521,74.63867,2026-07-24 00:00:00,27.4,9.1
318,5,Ajmer,Rajasthan,North,26.4521,74.63867,2026-07-25 00:00:00,26.9,14.2
319,5,Ajmer,Rajasthan,North,26.4521,74.63867,2026-07-26 00:00:00,27.8,7.9
320,5,Ajmer,Rajasthan,North,26.4521,74.63867,2026-07-27 00:00:00,28.0,8.7
321,5,Ajmer,Rajasthan,North,26.4521,74.63867,2026-07-28 00:00:00,27.3,10.9
322,5,Ajmer,Rajasthan,North,26.4521,74.63867,2026-07-29 00:00:00,27.9,7.2
323,5,Ajmer,Rajasthan,North,26.4521,74.63867,2026-07-30 00:00:00,29.4,9.3
324,5,Ajmer,Rajasthan,North,26.4521,74.63867,2026-07-31 00:00:00,29.2,14.3
325,5,Ajmer,Rajasthan,North,26.4521,74.63867,2026-08-01 00:00:00,27.9,14.1
326,5,Ajmer,Rajasthan,North,26.4521,74.63867,2026-08-02 00:00:00,26.6,8.6
327,5,Ajmer,Rajasthan,North,26.4521,74.63867,2026-08-03 00:00:00,26.4,14.5
328,5,Ajmer,Rajasthan,North,26.4521,74.63867,2026-08-04 00:00:00,27.3,15.1
329,5,Ajmer,Rajasthan,North,26.4521,74.63867,2026-08-05 00:00:00,27.3,13.4
330,5,Ajmer,Rajasthan,North,26.4521,74.63867,2026-08-06 00:00:00,27.9,12.9
331,5,Ajmer,Rajasthan,North,26.4521,74.63867,2026-08-07 00:00:00,27.4,15.7
332,5,Ajmer,Rajasthan,North,26.4521,74.63867,2026-08-08 00:00:00,26.4,15.1
333,17,Bikaner,Rajasthan,North,28.01762,73.31495,2026-07-10 00:00:00,33.4,13.3
334,17,Bikaner,Rajasthan,North,28.01762,73.31495,2026-07-11 00:00:00,33.2,15.7
335,17,Bikaner,Rajasthan,North,28.01762,73.31495,2026-07-12 00:00:00,33.1,14.6
336,17,Bikaner,Rajasthan,North,28.01762,73.31495,2026-07-13 00:00:00,34.2,12.8
337,17,Bikaner,Rajasthan,North,28.01762,73.31495,2026-07-14 00:00:00,33.9,13.9
338,17,Bikaner,Rajasthan,North,28.01762,73.31495,2026-07-15 00:00:00,34.2,12.5
339,17,Bikaner,Rajasthan,North,28.01762,73.31495,2026-07-16 00:00:00,34.9,11.7
340,17,Bikaner,Rajasthan,North,28.01762,73.31495,2026-07-17 00:00:00,35.2,14.1
341,17,Bikaner,Rajasthan,North,28.01762,73.31495,2026-07-18 00:00:00,35.1,13.9
342,17,Bikaner,Rajasthan,North,28.01762,73.31495,2026-07-19 00:00:00,35.1,12.2
343,17,Bikaner,Rajasthan,North,28.01762,73.31495,2026-07-20 00:00:00,35.3,11.9
344,17,Bikaner,Rajasthan,North,28.01762,73.31495,2026-07-21 00:00:00,33.0,8.8
345,17,Bikaner,Rajasthan,North,28.01762,73.31495,2026-07-22 00:00:00,29.0,5.4
346,17,Bikaner,Rajasthan,North,28.01762,73.31495,2026-07-23 00:00:00,29.5,4.6
347,17,Bikaner,Rajasthan,North,28.01762,73.31495,2026-07-24 00:00:00,30.0,6.4
348,17,Bikaner,Rajasthan,North,28.01762,73.31495,2026-07-25 00:00:00,30.8,9.1
349,17,Bikaner,Rajasthan,North,28.01762,73.31495,2026-07-26 00:00:00,31.7,5.3
350,17,Bikaner,Rajasthan,North,28.01762,73.31495,2026-07-27 00:00:00,32.3,5.2
351,17,Bikaner,Rajasthan,North,28.01762,73.31495,2026-07-28 00:00:00,32.5,9.2
352,17,Bikaner,Rajasthan,North,28.01762,73.31495,2026-07-29 00:00:00,33.1,7.6
353,17,Bikaner,Rajasthan,North,28.01762,73.31495,2026-07-30 00:00:00,33.9,6.5
354,17,Bikaner,Rajasthan,North,28.01762,73.31495,2026-07-31 00:00:00,33.5,8.9
355,17,Bikaner,Rajasthan,North,28.01762,73.31495,2026-08-01 00:00:00,32.3,9.2
356,17,Bikaner,Rajasthan,North,28.01762,73.31495,2026-08-02 00:00:00,31.2,6.7
357,17,Bikaner,Rajasthan,North,28.01762,73.31495,2026-08-03 00:00:00,29.6,5.8
358,17,Bikaner,Rajasthan,North,28.01762,73.31495,2026-08-04 00:00:00,29.6,6.7
359,17,Bikaner,Rajasthan,North,28.01762,73.31495,2026-08-05 00:00:00,31.9,9.4
360,17,Bikaner,Rajasthan,North,28.01762,73.31495,2026-08-06 00:00:00,31.3,10.8
361,17,Bikaner,Rajasthan,North,28.01762,73.31495,2026-08-07 00:00:00,30.8,8.0
362,17,Bikaner,Rajasthan,North,28.01762,73.31495,2026-08-08 00:00:00,31.0,6.4
363,6,Alwar,Rajasthan,North,27.56246,76.625,2026-07-10 00:00:00,31.6,13.0
364,6,Alwar,Rajasthan,North,27.56246,76.625,2026-07-11 00:00:00,31.4,11.9
365,6,Alwar,Rajasthan,North,27.56246,76.625,2026-07-12 00:00:00,31.9,11.5
366,6,Alwar,Rajasthan,North,27.56246,76.625,2026-07-13 00:00:00,31.8,9.6
367,6,Alwar,Rajasthan,North,27.56246,76.625,2026-07-14 00:00:00,31.9,10.2
368,6,Alwar,Rajasthan,North,27.56246,76.625,2026-07-15 00:00:00,31.4,10.6
369,6,Alwar,Rajasthan,North,27.56246,76.625,2026-07-16 00:00:00,32.4,11.5
370,6,Alwar,Rajasthan,North,27.56246,76.625,2026-07-17 00:00:00,32.7,11.4
371,6,Alwar,Rajasthan,North,27.56246,76.625,2026-07-18 00:00:00,32.4,9.1
372,6,Alwar,Rajasthan,North,27.56246,76.625,2026-07-19 00:00:00,31.4,7.0
373,6,Alwar,Rajasthan,North,27.56246,76.625,2026-07-20 00:00:00,28.4,6.1
374,6,Alwar,Rajasthan,North,27.56246,76.625,2026-07-21 00:00:00,27.2,5.0
375,6,Alwar,Rajasthan,North,27.56246,76.625,2026-07-22 00:00:00,27.9,8.2
376,6,Alwar,Rajasthan,North,27.56246,76.625,2026-07-23 00:00:00,27.8,10.2
377,6,Alwar,Rajasthan,North,27.56246,76.625,2026-07-24 00:00:00,28.5,8.8
378,6,Alwar,Rajasthan,North,27.56246,76.625,2026-07-25 00:00:00,29.3,9.6
379,6,Alwar,Rajasthan,North,27.56246,76.625,2026-07-26 00:00:00,29.9,4.7
380,6,Alwar,Rajasthan,North,27.56246,76.625,2026-07-27 00:00:00,30.8,5.6
381,6,Alwar,Rajasthan,North,27.56246,76.625,2026-07-28 00:00:00,28.6,6.0
382,6,Alwar,Rajasthan,North,27.56246,76.625,2026-07-29 00:00:00,28.3,4.2
383,6,Alwar,Rajasthan,North,27.56246,76.625,2026-07-30 00:00:00,29.6,6.7
384,6,Alwar,Rajasthan,North,27.56246,76.625,2026-07-31 00:00:00,29.2,11.6
385,6,Alwar,Rajasthan,North,27.56246,76.625,2026-08-01 00:00:00,28.8,11.0
386,6,Alwar,Rajasthan,North,27.56246,76.625,2026-08-02 00:00:00,29.1,7.1
387,6,Alwar,Rajasthan,North,27.56246,76.625,2026-08-03 00:00:00,27.6,4.6
388,6,Alwar,Rajasthan,North,27.56246,76.625,2026-08-04 00:00:00,27.3,6.1
389,6,Alwar,Rajasthan,North,27.56246,76.625,2026-08-05 00:00:00,28.7,7.5
390,6,Alwar,Rajasthan,North,27.56246,76.625,2026-08-06 00:00:00,26.9,4.8
391,6,Alwar,Rajasthan,North,27.56246,76.625,2026-08-07 00:00:00,26.0,12.7
392,6,Alwar,Rajasthan,North,27.56246,76.625,2026-08-08 00:00:00,27.3,6.4
393,65,Lucknow,Uttar Pradesh,North,26.83928,80.92313,2026-07-10 00:00:00,28.0,8.8
394,65,Lucknow,Uttar Pradesh,North,26.83928,80.92313,2026-07-11 00:00:00,29.5,11.2
395,65,Lucknow,Uttar Pradesh,North,26.83928,80.92313,2026-07-12 00:00:00,31.2,10.8
396,65,Lucknow,Uttar Pradesh,North,26.83928,80.92313,2026-07-13 00:00:00,32.1,12.1
397,65,Lucknow,Uttar Pradesh,North,26.83928,80.92313,2026-07-14 00:00:00,31.3,7.8
398,65,Lucknow,Uttar Pradesh,North,26.83928,80.92313,2026-07-15 00:00:00,31.0,6.4
399,65,Lucknow,Uttar Pradesh,North,26.83928,80.92313,2026-07-16 00:00:00,30.3,4.6
400,65,Lucknow,Uttar Pradesh,North,26.83928,80.92313,2026-07-17 00:00:00,30.2,4.8
401,65,Lucknow,Uttar Pradesh,North,26.83928,80.92313,2026-07-18 00:00:00,29.9,4.3
402,65,Lucknow,Uttar Pradesh,North,26.83928,80.92313,2026-07-19 00:00:00,28.2,6.2
403,65,Lucknow,Uttar Pradesh,North,26.83928,80.92313,2026-07-20 00:00:00,27.2,3.6
404,65,Lucknow,Uttar Pradesh,North,26.83928,80.92313,2026-07-21 00:00:00,27.5,9.5
405,65,Lucknow,Uttar Pradesh,North,26.83928,80.92313,2026-07-22 00:00:00,29.1,14.0
406,65,Lucknow,Uttar Pradesh,North,26.83928,80.92313,2026-07-23 00:00:00,28.4,14.7
407,65,Lucknow,Uttar Pradesh,North,26.83928,80.92313,2026-07-24 00:00:00,28.5,7.9
408,65,Lucknow,Uttar Pradesh,North,26.83928,80.92313,2026-07-25 00:00:00,29.2,6.9
409,65,Lucknow,Uttar Pradesh,North,26.83928,80.92313,2026-07-26 00:00:00,31.0,4.1
410,65,Lucknow,Uttar Pradesh,North,26.83928,80.92313,2026-07-27 00:00:00,29.8,4.0
411,65,Lucknow,Uttar Pradesh,North,26.83928,80.92313,2026-07-28 00:00:00,30.0,3.9
412,65,Lucknow,Uttar Pradesh,North,26.83928,80.92313,2026-07-29 00:00:00,30.6,9.1
413,65,Lucknow,Uttar Pradesh,North,26.83928,80.92313,2026-07-30 00:00:00,30.2,14.7
414,65,Lucknow,Uttar Pradesh,North,26.83928,80.92313,2026-07-31 00:00:00,29.9,16.7
415,65,Lucknow,Uttar Pradesh,North,26.83928,80.92313,2026-08-01 00:00:00,29.7,10.3
416,65,Lucknow,Uttar Pradesh,North,26.83928,80.92313,2026-08-02 00:00:00,29.4,6.5
417,65,Lucknow,Uttar Pradesh,North,26.83928,80.92313,2026-08-03 00:00:00,29.1,6.8
418,65,Lucknow,Uttar Pradesh,North,26.83928,80.92313,2026-08-04 00:00:00,28.3,5.9
419,65,Lucknow,Uttar Pradesh,North,26.83928,80.92313,2026-08-05 00:00:00,28.2,5.7
420,65,Lucknow,Uttar Pradesh,North,26.83928,80.92313,2026-08-06 00:00:00,27.1,6.0
421,65,Lucknow,Uttar Pradesh,North,26.83928,80.92313,2026-08-07 00:00:00,29.1,9.6
422,65,Lucknow,Uttar Pradesh,North,26.83928,80.92313,2026-08-08 00:00:00,29.6,10.6
423,54,Kanpur,Uttar Pradesh,North,26.46523,80.34975,2026-07-10 00:00:00,28.5,9.0
424,54,Kanpur,Uttar Pradesh,North,26.46523,80.34975,2026-07-11 00:00:00,30.7,12.4
425,54,Kanpur,Uttar Pradesh,North,26.46523,80.34975,2026-07-12 00:00:00,31.9,12.5
426,54,Kanpur,Uttar Pradesh,North,26.46523,80.34975,2026-07-13 00:00:00,32.4,13.1
427,54,Kanpur,Uttar Pradesh,North,26.46523,80.34975,2026-07-14 00:00:00,32.4,8.6
428,54,Kanpur,Uttar Pradesh,North,26.46523,80.34975,2026-07-15 00:00:00,31.7,9.2
429,54,Kanpur,Uttar Pradesh,North,26.46523,80.34975,2026-07-16 00:00:00,31.6,6.3
430,54,Kanpur,Uttar Pradesh,North,26.46523,80.34975,2026-07-17 00:00:00,31.3,5.7
431,54,Kanpur,Uttar Pradesh,North,26.46523,80.34975,2026-07-18 00:00:00,31.0,5.3
432,54,Kanpur,Uttar Pradesh,North,26.46523,80.34975,2026-07-19 00:00:00,29.1,6.1
433,54,Kanpur,Uttar Pradesh,North,26.46523,80.34975,2026-07-20 00:00:00,27.4,4.0
434,54,Kanpur,Uttar Pradesh,North,26.46523,80.34975,2026-07-21 00:00:00,27.6,8.3
435,54,Kanpur,Uttar Pradesh,North,26.46523,80.34975,2026-07-22 00:00:00,29.3,14.0
436,54,Kanpur,Uttar Pradesh,North,26.46523,80.34975,2026-07-23 00:00:00,28.4,14.2
437,54,Kanpur,Uttar Pradesh,North,26.46523,80.34975,2026-07-24 00:00:00,29.4,8.8
438,54,Kanpur,Uttar Pradesh,North,26.46523,80.34975,2026-07-25 00:00:00,29.8,7.4
439,54,Kanpur,Uttar Pradesh,North,26.46523,80.34975,2026-07-26 00:00:00,30.7,3.7
440,54,Kanpur,Uttar Pradesh,North,26.46523,80.34975,2026-07-27 00:00:00,29.7,4.7
441,54,Kanpur,Uttar Pradesh,North,26.46523,80.34975,2026-07-28 00:00:00,30.1,3.7
442,54,Kanpur,Uttar Pradesh,North,26.46523,80.34975,2026-07-29 00:00:00,30.7,9.2
443,54,Kanpur,Uttar Pradesh,North,26.46523,80.34975,2026-07-30 00:00:00,30.6,15.1
444,54,Kanpur,Uttar Pradesh,North,26.46523,80.34975,2026-07-31 00:00:00,30.0,16.4
445,54,Kanpur,Uttar Pradesh,North,26.46523,80.34975,2026-08-01 00:00:00,30.7,10.9
446,54,Kanpur,Uttar Pradesh,North,26.46523,80.34975,2026-08-02 00:00:00,30.8,6.1
447,54,Kanpur,Uttar Pradesh,North,26.46523,80.34975,2026-08-03 00:00:00,29.4,7.0
448,54,Kanpur,Uttar Pradesh,North,26.46523,80.34975,2026-08-04 00:00:00,28.5,4.6
449,54,Kanpur,Uttar Pradesh,North,26.46523,80.34975,2026-08-05 00:00:00,27.3,6.1
450,54,Kanpur,Uttar Pradesh,North,26.46523,80.34975,2026-08-06 00:00:00,26.8,6.7
451,54,Kanpur,Uttar Pradesh,North,26.46523,80.34975,2026-08-07 00:00:00,29.0,9.5
452,54,Kanpur,Uttar Pradesh,North,26.46523,80.34975,2026-08-08 00:00:00,29.7,9.4
453,2,Agra,Uttar Pradesh,North,27.18333,78.01667,2026-07-10 00:00:00,31.2,12.0
454,2,Agra,Uttar Pradesh,North,27.18333,78.01667,2026-07-11 00:00:00,31.4,11.5
455,2,Agra,Uttar Pradesh,North,27.18333,78.01667,2026-07-12 00:00:00,32.1,12.6
456,2,Agra,Uttar Pradesh,North,27.18333,78.01667,2026-07-13 00:00:00,32.2,12.1
457,2,Agra,Uttar Pradesh,North,27.18333,78.01667,2026-07-14 00:00:00,32.3,10.1
458,2,Agra,Uttar Pradesh,North,27.18333,78.01667,2026-07-15 00:00:00,31.1,9.2
459,2,Agra,Uttar Pradesh,North,27.18333,78.01667,2026-07-16 00:00:00,33.3,10.0
460,2,Agra,Uttar Pradesh,North,27.18333,78.01667,2026-07-17 00:00:00,34.3,10.4
461,2,Agra,Uttar Pradesh,North,27.18333,78.01667,2026-07-18 00:00:00,33.9,10.3
462,2,Agra,Uttar Pradesh,North,27.18333,78.01667,2026-07-19 00:00:00,31.8,8.6
463,2,Agra,Uttar Pradesh,North,27.18333,78.01667,2026-07-20 00:00:00,28.1,9.9
464,2,Agra,Uttar Pradesh,North,27.18333,78.01667,2026-07-21 00:00:00,27.7,4.2
465,2,Agra,Uttar Pradesh,North,27.18333,78.01667,2026-07-22 00:00:00,29.1,12.0
466,2,Agra,Uttar Pradesh,North,27.18333,78.01667,2026-07-23 00:00:00,29.0,12.0
467,2,Agra,Uttar Pradesh,North,27.18333,78.01667,2026-07-24 00:00:00,29.6,9.9
468,2,Agra,Uttar Pradesh,North,27.18333,78.01667,2026-07-25 00:00:00,30.3,8.6
469,2,Agra,Uttar Pradesh,North,27.18333,78.01667,2026-07-26 00:00:00,31.2,5.2
470,2,Agra,Uttar Pradesh,North,27.18333,78.01667,2026-07-27 00:00:00,31.0,6.9
471,2,Agra,Uttar Pradesh,North,27.18333,78.01667,2026-07-28 00:00:00,29.0,5.3
472,2,Agra,Uttar Pradesh,North,27.18333,78.01667,2026-07-29 00:00:00,29.5,4.2
473,2,Agra,Uttar Pradesh,North,27.18333,78.01667,2026-07-30 00:00:00,30.5,9.1
474,2,Agra,Uttar Pradesh,North,27.18333,78.01667,2026-07-31 00:00:00,30.2,13.5
475,2,Agra,Uttar Pradesh,North,27.18333,78.01667,2026-08-01 00:00:00,30.3,11.3
476,2,Agra,Uttar Pradesh,North,27.18333,78.01667,2026-08-02 00:00:00,30.2,7.5
477,2,Agra,Uttar Pradesh,North,27.18333,78.01667,2026-08-03 00:00:00,28.8,5.5
478,2,Agra,Uttar Pradesh,North,27.18333,78.01667,2026-08-04 00:00:00,27.8,6.8
479,2,Agra,Uttar Pradesh,North,27.18333,78.01667,2026-08-05 00:00:00,28.2,7.8
480,2,Agra,Uttar Pradesh,North,27.18333,78.01667,2026-08-06 00:00:00,27.3,10.5
481,2,Agra,Uttar Pradesh,North,27.18333,78.01667,2026-08-07 00:00:00,27.6,7.6
482,2,Agra,Uttar Pradesh,North,27.18333,78.01667,2026-08-08 00:00:00,28.9,8.2
483,115,Varanasi,Uttar Pradesh,North,25.31668,83.01041,2026-07-10 00:00:00,29.3,11.6
484,115,Varanasi,Uttar Pradesh,North,25.31668,83.01041,2026-07-11 00:00:00,29.9,12.1
485,115,Varanasi,Uttar Pradesh,North,25.31668,83.01041,2026-07-12 00:00:00,31.3,13.6
486,115,Varanasi,Uttar Pradesh,North,25.31668,83.01041,2026-07-13 00:00:00,31.3,11.7
487,115,Varanasi,Uttar Pradesh,North,25.31668,83.01041,2026-07-14 00:00:00,31.9,5.4
488,115,Varanasi,Uttar Pradesh,North,25.31668,83.01041,2026-07-15 00:00:00,31.0,6.0
489,115,Varanasi,Uttar Pradesh,North,25.31668,83.01041,2026-07-16 00:00:00,30.6,5.4
490,115,Varanasi,Uttar Pradesh,North,25.31668,83.01041,2026-07-17 00:00:00,29.8,4.5
491,115,Varanasi,Uttar Pradesh,North,25.31668,83.01041,2026-07-18 00:00:00,29.4,4.6
492,115,Varanasi,Uttar Pradesh,North,25.31668,83.01041,2026-07-19 00:00:00,28.1,4.3
493,115,Varanasi,Uttar Pradesh,North,25.31668,83.01041,2026-07-20 00:00:00,27.3,3.1
494,115,Varanasi,Uttar Pradesh,North,25.31668,83.01041,2026-07-21 00:00:00,27.9,9.5
495,115,Varanasi,Uttar Pradesh,North,25.31668,83.01041,2026-07-22 00:00:00,28.2,13.6
496,115,Varanasi,Uttar Pradesh,North,25.31668,83.01041,2026-07-23 00:00:00,28.1,9.3
497,115,Varanasi,Uttar Pradesh,North,25.31668,83.01041,2026-07-24 00:00:00,29.0,3.8
498,115,Varanasi,Uttar Pradesh,North,25.31668,83.01041,2026-07-25 00:00:00,30.4,4.5
499,115,Varanasi,Uttar Pradesh,North,25.31668,83.01041,2026-07-26 00:00:00,31.4,4.1
500,115,Varanasi,Uttar Pradesh,North,25.31668,83.01041,2026-07-27 00:00:00,30.5,4.5
501,115,Varanasi,Uttar Pradesh,North,25.31668,83.01041,2026-07-28 00:00:00,30.2,5.9
502,115,Varanasi,Uttar Pradesh,North,25.31668,83.01041,2026-07-29 00:00:00,30.0,14.0
503,115,Varanasi,Uttar Pradesh,North,25.31668,83.01041,2026-07-30 00:00:00,29.6,16.5
504,115,Varanasi,Uttar Pradesh,North,25.31668,83.01041,2026-07-31 00:00:00,29.8,13.8
505,115,Varanasi,Uttar Pradesh,North,25.31668,83.01041,2026-08-01 00:00:00,30.1,5.4
506,115,Varanasi,Uttar Pradesh,North,25.31668,83.01041,2026-08-02 00:00:00,30.1,5.0
507,115,Varanasi,Uttar Pradesh,North,25.31668,83.01041,2026-08-03 00:00:00,29.7,6.8
508,115,Varanasi,Uttar Pradesh,North,25.31668,83.01041,2026-08-04 00:00:00,28.7,6.3
509,115,Varanasi,Uttar Pradesh,North,25.31668,83.01041,2026-08-05 00:00:00,28.2,7.5
510,115,Varanasi,Uttar Pradesh,North,25.31668,83.01041,2026-08-06 00:00:00,27.7,5.0
511,115,Varanasi,Uttar Pradesh,North,25.31668,83.01041,2026-08-07 00:00:00,29.4,3.3
512,115,Varanasi,Uttar Pradesh,North,25.31668,83.01041,2026-08-08 00:00:00,29.8,9.0
513,86,Prayagraj,Uttar Pradesh,North,25.44478,81.84322,2026-07-10 00:00:00,29.3,12.1
514,86,Prayagraj,Uttar Pradesh,North,25.44478,81.84322,2026-07-11 00:00:00,30.8,13.9
515,86,Prayagraj,Uttar Pradesh,North,25.44478,81.84322,2026-07-12 00:00:00,31.5,15.6
516,86,Prayagraj,Uttar Pradesh,North,25.44478,81.84322,2026-07-13 00:00:00,31.5,13.6
517,86,Prayagraj,Uttar Pradesh,North,25.44478,81.84322,2026-07-14 00:00:00,32.3,8.7
518,86,Prayagraj,Uttar Pradesh,North,25.44478,81.84322,2026-07-15 00:00:00,31.6,5.5
519,86,Prayagraj,Uttar Pradesh,North,25.44478,81.84322,2026-07-16 00:00:00,31.0,6.8
520,86,Prayagraj,Uttar Pradesh,North,25.44478,81.84322,2026-07-17 00:00:00,29.9,4.5
521,86,Prayagraj,Uttar Pradesh,North,25.44478,81.84322,2026-07-18 00:00:00,30.1,5.4
522,86,Prayagraj,Uttar Pradesh,North,25.44478,81.84322,2026-07-19 00:00:00,28.7,4.2
523,86,Prayagraj,Uttar Pradesh,North,25.44478,81.84322,2026-07-20 00:00:00,28.0,4.0
524,86,Prayagraj,Uttar Pradesh,North,25.44478,81.84322,2026-07-21 00:00:00,27.5,7.4
525,86,Prayagraj,Uttar Pradesh,North,25.44478,81.84322,2026-07-22 00:00:00,28.3,11.7
526,86,Prayagraj,Uttar Pradesh,North,25.44478,81.84322,2026-07-23 00:00:00,28.1,10.0
527,86,Prayagraj,Uttar Pradesh,North,25.44478,81.84322,2026-07-24 00:00:00,29.2,5.7
528,86,Prayagraj,Uttar Pradesh,North,25.44478,81.84322,2026-07-25 00:00:00,29.9,4.2
529,86,Prayagraj,Uttar Pradesh,North,25.44478,81.84322,2026-07-26 00:00:00,30.8,3.3
530,86,Prayagraj,Uttar Pradesh,North,25.44478,81.84322,2026-07-27 00:00:00,30.7,3.9
531,86,Prayagraj,Uttar Pradesh,North,25.44478,81.84322,2026-07-28 00:00:00,30.2,4.7
532,86,Prayagraj,Uttar Pradesh,North,25.44478,81.84322,2026-07-29 00:00:00,30.2,12.8
533,86,Prayagraj,Uttar Pradesh,North,25.44478,81.84322,2026-07-30 00:00:00,29.7,16.3
534,86,Prayagraj,Uttar Pradesh,North,25.44478,81.84322,2026-07-31 00:00:00,29.7,15.2
535,86,Prayagraj,Uttar Pradesh,North,25.44478,81.84322,2026-08-01 00:00:00,30.7,8.0
536,86,Prayagraj,Uttar Pradesh,North,25.44478,81.84322,2026-08-02 00:00:00,30.8,5.3
537,86,Prayagraj,Uttar Pradesh,North,25.44478,81.84322,2026-08-03 00:00:00,29.7,5.2
538,86,Prayagraj,Uttar Pradesh,North,25.44478,81.84322,2026-08-04 00:00:00,28.6,5.2
539,86,Prayagraj,Uttar Pradesh,North,25.44478,81.84322,2026-08-05 00:00:00,27.9,9.4
540,86,Prayagraj,Uttar Pradesh,North,25.44478,81.84322,2026-08-06 00:00:00,27.0,6.2
541,86,Prayagraj,Uttar Pradesh,North,25.44478,81.84322,2026-08-07 00:00:00,29.5,4.8
542,86,Prayagraj,Uttar Pradesh,North,25.44478,81.84322,2026-08-08 00:00:00,29.3,6.6
543,71,Meerut,Uttar Pradesh,North,28.98002,77.70636,2026-07-10 00:00:00,27.7,7.9
544,71,Meerut,Uttar Pradesh,North,28.98002,77.70636,2026-07-11 00:00:00,29.3,5.4
545,71,Meerut,Uttar Pradesh,North,28.98002,77.70636,2026-07-12 00:00:00,31.0,9.1
546,71,Meerut,Uttar Pradesh,North,28.98002,77.70636,2026-07-13 00:00:00,31.6,9.4
547,71,Meerut,Uttar Pradesh,North,28.98002,77.70636,2026-07-14 00:00:00,30.9,9.3
548,71,Meerut,Uttar Pradesh,North,28.98002,77.70636,2026-07-15 00:00:00,30.1,9.4
549,71,Meerut,Uttar Pradesh,North,28.98002,77.70636,2026-07-16 00:00:00,31.9,8.7
550,71,Meerut,Uttar Pradesh,North,28.98002,77.70636,2026-07-17 00:00:00,32.3,5.8
551,71,Meerut,Uttar Pradesh,North,28.98002,77.70636,2026-07-18 00:00:00,31.5,7.2
552,71,Meerut,Uttar Pradesh,North,28.98002,77.70636,2026-07-19 00:00:00,29.8,7.8
553,71,Meerut,Uttar Pradesh,North,28.98002,77.70636,2026-07-20 00:00:00,28.1,7.2
554,71,Meerut,Uttar Pradesh,North,28.98002,77.70636,2026-07-21 00:00:00,27.5,12.4
555,71,Meerut,Uttar Pradesh,North,28.98002,77.70636,2026-07-22 00:00:00,28.5,13.0
556,71,Meerut,Uttar Pradesh,North,28.98002,77.70636,2026-07-23 00:00:00,29.4,14.8
557,71,Meerut,Uttar Pradesh,North,28.98002,77.70636,2026-07-24 00:00:00,28.5,13.6
558,71,Meerut,Uttar Pradesh,North,28.98002,77.70636,2026-07-25 00:00:00,28.4,12.1
559,71,Meerut,Uttar Pradesh,North,28.98002,77.70636,2026-07-26 00:00:00,30.0,4.4
560,71,Meerut,Uttar Pradesh,North,28.98002,77.70636,2026-07-27 00:00:00,30.8,4.8
561,71,Meerut,Uttar Pradesh,North,28.98002,77.70636,2026-07-28 00:00:00,27.6,6.3
562,71,Meerut,Uttar Pradesh,North,28.98002,77.70636,2026-07-29 00:00:00,28.7,4.8
563,71,Meerut,Uttar Pradesh,North,28.98002,77.70636,2026-07-30 00:00:00,29.5,7.6
564,71,Meerut,Uttar Pradesh,North,28.98002,77.70636,2026-07-31 00:00:00,29.4,13.4
565,71,Meerut,Uttar Pradesh,North,28.98002,77.70636,2026-08-01 00:00:00,29.0,11.3
566,71,Meerut,Uttar Pradesh,North,28.98002,77.70636,2026-08-02 00:00:00,28.8,6.9
567,71,Meerut,Uttar Pradesh,North,28.98002,77.70636,2026-08-03 00:00:00,29.0,8.2
568,71,Meerut,Uttar Pradesh,North,28.98002,77.70636,2026-08-04 00:00:00,28.1,5.4
569,71,Meerut,Uttar Pradesh,North,28.98002,77.70636,2026-08-05 00:00:00,28.1,4.4
570,71,Meerut,Uttar Pradesh,North,28.98002,77.70636,2026-08-06 00:00:00,27.0,5.6
571,71,Meerut,Uttar Pradesh,North,28.98002,77.70636,2026-08-07 00:00:00,27.0,10.4
572,71,Meerut,Uttar Pradesh,North,28.98002,77.70636,2026-08-08 00:00:00,29.4,10.2
573,34,Ghaziabad,Uttar Pradesh,North,28.66535,77.43915,2026-07-10 00:00:00,28.8,8.9
574,34,Ghaziabad,Uttar Pradesh,North,28.66535,77.43915,2026-07-11 00:00:00,30.2,5.4
575,34,Ghaziabad,Uttar Pradesh,North,28.66535,77.43915,2026-07-12 00:00:00,31.9,8.3
576,34,Ghaziabad,Uttar Pradesh,North,28.66535,77.43915,2026-07-13 00:00:00,32.1,8.7
577,34,Ghaziabad,Uttar Pradesh,North,28.66535,77.43915,2026-07-14 00:00:00,31.1,9.6
578,34,Ghaziabad,Uttar Pradesh,North,28.66535,77.43915,2026-07-15 00:00:00,30.2,8.2
579,34,Ghaziabad,Uttar Pradesh,North,28.66535,77.43915,2026-07-16 00:00:00,32.8,8.6
580,34,Ghaziabad,Uttar Pradesh,North,28.66535,77.43915,2026-07-17 00:00:00,32.7,6.1
581,34,Ghaziabad,Uttar Pradesh,North,28.66535,77.43915,2026-07-18 00:00:00,32.4,8.3
582,34,Ghaziabad,Uttar Pradesh,North,28.66535,77.43915,2026-07-19 00:00:00,30.9,6.4
583,34,Ghaziabad,Uttar Pradesh,North,28.66535,77.43915,2026-07-20 00:00:00,28.2,7.1
584,34,Ghaziabad,Uttar Pradesh,North,28.66535,77.43915,2026-07-21 00:00:00,27.7,10.5
585,34,Ghaziabad,Uttar Pradesh,North,28.66535,77.43915,2026-07-22 00:00:00,28.7,12.4
586,34,Ghaziabad,Uttar Pradesh,North,28.66535,77.43915,2026-07-23 00:00:00,29.2,13.3
587,34,Ghaziabad,Uttar Pradesh,North,28.66535,77.43915,2026-07-24 00:00:00,28.7,13.2
588,34,Ghaziabad,Uttar Pradesh,North,28.66535,77.43915,2026-07-25 00:00:00,29.0,12.2
589,34,Ghaziabad,Uttar Pradesh,North,28.66535,77.43915,2026-07-26 00:00:00,30.2,4.3
590,34,Ghaziabad,Uttar Pradesh,North,28.66535,77.43915,2026-07-27 00:00:00,31.0,5.3
591,34,Ghaziabad,Uttar Pradesh,North,28.66535,77.43915,2026-07-28 00:00:00,27.5,7.0
592,34,Ghaziabad,Uttar Pradesh,North,28.66535,77.43915,2026-07-29 00:00:00,28.9,4.4
593,34,Ghaziabad,Uttar Pradesh,North,28.66535,77.43915,2026-07-30 00:00:00,29.6,8.1
594,34,Ghaziabad,Uttar Pradesh,North,28.66535,77.43915,2026-07-31 00:00:00,29.7,12.8
595,34,Ghaziabad,Uttar Pradesh,North,28.66535,77.43915,2026-08-01 00:00:00,29.1,11.3
596,34,Ghaziabad,Uttar Pradesh,North,28.66535,77.43915,2026-08-02 00:00:00,28.7,7.7
597,34,Ghaziabad,Uttar Pradesh,North,28.66535,77.43915,2026-08-03 00:00:00,28.7,6.8
598,34,Ghaziabad,Uttar Pradesh,North,28.66535,77.43915,2026-08-04 00:00:00,27.8,4.6
599,34,Ghaziabad,Uttar Pradesh,North,28.66535,77.43915,2026-08-05 00:00:00,28.6,4.5
600,34,Ghaziabad,Uttar Pradesh,North,28.66535,77.43915,2026-08-06 00:00:00,27.0,6.3
601,34,Ghaziabad,Uttar Pradesh,North,28.66535,77.43915,2026-08-07 00:00:00,26.7,10.9
602,34,Ghaziabad,Uttar Pradesh,North,28.66535,77.43915,2026-08-08 00:00:00,28.3,8.3
603,81,Noida,Uttar Pradesh,North,28.58,77.33,2026-07-10 00:00:00,29.3,7.2
604,81,Noida,Uttar Pradesh,North,28.58,77.33,2026-07-11 00:00:00,30.8,4.6
605,81,Noida,Uttar Pradesh,North,28.58,77.33,2026-07-12 00:00:00,32.1,7.7
606,81,Noida,Uttar Pradesh,North,28.58,77.33,2026-07-13 00:00:00,32.3,8.1
607,81,Noida,Uttar Pradesh,North,28.58,77.33,2026-07-14 00:00:00,31.0,8.4
608,81,Noida,Uttar Pradesh,North,28.58,77.33,2026-07-15 00:00:00,30.8,6.9
609,81,Noida,Uttar Pradesh,North,28.58,77.33,2026-07-16 00:00:00,34.3,8.4
610,81,Noida,Uttar Pradesh,North,28.58,77.33,2026-07-17 00:00:00,34.3,6.5
611,81,Noida,Uttar Pradesh,North,28.58,77.33,2026-07-18 00:00:00,33.9,7.9
612,81,Noida,Uttar Pradesh,North,28.58,77.33,2026-07-19 00:00:00,32.5,7.0
613,81,Noida,Uttar Pradesh,North,28.58,77.33,2026-07-20 00:00:00,28.5,5.8
614,81,Noida,Uttar Pradesh,North,28.58,77.33,2026-07-21 00:00:00,27.5,8.0
615,81,Noida,Uttar Pradesh,North,28.58,77.33,2026-07-22 00:00:00,28.5,10.4
616,81,Noida,Uttar Pradesh,North,28.58,77.33,2026-07-23 00:00:00,28.9,10.8
617,81,Noida,Uttar Pradesh,North,28.58,77.33,2026-07-24 00:00:00,28.7,10.4
618,81,Noida,Uttar Pradesh,North,28.58,77.33,2026-07-25 00:00:00,29.2,9.9
619,81,Noida,Uttar Pradesh,North,28.58,77.33,2026-07-26 00:00:00,30.5,3.9
620,81,Noida,Uttar Pradesh,North,28.58,77.33,2026-07-27 00:00:00,31.6,3.9
621,81,Noida,Uttar Pradesh,North,28.58,77.33,2026-07-28 00:00:00,27.7,6.6
622,81,Noida,Uttar Pradesh,North,28.58,77.33,2026-07-29 00:00:00,29.3,3.0
623,81,Noida,Uttar Pradesh,North,28.58,77.33,2026-07-30 00:00:00,29.8,6.4
624,81,Noida,Uttar Pradesh,North,28.58,77.33,2026-07-31 00:00:00,29.7,10.8
625,81,Noida,Uttar Pradesh,North,28.58,77.33,2026-08-01 00:00:00,29.2,9.9
626,81,Noida,Uttar Pradesh,North,28.58,77.33,2026-08-02 00:00:00,28.9,7.4
627,81,Noida,Uttar Pradesh,North,28.58,77.33,2026-08-03 00:00:00,28.9,6.1
628,81,Noida,Uttar Pradesh,North,28.58,77.33,2026-08-04 00:00:00,27.6,4.4
629,81,Noida,Uttar Pradesh,North,28.58,77.33,2026-08-05 00:00:00,28.6,4.2
630,81,Noida,Uttar Pradesh,North,28.58,77.33,2026-08-06 00:00:00,27.2,4.9
631,81,Noida,Uttar Pradesh,North,28.58,77.33,2026-08-07 00:00:00,26.5,9.2
632,81,Noida,Uttar Pradesh,North,28.58,77.33,2026-08-08 00:00:00,28.0,7.5
633,10,Bareilly,Uttar Pradesh,North,28.36678,79.43167,2026-07-10 00:00:00,28.1,8.4
634,10,Bareilly,Uttar Pradesh,North,28.36678,79.43167,2026-07-11 00:00:00,28.9,7.6
635,10,Bareilly,Uttar Pradesh,North,28.36678,79.43167,2026-07-12 00:00:00,30.6,7.4
636,10,Bareilly,Uttar Pradesh,North,28.36678,79.43167,2026-07-13 00:00:00,32.0,12.5
637,10,Bareilly,Uttar Pradesh,North,28.36678,79.43167,2026-07-14 00:00:00,31.5,7.8
638,10,Bareilly,Uttar Pradesh,North,28.36678,79.43167,2026-07-15 00:00:00,30.8,5.7
639,10,Bareilly,Uttar Pradesh,North,28.36678,79.43167,2026-07-16 00:00:00,31.2,5.4
640,10,Bareilly,Uttar Pradesh,North,28.36678,79.43167,2026-07-17 00:00:00,29.7,8.2
641,10,Bareilly,Uttar Pradesh,North,28.36678,79.43167,2026-07-18 00:00:00,28.6,6.8
642,10,Bareilly,Uttar Pradesh,North,28.36678,79.43167,2026-07-19 00:00:00,27.5,9.8
643,10,Bareilly,Uttar Pradesh,North,28.36678,79.43167,2026-07-20 00:00:00,26.5,10.2
644,10,Bareilly,Uttar Pradesh,North,28.36678,79.43167,2026-07-21 00:00:00,27.9,13.6
645,10,Bareilly,Uttar Pradesh,North,28.36678,79.43167,2026-07-22 00:00:00,28.9,14.1
646,10,Bareilly,Uttar Pradesh,North,28.36678,79.43167,2026-07-23 00:00:00,29.4,16.8
647,10,Bareilly,Uttar Pradesh,North,28.36678,79.43167,2026-07-24 00:00:00,28.4,14.0
648,10,Bareilly,Uttar Pradesh,North,28.36678,79.43167,2026-07-25 00:00:00,28.3,10.7
649,10,Bareilly,Uttar Pradesh,North,28.36678,79.43167,2026-07-26 00:00:00,30.4,3.5
650,10,Bareilly,Uttar Pradesh,North,28.36678,79.43167,2026-07-27 00:00:00,29.3,4.8
651,10,Bareilly,Uttar Pradesh,North,28.36678,79.43167,2026-07-28 00:00:00,29.0,6.1
652,10,Bareilly,Uttar Pradesh,North,28.36678,79.43167,2026-07-29 00:00:00,29.2,4.2
653,10,Bareilly,Uttar Pradesh,North,28.36678,79.43167,2026-07-30 00:00:00,30.0,9.2
654,10,Bareilly,Uttar Pradesh,North,28.36678,79.43167,2026-07-31 00:00:00,29.4,15.4
655,10,Bareilly,Uttar Pradesh,North,28.36678,79.43167,2026-08-01 00:00:00,29.1,12.7
656,10,Bareilly,Uttar Pradesh,North,28.36678,79.43167,2026-08-02 00:00:00,29.3,9.0
657,10,Bareilly,Uttar Pradesh,North,28.36678,79.43167,2026-08-03 00:00:00,28.7,8.3
658,10,Bareilly,Uttar Pradesh,North,28.36678,79.43167,2026-08-04 00:00:00,27.8,9.0
659,10,Bareilly,Uttar Pradesh,North,28.36678,79.43167,2026-08-05 00:00:00,28.3,4.7
660,10,Bareilly,Uttar Pradesh,North,28.36678,79.43167,2026-08-06 00:00:00,27.1,10.8
661,10,Bareilly,Uttar Pradesh,North,28.36678,79.43167,2026-08-07 00:00:00,28.3,12.7
662,10,Bareilly,Uttar Pradesh,North,28.36678,79.43167,2026-08-08 00:00:00,29.9,12.2
663,35,Gorakhpur,Uttar Pradesh,North,26.76628,83.36889,2026-07-10 00:00:00,28.3,6.4
664,35,Gorakhpur,Uttar Pradesh,North,26.76628,83.36889,2026-07-11 00:00:00,28.6,8.1
665,35,Gorakhpur,Uttar Pradesh,North,26.76628,83.36889,2026-07-12 00:00:00,29.5,12.7
666,35,Gorakhpur,Uttar Pradesh,North,26.76628,83.36889,2026-07-13 00:00:00,30.0,9.1
667,35,Gorakhpur,Uttar Pradesh,North,26.76628,83.36889,2026-07-14 00:00:00,29.5,5.8
668,35,Gorakhpur,Uttar Pradesh,North,26.76628,83.36889,2026-07-15 00:00:00,29.5,6.1
669,35,Gorakhpur,Uttar Pradesh,North,26.76628,83.36889,2026-07-16 00:00:00,28.5,8.1
670,35,Gorakhpur,Uttar Pradesh,North,26.76628,83.36889,2026-07-17 00:00:00,29.8,4.6
671,35,Gorakhpur,Uttar Pradesh,North,26.76628,83.36889,2026-07-18 00:00:00,28.9,7.2
672,35,Gorakhpur,Uttar Pradesh,North,26.76628,83.36889,2026-07-19 00:00:00,27.4,8.3
673,35,Gorakhpur,Uttar Pradesh,North,26.76628,83.36889,2026-07-20 00:00:00,27.2,8.2
674,35,Gorakhpur,Uttar Pradesh,North,26.76628,83.36889,2026-07-21 00:00:00,28.7,15.0
675,35,Gorakhpur,Uttar Pradesh,North,26.76628,83.36889,2026-07-22 00:00:00,28.9,17.1
676,35,Gorakhpur,Uttar Pradesh,North,26.76628,83.36889,2026-07-23 00:00:00,28.4,14.3
677,35,Gorakhpur,Uttar Pradesh,North,26.76628,83.36889,2026-07-24 00:00:00,28.5,7.6
678,35,Gorakhpur,Uttar Pradesh,North,26.76628,83.36889,2026-07-25 00:00:00,30.1,8.5
679,35,Gorakhpur,Uttar Pradesh,North,26.76628,83.36889,2026-07-26 00:00:00,31.7,3.1
680,35,Gorakhpur,Uttar Pradesh,North,26.76628,83.36889,2026-07-27 00:00:00,30.1,5.5
681,35,Gorakhpur,Uttar Pradesh,North,26.76628,83.36889,2026-07-28 00:00:00,30.7,6.6
682,35,Gorakhpur,Uttar Pradesh,North,26.76628,83.36889,2026-07-29 00:00:00,30.7,14.0
683,35,Gorakhpur,Uttar Pradesh,North,26.76628,83.36889,2026-07-30 00:00:00,30.1,18.4
684,35,Gorakhpur,Uttar Pradesh,North,26.76628,83.36889,2026-07-31 00:00:00,29.5,17.9
685,35,Gorakhpur,Uttar Pradesh,North,26.76628,83.36889,2026-08-01 00:00:00,29.5,9.5
686,35,Gorakhpur,Uttar Pradesh,North,26.76628,83.36889,2026-08-02 00:00:00,28.1,6.3
687,35,Gorakhpur,Uttar Pradesh,North,26.76628,83.36889,2026-08-03 00:00:00,28.3,6.3
688,35,Gorakhpur,Uttar Pradesh,North,26.76628,83.36889,2026-08-04 00:00:00,28.1,5.4
689,35,Gorakhpur,Uttar Pradesh,North,26.76628,83.36889,2026-08-05 00:00:00,27.9,7.2
690,35,Gorakhpur,Uttar Pradesh,North,26.76628,83.36889,2026-08-06 00:00:00,27.9,11.9
691,35,Gorakhpur,Uttar Pradesh,North,26.76628,83.36889,2026-08-07 00:00:00,29.7,6.6
692,35,Gorakhpur,Uttar Pradesh,North,26.76628,83.36889,2026-08-08 00:00:00,30.3,13.4
693,70,Mathura,Uttar Pradesh,North,27.5035,77.67215,2026-07-10 00:00:00,31.2,12.5
694,70,Mathura,Uttar Pradesh,North,27.5035,77.67215,2026-07-11 00:00:00,31.4,10.7
695,70,Mathura,Uttar Pradesh,North,27.5035,77.67215,2026-07-12 00:00:00,32.3,13.1
696,70,Mathura,Uttar Pradesh,North,27.5035,77.67215,2026-07-13 00:00:00,32.5,13.4
697,70,Mathura,Uttar Pradesh,North,27.5035,77.67215,2026-07-14 00:00:00,32.2,10.3
698,70,Mathura,Uttar Pradesh,North,27.5035,77.67215,2026-07-15 00:00:00,30.0,8.9
699,70,Mathura,Uttar Pradesh,North,27.5035,77.67215,2026-07-16 00:00:00,32.7,9.9
700,70,Mathura,Uttar Pradesh,North,27.5035,77.67215,2026-07-17 00:00:00,33.1,10.0
701,70,Mathura,Uttar Pradesh,North,27.5035,77.67215,2026-07-18 00:00:00,33.1,8.9
702,70,Mathura,Uttar Pradesh,North,27.5035,77.67215,2026-07-19 00:00:00,31.1,8.6
703,70,Mathura,Uttar Pradesh,North,27.5035,77.67215,2026-07-20 00:00:00,28.5,10.4
704,70,Mathura,Uttar Pradesh,North,27.5035,77.67215,2026-07-21 00:00:00,27.1,4.6
705,70,Mathura,Uttar Pradesh,North,27.5035,77.67215,2026-07-22 00:00:00,29.2,12.8
706,70,Mathura,Uttar Pradesh,North,27.5035,77.67215,2026-07-23 00:00:00,29.1,13.9
707,70,Mathura,Uttar Pradesh,North,27.5035,77.67215,2026-07-24 00:00:00,29.6,10.9
708,70,Mathura,Uttar Pradesh,North,27.5035,77.67215,2026-07-25 00:00:00,30.3,11.1
709,70,Mathura,Uttar Pradesh,North,27.5035,77.67215,2026-07-26 00:00:00,31.2,6.0
710,70,Mathura,Uttar Pradesh,North,27.5035,77.67215,2026-07-27 00:00:00,31.2,6.2
711,70,Mathura,Uttar Pradesh,North,27.5035,77.67215,2026-07-28 00:00:00,29.3,7.1
712,70,Mathura,Uttar Pradesh,North,27.5035,77.67215,2026-07-29 00:00:00,29.1,4.1
713,70,Mathura,Uttar Pradesh,North,27.5035,77.67215,2026-07-30 00:00:00,30.3,9.5
714,70,Mathura,Uttar Pradesh,North,27.5035,77.67215,2026-07-31 00:00:00,30.0,14.2
715,70,Mathura,Uttar Pradesh,North,27.5035,77.67215,2026-08-01 00:00:00,30.1,11.1
716,70,Mathura,Uttar Pradesh,North,27.5035,77.67215,2026-08-02 00:00:00,30.2,8.5
717,70,Mathura,Uttar Pradesh,North,27.5035,77.67215,2026-08-03 00:00:00,28.3,6.5
718,70,Mathura,Uttar Pradesh,North,27.5035,77.67215,2026-08-04 00:00:00,27.9,6.8
719,70,Mathura,Uttar Pradesh,North,27.5035,77.67215,2026-08-05 00:00:00,28.7,6.9
720,70,Mathura,Uttar Pradesh,North,27.5035,77.67215,2026-08-06 00:00:00,27.5,10.3
721,70,Mathura,Uttar Pradesh,North,27.5035,77.67215,2026-08-07 00:00:00,27.5,7.5
722,70,Mathura,Uttar Pradesh,North,27.5035,77.67215,2026-08-08 00:00:00,28.8,9.6
723,25,Dehradun,Uttarakhand,North,30.32443,78.03392,2026-07-10 00:00:00,24.2,5.7
724,25,Dehradun,Uttarakhand,North,30.32443,78.03392,2026-07-11 00:00:00,25.4,2.5
725,25,Dehradun,Uttarakhand,North,30.32443,78.03392,2026-07-12 00:00:00,27.1,4.2
726,25,Dehradun,Uttarakhand,North,30.32443,78.03392,2026-07-13 00:00:00,27.9,5.1
727,25,Dehradun,Uttarakhand,North,30.32443,78.03392,2026-07-14 00:00:00,27.9,4.9
728,25,Dehradun,Uttarakhand,North,30.32443,78.03392,2026-07-15 00:00:00,27.2,3.4
729,25,Dehradun,Uttarakhand,North,30.32443,78.03392,2026-07-16 00:00:00,28.1,5.8
730,25,Dehradun,Uttarakhand,North,30.32443,78.03392,2026-07-17 00:00:00,27.5,6.5
731,25,Dehradun,Uttarakhand,North,30.32443,78.03392,2026-07-18 00:00:00,26.7,3.7
732,25,Dehradun,Uttarakhand,North,30.32443,78.03392,2026-07-19 00:00:00,25.6,4.1
733,25,Dehradun,Uttarakhand,North,30.32443,78.03392,2026-07-20 00:00:00,24.4,5.5
734,25,Dehradun,Uttarakhand,North,30.32443,78.03392,2026-07-21 00:00:00,25.9,2.8
735,25,Dehradun,Uttarakhand,North,30.32443,78.03392,2026-07-22 00:00:00,25.9,3.0
736,25,Dehradun,Uttarakhand,North,30.32443,78.03392,2026-07-23 00:00:00,25.9,2.2
737,25,Dehradun,Uttarakhand,North,30.32443,78.03392,2026-07-24 00:00:00,26.7,3.5
738,25,Dehradun,Uttarakhand,North,30.32443,78.03392,2026-07-25 00:00:00,26.0,3.9
739,25,Dehradun,Uttarakhand,North,30.32443,78.03392,2026-07-26 00:00:00,27.2,2.6
740,25,Dehradun,Uttarakhand,North,30.32443,78.03392,2026-07-27 00:00:00,25.7,3.3
741,25,Dehradun,Uttarakhand,North,30.32443,78.03392,2026-07-28 00:00:00,24.3,4.2
742,25,Dehradun,Uttarakhand,North,30.32443,78.03392,2026-07-29 00:00:00,26.6,4.0
743,25,Dehradun,Uttarakhand,North,30.32443,78.03392,2026-07-30 00:00:00,26.3,4.4
744,25,Dehradun,Uttarakhand,North,30.32443,78.03392,2026-07-31 00:00:00,26.7,3.8
745,25,Dehradun,Uttarakhand,North,30.32443,78.03392,2026-08-01 00:00:00,26.3,3.2
746,25,Dehradun,Uttarakhand,North,30.32443,78.03392,2026-08-02 00:00:00,26.4,2.8
747,25,Dehradun,Uttarakhand,North,30.32443,78.03392,2026-08-03 00:00:00,26.5,3.2
748,25,Dehradun,Uttarakhand,North,30.32443,78.03392,2026-08-04 00:00:00,25.5,4.5
749,25,Dehradun,Uttarakhand,North,30.32443,78.03392,2026-08-05 00:00:00,25.3,3.1
750,25,Dehradun,Uttarakhand,North,30.32443,78.03392,2026-08-06 00:00:00,24.0,5.0
751,25,Dehradun,Uttarakhand,North,30.32443,78.03392,2026-08-07 00:00:00,25.6,5.6
752,25,Dehradun,Uttarakhand,North,30.32443,78.03392,2026-08-08 00:00:00,26.9,3.1
753,38,Haridwar,Uttarakhand,North,29.94791,78.16025,2026-07-10 00:00:00,26.7,6.4
754,38,Haridwar,Uttarakhand,North,29.94791,78.16025,2026-07-11 00:00:00,27.4,5.4
755,38,Haridwar,Uttarakhand,North,29.94791,78.16025,2026-07-12 00:00:00,29.1,6.2
756,38,Haridwar,Uttarakhand,North,29.94791,78.16025,2026-07-13 00:00:00,30.4,6.0
757,38,Haridwar,Uttarakhand,North,29.94791,78.16025,2026-07-14 00:00:00,30.2,7.2
758,38,Haridwar,Uttarakhand,North,29.94791,78.16025,2026-07-15 00:00:00,29.5,6.4
759,38,Haridwar,Uttarakhand,North,29.94791,78.16025,2026-07-16 00:00:00,30.7,6.3
760,38,Haridwar,Uttarakhand,North,29.94791,78.16025,2026-07-17 00:00:00,30.0,5.8
761,38,Haridwar,Uttarakhand,North,29.94791,78.16025,2026-07-18 00:00:00,28.8,4.7
762,38,Haridwar,Uttarakhand,North,29.94791,78.16025,2026-07-19 00:00:00,27.8,6.8
763,38,Haridwar,Uttarakhand,North,29.94791,78.16025,2026-07-20 00:00:00,26.5,8.9
764,38,Haridwar,Uttarakhand,North,29.94791,78.16025,2026-07-21 00:00:00,28.2,5.4
765,38,Haridwar,Uttarakhand,North,29.94791,78.16025,2026-07-22 00:00:00,28.7,7.6
766,38,Haridwar,Uttarakhand,North,29.94791,78.16025,2026-07-23 00:00:00,28.6,5.5
767,38,Haridwar,Uttarakhand,North,29.94791,78.16025,2026-07-24 00:00:00,29.5,9.5
768,38,Haridwar,Uttarakhand,North,29.94791,78.16025,2026-07-25 00:00:00,28.8,8.2
769,38,Haridwar,Uttarakhand,North,29.94791,78.16025,2026-07-26 00:00:00,30.1,3.3
770,38,Haridwar,Uttarakhand,North,29.94791,78.16025,2026-07-27 00:00:00,28.7,4.4
771,38,Haridwar,Uttarakhand,North,29.94791,78.16025,2026-07-28 00:00:00,26.5,4.4
772,38,Haridwar,Uttarakhand,North,29.94791,78.16025,2026-07-29 00:00:00,28.7,5.5
773,38,Haridwar,Uttarakhand,North,29.94791,78.16025,2026-07-30 00:00:00,28.2,7.8
774,38,Haridwar,Uttarakhand,North,29.94791,78.16025,2026-07-31 00:00:00,28.8,7.8
775,38,Haridwar,Uttarakhand,North,29.94791,78.16025,2026-08-01 00:00:00,29.0,7.3
776,38,Haridwar,Uttarakhand,North,29.94791,78.16025,2026-08-02 00:00:00,28.8,5.7
777,38,Haridwar,Uttarakhand,North,29.94791,78.16025,2026-08-03 00:00:00,29.1,5.4
778,38,Haridwar,Uttarakhand,North,29.94791,78.16025,2026-08-04 00:00:00,27.5,4.3
779,38,Haridwar,Uttarakhand,North,29.94791,78.16025,2026-08-05 00:00:00,28.1,3.5
780,38,Haridwar,Uttarakhand,North,29.94791,78.16025,2026-08-06 00:00:00,26.0,5.2
781,38,Haridwar,Uttarakhand,North,29.94791,78.16025,2026-08-07 00:00:00,27.9,4.2
782,38,Haridwar,Uttarakhand,North,29.94791,78.16025,2026-08-08 00:00:00,29.5,7.8
783,98,Shimla,Himachal Pradesh,North,31.10442,77.16662,2026-07-10 00:00:00,16.4,2.4
784,98,Shimla,Himachal Pradesh,North,31.10442,77.16662,2026-07-11 00:00:00,17.9,3.0
785,98,Shimla,Himachal Pradesh,North,31.10442,77.16662,2026-07-12 00:00:00,19.4,5.7
786,98,Shimla,Himachal Pradesh,North,31.10442,77.16662,2026-07-13 00:00:00,19.1,5.7
787,98,Shimla,Himachal Pradesh,North,31.10442,77.16662,2026-07-14 00:00:00,18.5,4.9
788,98,Shimla,Himachal Pradesh,North,31.10442,77.16662,2026-07-15 00:00:00,18.9,7.2
789,98,Shimla,Himachal Pradesh,North,31.10442,77.16662,2026-07-16 00:00:00,19.1,6.7
790,98,Shimla,Himachal Pradesh,North,31.10442,77.16662,2026-07-17 00:00:00,19.0,6.6
791,98,Shimla,Himachal Pradesh,North,31.10442,77.16662,2026-07-18 00:00:00,19.6,7.9
792,98,Shimla,Himachal Pradesh,North,31.10442,77.16662,2026-07-19 00:00:00,19.1,6.2
793,98,Shimla,Himachal Pradesh,North,31.10442,77.16662,2026-07-20 00:00:00,18.4,4.1
794,98,Shimla,Himachal Pradesh,North,31.10442,77.16662,2026-07-21 00:00:00,17.3,3.2
795,98,Shimla,Himachal Pradesh,North,31.10442,77.16662,2026-07-22 00:00:00,17.2,3.7
796,98,Shimla,Himachal Pradesh,North,31.10442,77.16662,2026-07-23 00:00:00,17.3,2.9
797,98,Shimla,Himachal Pradesh,North,31.10442,77.16662,2026-07-24 00:00:00,17.7,3.5
798,98,Shimla,Himachal Pradesh,North,31.10442,77.16662,2026-07-25 00:00:00,17.6,3.6
799,98,Shimla,Himachal Pradesh,North,31.10442,77.16662,2026-07-26 00:00:00,18.2,4.0
800,98,Shimla,Himachal Pradesh,North,31.10442,77.16662,2026-07-27 00:00:00,18.4,5.0
801,98,Shimla,Himachal Pradesh,North,31.10442,77.16662,2026-07-28 00:00:00,17.9,3.7
802,98,Shimla,Himachal Pradesh,North,31.10442,77.16662,2026-07-29 00:00:00,18.1,4.3
803,98,Shimla,Himachal Pradesh,North,31.10442,77.16662,2026-07-30 00:00:00,18.2,4.6
804,98,Shimla,Himachal Pradesh,North,31.10442,77.16662,2026-07-31 00:00:00,17.4,4.1
805,98,Shimla,Himachal Pradesh,North,31.10442,77.16662,2026-08-01 00:00:00,17.7,4.7
806,98,Shimla,Himachal Pradesh,North,31.10442,77.16662,2026-08-02 00:00:00,17.9,3.9
807,98,Shimla,Himachal Pradesh,North,31.10442,77.16662,2026-08-03 00:00:00,17.8,3.5
808,98,Shimla,Himachal Pradesh,North,31.10442,77.16662,2026-08-04 00:00:00,16.9,2.5
809,98,Shimla,Himachal Pradesh,North,31.10442,77.16662,2026-08-05 00:00:00,17.3,3.0
810,98,Shimla,Himachal Pradesh,North,31.10442,77.16662,2026-08-06 00:00:00,17.4,2.9
811,98,Shimla,Himachal Pradesh,North,31.10442,77.16662,2026-08-07 00:00:00,17.6,3.6
812,98,Shimla,Himachal Pradesh,North,31.10442,77.16662,2026-08-08 00:00:00,18.2,3.4
813,48,Jammu,Jammu and Kashmir,North,32.73528,74.86167,2026-07-10 00:00:00,29.3,6.6
814,48,Jammu,Jammu and Kashmir,North,32.73528,74.86167,2026-07-11 00:00:00,28.2,6.8
815,48,Jammu,Jammu and Kashmir,North,32.73528,74.86167,2026-07-12 00:00:00,27.3,5.0
816,48,Jammu,Jammu and Kashmir,North,32.73528,74.86167,2026-07-13 00:00:00,28.5,3.2
817,48,Jammu,Jammu and Kashmir,North,32.73528,74.86167,2026-07-14 00:00:00,29.7,5.3
818,48,Jammu,Jammu and Kashmir,North,32.73528,74.86167,2026-07-15 00:00:00,28.5,4.1
819,48,Jammu,Jammu and Kashmir,North,32.73528,74.86167,2026-07-16 00:00:00,30.3,4.4
820,48,Jammu,Jammu and Kashmir,North,32.73528,74.86167,2026-07-17 00:00:00,30.2,7.8
821,48,Jammu,Jammu and Kashmir,North,32.73528,74.86167,2026-07-18 00:00:00,31.0,5.9
822,48,Jammu,Jammu and Kashmir,North,32.73528,74.86167,2026-07-19 00:00:00,29.4,7.6
823,48,Jammu,Jammu and Kashmir,North,32.73528,74.86167,2026-07-20 00:00:00,27.8,6.2
824,48,Jammu,Jammu and Kashmir,North,32.73528,74.86167,2026-07-21 00:00:00,25.1,8.7
825,48,Jammu,Jammu and Kashmir,North,32.73528,74.86167,2026-07-22 00:00:00,25.3,11.5
826,48,Jammu,Jammu and Kashmir,North,32.73528,74.86167,2026-07-23 00:00:00,25.3,8.4
827,48,Jammu,Jammu and Kashmir,North,32.73528,74.86167,2026-07-24 00:00:00,26.9,7.1
828,48,Jammu,Jammu and Kashmir,North,32.73528,74.86167,2026-07-25 00:00:00,27.2,6.7
829,48,Jammu,Jammu and Kashmir,North,32.73528,74.86167,2026-07-26 00:00:00,29.5,3.1
830,48,Jammu,Jammu and Kashmir,North,32.73528,74.86167,2026-07-27 00:00:00,30.1,4.7
831,48,Jammu,Jammu and Kashmir,North,32.73528,74.86167,2026-07-28 00:00:00,29.1,6.7
832,48,Jammu,Jammu and Kashmir,North,32.73528,74.86167,2026-07-29 00:00:00,27.1,4.7
833,48,Jammu,Jammu and Kashmir,North,32.73528,74.86167,2026-07-30 00:00:00,29.0,6.4
834,48,Jammu,Jammu and Kashmir,North,32.73528,74.86167,2026-07-31 00:00:00,28.1,9.2
835,48,Jammu,Jammu and Kashmir,North,32.73528,74.86167,2026-08-01 00:00:00,29.1,6.9
836,48,Jammu,Jammu and Kashmir,North,32.73528,74.86167,2026-08-02 00:00:00,28.7,4.9
837,48,Jammu,Jammu and Kashmir,North,32.73528,74.86167,2026-08-03 00:00:00,28.1,3.9
838,48,Jammu,Jammu and Kashmir,North,32.73528,74.86167,2026-08-04 00:00:00,28.8,3.7
839,48,Jammu,Jammu and Kashmir,North,32.73528,74.86167,2026-08-05 00:00:00,27.9,4.5
840,48,Jammu,Jammu and Kashmir,North,32.73528,74.86167,2026-08-06 00:00:00,28.0,5.9
841,48,Jammu,Jammu and Kashmir,North,32.73528,74.86167,2026-08-07 00:00:00,27.5,5.9
842,48,Jammu,Jammu and Kashmir,North,32.73528,74.86167,2026-08-08 00:00:00,27.5,4.7
843,103,Srinagar,Jammu and Kashmir,North,34.08565,74.80555,2026-07-10 00:00:00,25.9,3.1
844,103,Srinagar,Jammu and Kashmir,North,34.08565,74.80555,2026-07-11 00:00:00,23.9,3.4
845,103,Srinagar,Jammu and Kashmir,North,34.08565,74.80555,2026-07-12 00:00:00,20.1,4.5
846,103,Srinagar,Jammu and Kashmir,North,34.08565,74.80555,2026-07-13 00:00:00,20.7,2.4
847,103,Srinagar,Jammu and Kashmir,North,34.08565,74.80555,2026-07-14 00:00:00,22.9,2.4
848,103,Srinagar,Jammu and Kashmir,North,34.08565,74.80555,2026-07-15 00:00:00,23.8,2.7
849,103,Srinagar,Jammu and Kashmir,North,34.08565,74.80555,2026-07-16 00:00:00,25.5,2.6
850,103,Srinagar,Jammu and Kashmir,North,34.08565,74.80555,2026-07-17 00:00:00,27.1,2.0
851,103,Srinagar,Jammu and Kashmir,North,34.08565,74.80555,2026-07-18 00:00:00,28.7,2.6
852,103,Srinagar,Jammu and Kashmir,North,34.08565,74.80555,2026-07-19 00:00:00,25.3,3.7
853,103,Srinagar,Jammu and Kashmir,North,34.08565,74.80555,2026-07-20 00:00:00,23.7,3.7
854,103,Srinagar,Jammu and Kashmir,North,34.08565,74.80555,2026-07-21 00:00:00,20.3,4.1
855,103,Srinagar,Jammu and Kashmir,North,34.08565,74.80555,2026-07-22 00:00:00,18.1,2.1
856,103,Srinagar,Jammu and Kashmir,North,34.08565,74.80555,2026-07-23 00:00:00,19.0,3.0
857,103,Srinagar,Jammu and Kashmir,North,34.08565,74.80555,2026-07-24 00:00:00,19.3,2.3
858,103,Srinagar,Jammu and Kashmir,North,34.08565,74.80555,2026-07-25 00:00:00,18.4,3.0
859,103,Srinagar,Jammu and Kashmir,North,34.08565,74.80555,2026-07-26 00:00:00,21.1,3.1
860,103,Srinagar,Jammu and Kashmir,North,34.08565,74.80555,2026-07-27 00:00:00,23.7,2.2
861,103,Srinagar,Jammu and Kashmir,North,34.08565,74.80555,2026-07-28 00:00:00,24.0,3.7
862,103,Srinagar,Jammu and Kashmir,North,34.08565,74.80555,2026-07-29 00:00:00,22.0,2.7
863,103,Srinagar,Jammu and Kashmir,North,34.08565,74.80555,2026-07-30 00:00:00,23.6,3.0
864,103,Srinagar,Jammu and Kashmir,North,34.08565,74.80555,2026-07-31 00:00:00,23.1,3.5
865,103,Srinagar,Jammu and Kashmir,North,34.08565,74.80555,2026-08-01 00:00:00,22.5,3.5
866,103,Srinagar,Jammu and Kashmir,North,34.08565,74.80555,2026-08-02 00:00:00,23.4,3.0
867,103,Srinagar,Jammu and Kashmir,North,34.08565,74.80555,2026-08-03 00:00:00,23.7,2.8
868,103,Srinagar,Jammu and Kashmir,North,34.08565,74.80555,2026-08-04 00:00:00,23.0,3.9
869,103,Srinagar,Jammu and Kashmir,North,34.08565,74.80555,2026-08-05 00:00:00,23.4,3.1
870,103,Srinagar,Jammu and Kashmir,North,34.08565,74.80555,2026-08-06 00:00:00,21.8,4.2
871,103,Srinagar,Jammu and Kashmir,North,34.08565,74.80555,2026-08-07 00:00:00,22.2,3.3
872,103,Srinagar,Jammu and Kashmir,North,34.08565,74.80555,2026-08-08 00:00:00,20.8,4.1
873,64,Leh,Ladakh,North,34.16504,77.58402,2026-07-10 00:00:00,15.2,2.7
874,64,Leh,Ladakh,North,34.16504,77.58402,2026-07-11 00:00:00,14.1,3.8
875,64,Leh,Ladakh,North,34.16504,77.58402,2026-07-12 00:00:00,12.9,3.3
876,64,Leh,Ladakh,North,34.16504,77.58402,2026-07-13 00:00:00,13.0,3.3
877,64,Leh,Ladakh,North,34.16504,77.58402,2026-07-14 00:00:00,13.4,4.0
878,64,Leh,Ladakh,North,34.16504,77.58402,2026-07-15 00:00:00,12.4,2.2
879,64,Leh,Ladakh,North,34.16504,77.58402,2026-07-16 00:00:00,15.6,3.2
880,64,Leh,Ladakh,North,34.16504,77.58402,2026-07-17 00:00:00,18.3,2.7
881,64,Leh,Ladakh,North,34.16504,77.58402,2026-07-18 00:00:00,20.1,3.1
882,64,Leh,Ladakh,North,34.16504,77.58402,2026-07-19 00:00:00,19.7,4.3
883,64,Leh,Ladakh,North,34.16504,77.58402,2026-07-20 00:00:00,17.3,2.9
884,64,Leh,Ladakh,North,34.16504,77.58402,2026-07-21 00:00:00,14.1,2.1
885,64,Leh,Ladakh,North,34.16504,77.58402,2026-07-22 00:00:00,13.7,3.2
886,64,Leh,Ladakh,North,34.16504,77.58402,2026-07-23 00:00:00,13.4,3.5
887,64,Leh,Ladakh,North,34.16504,77.58402,2026-07-24 00:00:00,13.3,3.9
888,64,Leh,Ladakh,North,34.16504,77.58402,2026-07-25 00:00:00,14.6,3.5
889,64,Leh,Ladakh,North,34.16504,77.58402,2026-07-26 00:00:00,16.0,2.5
890,64,Leh,Ladakh,North,34.16504,77.58402,2026-07-27 00:00:00,16.3,2.3
891,64,Leh,Ladakh,North,34.16504,77.58402,2026-07-28 00:00:00,16.5,2.1
892,64,Leh,Ladakh,North,34.16504,77.58402,2026-07-29 00:00:00,15.3,2.9
893,64,Leh,Ladakh,North,34.16504,77.58402,2026-07-30 00:00:00,15.7,2.8
894,64,Leh,Ladakh,North,34.16504,77.58402,2026-07-31 00:00:00,15.5,2.9
895,64,Leh,Ladakh,North,34.16504,77.58402,2026-08-01 00:00:00,14.2,2.9
896,64,Leh,Ladakh,North,34.16504,77.58402,2026-08-02 00:00:00,14.5,3.0
897,64,Leh,Ladakh,North,34.16504,77.58402,2026-08-03 00:00:00,16.1,2.7
898,64,Leh,Ladakh,North,34.16504,77.58402,2026-08-04 00:00:00,15.9,2.5
899,64,Leh,Ladakh,North,34.16504,77.58402,2026-08-05 00:00:00,14.9,3.2
900,64,Leh,Ladakh,North,34.16504,77.58402,2026-08-06 00:00:00,15.3,1.7
901,64,Leh,Ladakh,North,34.16504,77.58402,2026-08-07 00:00:00,14.3,2.8
902,64,Leh,Ladakh,North,34.16504,77.58402,2026-08-08 00:00:00,13.7,2.3
903,72,Mumbai,Maharashtra,West,19.07283,72.88261,2026-07-10 00:00:00,28.4,15.9
904,72,Mumbai,Maharashtra,West,19.07283,72.88261,2026-07-11 00:00:00,28.3,17.9
905,72,Mumbai,Maharashtra,West,19.07283,72.88261,2026-07-12 00:00:00,28.5,18.9
906,72,Mumbai,Maharashtra,West,19.07283,72.88261,2026-07-13 00:00:00,28.7,17.1
907,72,Mumbai,Maharashtra,West,19.07283,72.88261,2026-07-14 00:00:00,28.6,14.3
908,72,Mumbai,Maharashtra,West,19.07283,72.88261,2026-07-15 00:00:00,27.8,13.5
909,72,Mumbai,Maharashtra,West,19.07283,72.88261,2026-07-16 00:00:00,27.6,9.3
910,72,Mumbai,Maharashtra,West,19.07283,72.88261,2026-07-17 00:00:00,27.7,10.5
911,72,Mumbai,Maharashtra,West,19.07283,72.88261,2026-07-18 00:00:00,27.4,11.3
912,72,Mumbai,Maharashtra,West,19.07283,72.88261,2026-07-19 00:00:00,26.9,12.9
913,72,Mumbai,Maharashtra,West,19.07283,72.88261,2026-07-20 00:00:00,26.7,16.0
914,72,Mumbai,Maharashtra,West,19.07283,72.88261,2026-07-21 00:00:00,27.2,19.2
915,72,Mumbai,Maharashtra,West,19.07283,72.88261,2026-07-22 00:00:00,26.7,24.5
916,72,Mumbai,Maharashtra,West,19.07283,72.88261,2026-07-23 00:00:00,26.9,28.4
917,72,Mumbai,Maharashtra,West,19.07283,72.88261,2026-07-24 00:00:00,27.2,23.5
918,72,Mumbai,Maharashtra,West,19.07283,72.88261,2026-07-25 00:00:00,27.8,18.2
919,72,Mumbai,Maharashtra,West,19.07283,72.88261,2026-07-26 00:00:00,27.0,12.3
920,72,Mumbai,Maharashtra,West,19.07283,72.88261,2026-07-27 00:00:00,26.9,11.0
921,72,Mumbai,Maharashtra,West,19.07283,72.88261,2026-07-28 00:00:00,27.8,15.0
922,72,Mumbai,Maharashtra,West,19.07283,72.88261,2026-07-29 00:00:00,27.9,20.4
923,72,Mumbai,Maharashtra,West,19.07283,72.88261,2026-07-30 00:00:00,27.3,17.5
924,72,Mumbai,Maharashtra,West,19.07283,72.88261,2026-07-31 00:00:00,27.4,20.5
925,72,Mumbai,Maharashtra,West,19.07283,72.88261,2026-08-01 00:00:00,27.8,21.8
926,72,Mumbai,Maharashtra,West,19.07283,72.88261,2026-08-02 00:00:00,27.5,18.5
927,72,Mumbai,Maharashtra,West,19.07283,72.88261,2026-08-03 00:00:00,27.4,14.6
928,72,Mumbai,Maharashtra,West,19.07283,72.88261,2026-08-04 00:00:00,27.4,13.4
929,72,Mumbai,Maharashtra,West,19.07283,72.88261,2026-08-05 00:00:00,27.0,12.6
930,72,Mumbai,Maharashtra,West,19.07283,72.88261,2026-08-06 00:00:00,27.6,15.7
931,72,Mumbai,Maharashtra,West,19.07283,72.88261,2026-08-07 00:00:00,27.9,17.2
932,72,Mumbai,Maharashtra,West,19.07283,72.88261,2026-08-08 00:00:00,27.7,15.2
933,88,Pune,Maharashtra,West,18.51957,73.85535,2026-07-10 00:00:00,25.3,16.0
934,88,Pune,Maharashtra,West,18.51957,73.85535,2026-07-11 00:00:00,25.2,18.0
935,88,Pune,Maharashtra,West,18.51957,73.85535,2026-07-12 00:00:00,25.5,19.3
936,88,Pune,Maharashtra,West,18.51957,73.85535,2026-07-13 00:00:00,25.4,17.3
937,88,Pune,Maharashtra,West,18.51957,73.85535,2026-07-14 00:00:00,25.6,15.7
938,88,Pune,Maharashtra,West,18.51957,73.85535,2026-07-15 00:00:00,24.8,14.4
939,88,Pune,Maharashtra,West,18.51957,73.85535,2026-07-16 00:00:00,25.3,13.4
940,88,Pune,Maharashtra,West,18.51957,73.85535,2026-07-17 00:00:00,25.1,14.8
941,88,Pune,Maharashtra,West,18.51957,73.85535,2026-07-18 00:00:00,24.5,14.8
942,88,Pune,Maharashtra,West,18.51957,73.85535,2026-07-19 00:00:00,24.4,14.9
943,88,Pune,Maharashtra,West,18.51957,73.85535,2026-07-20 00:00:00,24.2,16.5
944,88,Pune,Maharashtra,West,18.51957,73.85535,2026-07-21 00:00:00,23.9,19.1
945,88,Pune,Maharashtra,West,18.51957,73.85535,2026-07-22 00:00:00,23.2,21.9
946,88,Pune,Maharashtra,West,18.51957,73.85535,2026-07-23 00:00:00,23.1,24.1
947,88,Pune,Maharashtra,West,18.51957,73.85535,2026-07-24 00:00:00,24.0,21.4
948,88,Pune,Maharashtra,West,18.51957,73.85535,2026-07-25 00:00:00,24.4,16.8
949,88,Pune,Maharashtra,West,18.51957,73.85535,2026-07-26 00:00:00,24.4,15.4
950,88,Pune,Maharashtra,West,18.51957,73.85535,2026-07-27 00:00:00,24.3,14.2
951,88,Pune,Maharashtra,West,18.51957,73.85535,2026-07-28 00:00:00,24.4,16.3
952,88,Pune,Maharashtra,West,18.51957,73.85535,2026-07-29 00:00:00,24.5,18.9
953,88,Pune,Maharashtra,West,18.51957,73.85535,2026-07-30 00:00:00,24.3,19.7
954,88,Pune,Maharashtra,West,18.51957,73.85535,2026-07-31 00:00:00,23.6,18.6
955,88,Pune,Maharashtra,West,18.51957,73.85535,2026-08-01 00:00:00,24.4,20.9
956,88,Pune,Maharashtra,West,18.51957,73.85535,2026-08-02 00:00:00,24.5,17.7
957,88,Pune,Maharashtra,West,18.51957,73.85535,2026-08-03 00:00:00,24.0,14.8
958,88,Pune,Maharashtra,West,18.51957,73.85535,2026-08-04 00:00:00,24.8,13.9
959,88,Pune,Maharashtra,West,18.51957,73.85535,2026-08-05 00:00:00,24.2,14.0
960,88,Pune,Maharashtra,West,18.51957,73.85535,2026-08-06 00:00:00,24.4,16.3
961,88,Pune,Maharashtra,West,18.51957,73.85535,2026-08-07 00:00:00,24.4,18.6
962,88,Pune,Maharashtra,West,18.51957,73.85535,2026-08-08 00:00:00,24.5,16.5
963,76,Nagpur,Maharashtra,West,21.14631,79.08491,2026-07-10 00:00:00,29.3,12.1
964,76,Nagpur,Maharashtra,West,21.14631,79.08491,2026-07-11 00:00:00,29.1,14.5
965,76,Nagpur,Maharashtra,West,21.14631,79.08491,2026-07-12 00:00:00,29.1,12.6
966,76,Nagpur,Maharashtra,West,21.14631,79.08491,2026-07-13 00:00:00,29.9,11.6
967,76,Nagpur,Maharashtra,West,21.14631,79.08491,2026-07-14 00:00:00,30.1,13.5
968,76,Nagpur,Maharashtra,West,21.14631,79.08491,2026-07-15 00:00:00,29.8,11.3
969,76,Nagpur,Maharashtra,West,21.14631,79.08491,2026-07-16 00:00:00,31.0,11.2
970,76,Nagpur,Maharashtra,West,21.14631,79.08491,2026-07-17 00:00:00,27.5,5.8
971,76,Nagpur,Maharashtra,West,21.14631,79.08491,2026-07-18 00:00:00,26.3,9.5
972,76,Nagpur,Maharashtra,West,21.14631,79.08491,2026-07-19 00:00:00,28.0,8.0
973,76,Nagpur,Maharashtra,West,21.14631,79.08491,2026-07-20 00:00:00,27.2,5.7
974,76,Nagpur,Maharashtra,West,21.14631,79.08491,2026-07-21 00:00:00,25.1,12.3
975,76,Nagpur,Maharashtra,West,21.14631,79.08491,2026-07-22 00:00:00,24.9,16.3
976,76,Nagpur,Maharashtra,West,21.14631,79.08491,2026-07-23 00:00:00,25.8,16.5
977,76,Nagpur,Maharashtra,West,21.14631,79.08491,2026-07-24 00:00:00,26.8,11.8
978,76,Nagpur,Maharashtra,West,21.14631,79.08491,2026-07-25 00:00:00,27.9,9.7
979,76,Nagpur,Maharashtra,West,21.14631,79.08491,2026-07-26 00:00:00,28.2,9.7
980,76,Nagpur,Maharashtra,West,21.14631,79.08491,2026-07-27 00:00:00,27.1,9.5
981,76,Nagpur,Maharashtra,West,21.14631,79.08491,2026-07-28 00:00:00,26.5,9.4
982,76,Nagpur,Maharashtra,West,21.14631,79.08491,2026-07-29 00:00:00,26.3,16.2
983,76,Nagpur,Maharashtra,West,21.14631,79.08491,2026-07-30 00:00:00,26.3,10.5
984,76,Nagpur,Maharashtra,West,21.14631,79.08491,2026-07-31 00:00:00,25.9,14.0
985,76,Nagpur,Maharashtra,West,21.14631,79.08491,2026-08-01 00:00:00,27.4,10.9
986,76,Nagpur,Maharashtra,West,21.14631,79.08491,2026-08-02 00:00:00,28.1,10.6
987,76,Nagpur,Maharashtra,West,21.14631,79.08491,2026-08-03 00:00:00,28.7,8.5
988,76,Nagpur,Maharashtra,West,21.14631,79.08491,2026-08-04 00:00:00,28.7,7.8
989,76,Nagpur,Maharashtra,West,21.14631,79.08491,2026-08-05 00:00:00,28.9,9.7
990,76,Nagpur,Maharashtra,West,21.14631,79.08491,2026-08-06 00:00:00,28.9,10.2
991,76,Nagpur,Maharashtra,West,21.14631,79.08491,2026-08-07 00:00:00,27.2,11.6
992,76,Nagpur,Maharashtra,West,21.14631,79.08491,2026-08-08 00:00:00,27.0,9.6
993,78,Nashik,Maharashtra,West,19.99727,73.79096,2026-07-10 00:00:00,25.4,20.0
994,78,Nashik,Maharashtra,West,19.99727,73.79096,2026-07-11 00:00:00,25.4,23.0
995,78,Nashik,Maharashtra,West,19.99727,73.79096,2026-07-12 00:00:00,25.6,24.0
996,78,Nashik,Maharashtra,West,19.99727,73.79096,2026-07-13 00:00:00,25.4,21.9
997,78,Nashik,Maharashtra,West,19.99727,73.79096,2026-07-14 00:00:00,25.1,18.3
998,78,Nashik,Maharashtra,West,19.99727,73.79096,2026-07-15 00:00:00,24.3,15.4
999,78,Nashik,Maharashtra,West,19.99727,73.79096,2026-07-16 00:00:00,24.9,14.7
1000,78,Nashik,Maharashtra,West,19.99727,73.79096,2026-07-17 00:00:00,24.2,14.3
1001,78,Nashik,Maharashtra,West,19.99727,73.79096,2026-07-18 00:00:00,24.1,15.0
1002,78,Nashik,Maharashtra,West,19.99727,73.79096,2026-07-19 00:00:00,23.5,13.2
1003,78,Nashik,Maharashtra,West,19.99727,73.79096,2026-07-20 00:00:00,23.6,18.2
1004,78,Nashik,Maharashtra,West,19.99727,73.79096,2026-07-21 00:00:00,23.4,20.2
1005,78,Nashik,Maharashtra,West,19.99727,73.79096,2026-07-22 00:00:00,23.1,26.5
1006,78,Nashik,Maharashtra,West,19.99727,73.79096,2026-07-23 00:00:00,22.7,28.2
1007,78,Nashik,Maharashtra,West,19.99727,73.79096,2026-07-24 00:00:00,23.2,22.1
1008,78,Nashik,Maharashtra,West,19.99727,73.79096,2026-07-25 00:00:00,23.3,17.4
1009,78,Nashik,Maharashtra,West,19.99727,73.79096,2026-07-26 00:00:00,23.6,14.8
1010,78,Nashik,Maharashtra,West,19.99727,73.79096,2026-07-27 00:00:00,24.1,15.9
1011,78,Nashik,Maharashtra,West,19.99727,73.79096,2026-07-28 00:00:00,24.5,16.8
1012,78,Nashik,Maharashtra,West,19.99727,73.79096,2026-07-29 00:00:00,24.4,18.6
1013,78,Nashik,Maharashtra,West,19.99727,73.79096,2026-07-30 00:00:00,24.2,16.6
1014,78,Nashik,Maharashtra,West,19.99727,73.79096,2026-07-31 00:00:00,23.2,20.2
1015,78,Nashik,Maharashtra,West,19.99727,73.79096,2026-08-01 00:00:00,23.5,21.1
1016,78,Nashik,Maharashtra,West,19.99727,73.79096,2026-08-02 00:00:00,24.0,18.4
1017,78,Nashik,Maharashtra,West,19.99727,73.79096,2026-08-03 00:00:00,24.4,16.4
1018,78,Nashik,Maharashtra,West,19.99727,73.79096,2026-08-04 00:00:00,24.4,14.9
1019,78,Nashik,Maharashtra,West,19.99727,73.79096,2026-08-05 00:00:00,24.1,14.2
1020,78,Nashik,Maharashtra,West,19.99727,73.79096,2026-08-06 00:00:00,24.6,17.8
1021,78,Nashik,Maharashtra,West,19.99727,73.79096,2026-08-07 00:00:00,24.2,19.3
1022,78,Nashik,Maharashtra,West,19.99727,73.79096,2026-08-08 00:00:00,24.4,16.6
1023,9,Aurangabad,Maharashtra,West,19.87757,75.34226,2026-07-10 00:00:00,26.8,18.4
1024,9,Aurangabad,Maharashtra,West,19.87757,75.34226,2026-07-11 00:00:00,26.6,20.3
1025,9,Aurangabad,Maharashtra,West,19.87757,75.34226,2026-07-12 00:00:00,26.9,20.0
1026,9,Aurangabad,Maharashtra,West,19.87757,75.34226,2026-07-13 00:00:00,26.8,18.1
1027,9,Aurangabad,Maharashtra,West,19.87757,75.34226,2026-07-14 00:00:00,26.4,18.1
1028,9,Aurangabad,Maharashtra,West,19.87757,75.34226,2026-07-15 00:00:00,26.0,14.7
1029,9,Aurangabad,Maharashtra,West,19.87757,75.34226,2026-07-16 00:00:00,26.8,13.8
1030,9,Aurangabad,Maharashtra,West,19.87757,75.34226,2026-07-17 00:00:00,25.9,14.7
1031,9,Aurangabad,Maharashtra,West,19.87757,75.34226,2026-07-18 00:00:00,24.4,12.7
1032,9,Aurangabad,Maharashtra,West,19.87757,75.34226,2026-07-19 00:00:00,24.6,11.6
1033,9,Aurangabad,Maharashtra,West,19.87757,75.34226,2026-07-20 00:00:00,25.1,15.2
1034,9,Aurangabad,Maharashtra,West,19.87757,75.34226,2026-07-21 00:00:00,24.2,16.3
1035,9,Aurangabad,Maharashtra,West,19.87757,75.34226,2026-07-22 00:00:00,23.6,19.1
1036,9,Aurangabad,Maharashtra,West,19.87757,75.34226,2026-07-23 00:00:00,23.6,22.1
1037,9,Aurangabad,Maharashtra,West,19.87757,75.34226,2026-07-24 00:00:00,25.1,20.1
1038,9,Aurangabad,Maharashtra,West,19.87757,75.34226,2026-07-25 00:00:00,25.6,16.8
1039,9,Aurangabad,Maharashtra,West,19.87757,75.34226,2026-07-26 00:00:00,25.0,14.0
1040,9,Aurangabad,Maharashtra,West,19.87757,75.34226,2026-07-27 00:00:00,24.9,13.5
1041,9,Aurangabad,Maharashtra,West,19.87757,75.34226,2026-07-28 00:00:00,25.6,17.5
1042,9,Aurangabad,Maharashtra,West,19.87757,75.34226,2026-07-29 00:00:00,24.5,16.7
1043,9,Aurangabad,Maharashtra,West,19.87757,75.34226,2026-07-30 00:00:00,23.9,19.1
1044,9,Aurangabad,Maharashtra,West,19.87757,75.34226,2026-07-31 00:00:00,23.2,19.0
1045,9,Aurangabad,Maharashtra,West,19.87757,75.34226,2026-08-01 00:00:00,24.7,17.3
1046,9,Aurangabad,Maharashtra,West,19.87757,75.34226,2026-08-02 00:00:00,25.5,16.0
1047,9,Aurangabad,Maharashtra,West,19.87757,75.34226,2026-08-03 00:00:00,25.2,14.2
1048,9,Aurangabad,Maharashtra,West,19.87757,75.34226,2026-08-04 00:00:00,25.4,13.9
1049,9,Aurangabad,Maharashtra,West,19.87757,75.34226,2026-08-05 00:00:00,25.1,13.6
1050,9,Aurangabad,Maharashtra,West,19.87757,75.34226,2026-08-06 00:00:00,25.2,14.7
1051,9,Aurangabad,Maharashtra,West,19.87757,75.34226,2026-08-07 00:00:00,25.3,18.9
1052,9,Aurangabad,Maharashtra,West,19.87757,75.34226,2026-08-08 00:00:00,25.5,18.0
1053,57,Kolhapur,Maharashtra,West,16.69563,74.23167,2026-07-10 00:00:00,24.9,17.7
1054,57,Kolhapur,Maharashtra,West,16.69563,74.23167,2026-07-11 00:00:00,24.7,18.5
1055,57,Kolhapur,Maharashtra,West,16.69563,74.23167,2026-07-12 00:00:00,24.8,19.1
1056,57,Kolhapur,Maharashtra,West,16.69563,74.23167,2026-07-13 00:00:00,24.7,18.6
1057,57,Kolhapur,Maharashtra,West,16.69563,74.23167,2026-07-14 00:00:00,24.7,15.7
1058,57,Kolhapur,Maharashtra,West,16.69563,74.23167,2026-07-15 00:00:00,23.9,15.0
1059,57,Kolhapur,Maharashtra,West,16.69563,74.23167,2026-07-16 00:00:00,24.4,15.3
1060,57,Kolhapur,Maharashtra,West,16.69563,74.23167,2026-07-17 00:00:00,23.9,15.6
1061,57,Kolhapur,Maharashtra,West,16.69563,74.23167,2026-07-18 00:00:00,23.7,15.9
1062,57,Kolhapur,Maharashtra,West,16.69563,74.23167,2026-07-19 00:00:00,23.6,15.8
1063,57,Kolhapur,Maharashtra,West,16.69563,74.23167,2026-07-20 00:00:00,23.3,18.3
1064,57,Kolhapur,Maharashtra,West,16.69563,74.23167,2026-07-21 00:00:00,23.1,19.2
1065,57,Kolhapur,Maharashtra,West,16.69563,74.23167,2026-07-22 00:00:00,22.6,21.6
1066,57,Kolhapur,Maharashtra,West,16.69563,74.23167,2026-07-23 00:00:00,22.9,23.7
1067,57,Kolhapur,Maharashtra,West,16.69563,74.23167,2026-07-24 00:00:00,23.2,23.4
1068,57,Kolhapur,Maharashtra,West,16.69563,74.23167,2026-07-25 00:00:00,24.0,20.6
1069,57,Kolhapur,Maharashtra,West,16.69563,74.23167,2026-07-26 00:00:00,24.2,17.0
1070,57,Kolhapur,Maharashtra,West,16.69563,74.23167,2026-07-27 00:00:00,23.8,18.1
1071,57,Kolhapur,Maharashtra,West,16.69563,74.23167,2026-07-28 00:00:00,23.5,19.3
1072,57,Kolhapur,Maharashtra,West,16.69563,74.23167,2026-07-29 00:00:00,23.7,21.6
1073,57,Kolhapur,Maharashtra,West,16.69563,74.23167,2026-07-30 00:00:00,23.6,22.8
1074,57,Kolhapur,Maharashtra,West,16.69563,74.23167,2026-07-31 00:00:00,23.5,21.7
1075,57,Kolhapur,Maharashtra,West,16.69563,74.23167,2026-08-01 00:00:00,23.4,20.0
1076,57,Kolhapur,Maharashtra,West,16.69563,74.23167,2026-08-02 00:00:00,23.5,17.5
1077,57,Kolhapur,Maharashtra,West,16.69563,74.23167,2026-08-03 00:00:00,23.7,16.5
1078,57,Kolhapur,Maharashtra,West,16.69563,74.23167,2026-08-04 00:00:00,23.7,15.8
1079,57,Kolhapur,Maharashtra,West,16.69563,74.23167,2026-08-05 00:00:00,23.5,16.7
1080,57,Kolhapur,Maharashtra,West,16.69563,74.23167,2026-08-06 00:00:00,23.5,17.9
1081,57,Kolhapur,Maharashtra,West,16.69563,74.23167,2026-08-07 00:00:00,24.0,18.4
1082,57,Kolhapur,Maharashtra,West,16.69563,74.23167,2026-08-08 00:00:00,23.9,17.4
1083,102,Solapur,Maharashtra,West,17.67152,75.91044,2026-07-10 00:00:00,28.0,13.8
1084,102,Solapur,Maharashtra,West,17.67152,75.91044,2026-07-11 00:00:00,28.1,17.1
1085,102,Solapur,Maharashtra,West,17.67152,75.91044,2026-07-12 00:00:00,28.0,17.2
1086,102,Solapur,Maharashtra,West,17.67152,75.91044,2026-07-13 00:00:00,28.2,16.7
1087,102,Solapur,Maharashtra,West,17.67152,75.91044,2026-07-14 00:00:00,28.4,13.9
1088,102,Solapur,Maharashtra,West,17.67152,75.91044,2026-07-15 00:00:00,27.6,13.9
1089,102,Solapur,Maharashtra,West,17.67152,75.91044,2026-07-16 00:00:00,28.4,12.2
1090,102,Solapur,Maharashtra,West,17.67152,75.91044,2026-07-17 00:00:00,26.6,9.5
1091,102,Solapur,Maharashtra,West,17.67152,75.91044,2026-07-18 00:00:00,25.7,9.2
1092,102,Solapur,Maharashtra,West,17.67152,75.91044,2026-07-19 00:00:00,26.3,10.6
1093,102,Solapur,Maharashtra,West,17.67152,75.91044,2026-07-20 00:00:00,26.0,13.7
1094,102,Solapur,Maharashtra,West,17.67152,75.91044,2026-07-21 00:00:00,25.8,15.5
1095,102,Solapur,Maharashtra,West,17.67152,75.91044,2026-07-22 00:00:00,25.1,17.7
1096,102,Solapur,Maharashtra,West,17.67152,75.91044,2026-07-23 00:00:00,25.8,20.1
1097,102,Solapur,Maharashtra,West,17.67152,75.91044,2026-07-24 00:00:00,27.3,20.9
1098,102,Solapur,Maharashtra,West,17.67152,75.91044,2026-07-25 00:00:00,27.2,15.2
1099,102,Solapur,Maharashtra,West,17.67152,75.91044,2026-07-26 00:00:00,27.4,14.1
1100,102,Solapur,Maharashtra,West,17.67152,75.91044,2026-07-27 00:00:00,26.4,12.7
1101,102,Solapur,Maharashtra,West,17.67152,75.91044,2026-07-28 00:00:00,26.1,13.3
1102,102,Solapur,Maharashtra,West,17.67152,75.91044,2026-07-29 00:00:00,25.7,12.7
1103,102,Solapur,Maharashtra,West,17.67152,75.91044,2026-07-30 00:00:00,25.2,15.9
1104,102,Solapur,Maharashtra,West,17.67152,75.91044,2026-07-31 00:00:00,25.5,17.6
1105,102,Solapur,Maharashtra,West,17.67152,75.91044,2026-08-01 00:00:00,27.4,16.3
1106,102,Solapur,Maharashtra,West,17.67152,75.91044,2026-08-02 00:00:00,27.0,12.5
1107,102,Solapur,Maharashtra,West,17.67152,75.91044,2026-08-03 00:00:00,26.2,11.6
1108,102,Solapur,Maharashtra,West,17.67152,75.91044,2026-08-04 00:00:00,26.7,9.7
1109,102,Solapur,Maharashtra,West,17.67152,75.91044,2026-08-05 00:00:00,26.4,10.6
1110,102,Solapur,Maharashtra,West,17.67152,75.91044,2026-08-06 00:00:00,25.8,11.9
1111,102,Solapur,Maharashtra,West,17.67152,75.91044,2026-08-07 00:00:00,26.6,15.9
1112,102,Solapur,Maharashtra,West,17.67152,75.91044,2026-08-08 00:00:00,26.9,15.3
1113,106,Thane,Maharashtra,West,19.19704,72.96355,2026-07-10 00:00:00,28.1,12.0
1114,106,Thane,Maharashtra,West,19.19704,72.96355,2026-07-11 00:00:00,28.2,13.8
1115,106,Thane,Maharashtra,West,19.19704,72.96355,2026-07-12 00:00:00,28.6,14.8
1116,106,Thane,Maharashtra,West,19.19704,72.96355,2026-07-13 00:00:00,28.7,13.4
1117,106,Thane,Maharashtra,West,19.19704,72.96355,2026-07-14 00:00:00,28.4,10.5
1118,106,Thane,Maharashtra,West,19.19704,72.96355,2026-07-15 00:00:00,27.4,9.4
1119,106,Thane,Maharashtra,West,19.19704,72.96355,2026-07-16 00:00:00,26.9,8.6
1120,106,Thane,Maharashtra,West,19.19704,72.96355,2026-07-17 00:00:00,26.5,6.3
1121,106,Thane,Maharashtra,West,19.19704,72.96355,2026-07-18 00:00:00,26.3,8.0
1122,106,Thane,Maharashtra,West,19.19704,72.96355,2026-07-19 00:00:00,26.0,8.9
1123,106,Thane,Maharashtra,West,19.19704,72.96355,2026-07-20 00:00:00,25.9,10.6
1124,106,Thane,Maharashtra,West,19.19704,72.96355,2026-07-21 00:00:00,26.2,12.2
1125,106,Thane,Maharashtra,West,19.19704,72.96355,2026-07-22 00:00:00,25.4,16.8
1126,106,Thane,Maharashtra,West,19.19704,72.96355,2026-07-23 00:00:00,25.6,20.6
1127,106,Thane,Maharashtra,West,19.19704,72.96355,2026-07-24 00:00:00,26.1,16.9
1128,106,Thane,Maharashtra,West,19.19704,72.96355,2026-07-25 00:00:00,26.8,11.6
1129,106,Thane,Maharashtra,West,19.19704,72.96355,2026-07-26 00:00:00,25.7,7.0
1130,106,Thane,Maharashtra,West,19.19704,72.96355,2026-07-27 00:00:00,26.1,9.7
1131,106,Thane,Maharashtra,West,19.19704,72.96355,2026-07-28 00:00:00,27.3,11.8
1132,106,Thane,Maharashtra,West,19.19704,72.96355,2026-07-29 00:00:00,27.4,14.2
1133,106,Thane,Maharashtra,West,19.19704,72.96355,2026-07-30 00:00:00,26.9,12.1
1134,106,Thane,Maharashtra,West,19.19704,72.96355,2026-07-31 00:00:00,26.6,14.3
1135,106,Thane,Maharashtra,West,19.19704,72.96355,2026-08-01 00:00:00,27.0,15.7
1136,106,Thane,Maharashtra,West,19.19704,72.96355,2026-08-02 00:00:00,26.4,12.7
1137,106,Thane,Maharashtra,West,19.19704,72.96355,2026-08-03 00:00:00,26.7,10.3
1138,106,Thane,Maharashtra,West,19.19704,72.96355,2026-08-04 00:00:00,26.7,8.9
1139,106,Thane,Maharashtra,West,19.19704,72.96355,2026-08-05 00:00:00,26.7,9.4
1140,106,Thane,Maharashtra,West,19.19704,72.96355,2026-08-06 00:00:00,27.0,10.9
1141,106,Thane,Maharashtra,West,19.19704,72.96355,2026-08-07 00:00:00,27.5,13.3
1142,106,Thane,Maharashtra,West,19.19704,72.96355,2026-08-08 00:00:00,27.3,11.3
1143,104,Surat,Gujarat,West,21.19594,72.83023,2026-07-10 00:00:00,29.3,20.3
1144,104,Surat,Gujarat,West,21.19594,72.83023,2026-07-11 00:00:00,29.2,22.0
1145,104,Surat,Gujarat,West,21.19594,72.83023,2026-07-12 00:00:00,29.5,23.6
1146,104,Surat,Gujarat,West,21.19594,72.83023,2026-07-13 00:00:00,29.6,21.7
1147,104,Surat,Gujarat,West,21.19594,72.83023,2026-07-14 00:00:00,29.2,18.3
1148,104,Surat,Gujarat,West,21.19594,72.83023,2026-07-15 00:00:00,28.3,14.0
1149,104,Surat,Gujarat,West,21.19594,72.83023,2026-07-16 00:00:00,28.3,11.2
1150,104,Surat,Gujarat,West,21.19594,72.83023,2026-07-17 00:00:00,28.6,12.8
1151,104,Surat,Gujarat,West,21.19594,72.83023,2026-07-18 00:00:00,28.3,12.6
1152,104,Surat,Gujarat,West,21.19594,72.83023,2026-07-19 00:00:00,27.8,13.0
1153,104,Surat,Gujarat,West,21.19594,72.83023,2026-07-20 00:00:00,27.3,13.9
1154,104,Surat,Gujarat,West,21.19594,72.83023,2026-07-21 00:00:00,26.8,14.4
1155,104,Surat,Gujarat,West,21.19594,72.83023,2026-07-22 00:00:00,26.0,8.4
1156,104,Surat,Gujarat,West,21.19594,72.83023,2026-07-23 00:00:00,26.2,14.5
1157,104,Surat,Gujarat,West,21.19594,72.83023,2026-07-24 00:00:00,26.9,18.6
1158,104,Surat,Gujarat,West,21.19594,72.83023,2026-07-25 00:00:00,27.5,16.1
1159,104,Surat,Gujarat,West,21.19594,72.83023,2026-07-26 00:00:00,27.9,11.1
1160,104,Surat,Gujarat,West,21.19594,72.83023,2026-07-27 00:00:00,27.7,10.4
1161,104,Surat,Gujarat,West,21.19594,72.83023,2026-07-28 00:00:00,28.7,15.3
1162,104,Surat,Gujarat,West,21.19594,72.83023,2026-07-29 00:00:00,28.6,15.1
1163,104,Surat,Gujarat,West,21.19594,72.83023,2026-07-30 00:00:00,28.4,11.1
1164,104,Surat,Gujarat,West,21.19594,72.83023,2026-07-31 00:00:00,26.7,17.3
1165,104,Surat,Gujarat,West,21.19594,72.83023,2026-08-01 00:00:00,26.5,16.1
1166,104,Surat,Gujarat,West,21.19594,72.83023,2026-08-02 00:00:00,27.5,15.5
1167,104,Surat,Gujarat,West,21.19594,72.83023,2026-08-03 00:00:00,28.2,12.4
1168,104,Surat,Gujarat,West,21.19594,72.83023,2026-08-04 00:00:00,28.3,10.9
1169,104,Surat,Gujarat,West,21.19594,72.83023,2026-08-05 00:00:00,27.9,12.0
1170,104,Surat,Gujarat,West,21.19594,72.83023,2026-08-06 00:00:00,28.2,15.6
1171,104,Surat,Gujarat,West,21.19594,72.83023,2026-08-07 00:00:00,28.4,15.8
1172,104,Surat,Gujarat,West,21.19594,72.83023,2026-08-08 00:00:00,28.2,13.9
1173,3,Ahmedabad,Gujarat,West,23.02579,72.58727,2026-07-10 00:00:00,31.0,13.5
1174,3,Ahmedabad,Gujarat,West,23.02579,72.58727,2026-07-11 00:00:00,31.2,16.7
1175,3,Ahmedabad,Gujarat,West,23.02579,72.58727,2026-07-12 00:00:00,31.9,16.8
1176,3,Ahmedabad,Gujarat,West,23.02579,72.58727,2026-07-13 00:00:00,32.1,16.1
1177,3,Ahmedabad,Gujarat,West,23.02579,72.58727,2026-07-14 00:00:00,31.5,13.8
1178,3,Ahmedabad,Gujarat,West,23.02579,72.58727,2026-07-15 00:00:00,30.6,9.8
1179,3,Ahmedabad,Gujarat,West,23.02579,72.58727,2026-07-16 00:00:00,30.7,8.7
1180,3,Ahmedabad,Gujarat,West,23.02579,72.58727,2026-07-17 00:00:00,31.5,9.2
1181,3,Ahmedabad,Gujarat,West,23.02579,72.58727,2026-07-18 00:00:00,31.0,9.5
1182,3,Ahmedabad,Gujarat,West,23.02579,72.58727,2026-07-19 00:00:00,29.8,8.0
1183,3,Ahmedabad,Gujarat,West,23.02579,72.58727,2026-07-20 00:00:00,28.9,7.4
1184,3,Ahmedabad,Gujarat,West,23.02579,72.58727,2026-07-21 00:00:00,29.0,7.7
1185,3,Ahmedabad,Gujarat,West,23.02579,72.58727,2026-07-22 00:00:00,28.5,8.0
1186,3,Ahmedabad,Gujarat,West,23.02579,72.58727,2026-07-23 00:00:00,26.4,9.4
1187,3,Ahmedabad,Gujarat,West,23.02579,72.58727,2026-07-24 00:00:00,25.8,14.5
1188,3,Ahmedabad,Gujarat,West,23.02579,72.58727,2026-07-25 00:00:00,26.5,12.4
1189,3,Ahmedabad,Gujarat,West,23.02579,72.58727,2026-07-26 00:00:00,27.6,10.8
1190,3,Ahmedabad,Gujarat,West,23.02579,72.58727,2026-07-27 00:00:00,27.3,9.7
1191,3,Ahmedabad,Gujarat,West,23.02579,72.58727,2026-07-28 00:00:00,29.4,8.9
1192,3,Ahmedabad,Gujarat,West,23.02579,72.58727,2026-07-29 00:00:00,29.3,6.4
1193,3,Ahmedabad,Gujarat,West,23.02579,72.58727,2026-07-30 00:00:00,29.6,6.9
1194,3,Ahmedabad,Gujarat,West,23.02579,72.58727,2026-07-31 00:00:00,28.6,11.5
1195,3,Ahmedabad,Gujarat,West,23.02579,72.58727,2026-08-01 00:00:00,26.8,11.9
1196,3,Ahmedabad,Gujarat,West,23.02579,72.58727,2026-08-02 00:00:00,28.1,10.1
1197,3,Ahmedabad,Gujarat,West,23.02579,72.58727,2026-08-03 00:00:00,28.4,9.8
1198,3,Ahmedabad,Gujarat,West,23.02579,72.58727,2026-08-04 00:00:00,29.2,7.8
1199,3,Ahmedabad,Gujarat,West,23.02579,72.58727,2026-08-05 00:00:00,29.0,7.8
1200,3,Ahmedabad,Gujarat,West,23.02579,72.58727,2026-08-06 00:00:00,29.5,8.6
1201,3,Ahmedabad,Gujarat,West,23.02579,72.58727,2026-08-07 00:00:00,29.2,9.9
1202,3,Ahmedabad,Gujarat,West,23.02579,72.58727,2026-08-08 00:00:00,29.6,9.2
1203,114,Vadodara,Gujarat,West,22.29941,73.20812,2026-07-10 00:00:00,30.1,18.4
1204,114,Vadodara,Gujarat,West,22.29941,73.20812,2026-07-11 00:00:00,29.9,20.5
1205,114,Vadodara,Gujarat,West,22.29941,73.20812,2026-07-12 00:00:00,29.9,22.1
1206,114,Vadodara,Gujarat,West,22.29941,73.20812,2026-07-13 00:00:00,30.2,20.8
1207,114,Vadodara,Gujarat,West,22.29941,73.20812,2026-07-14 00:00:00,29.9,17.6
1208,114,Vadodara,Gujarat,West,22.29941,73.20812,2026-07-15 00:00:00,30.1,13.6
1209,114,Vadodara,Gujarat,West,22.29941,73.20812,2026-07-16 00:00:00,29.3,11.3
1210,114,Vadodara,Gujarat,West,22.29941,73.20812,2026-07-17 00:00:00,30.0,11.1
1211,114,Vadodara,Gujarat,West,22.29941,73.20812,2026-07-18 00:00:00,29.9,11.7
1212,114,Vadodara,Gujarat,West,22.29941,73.20812,2026-07-19 00:00:00,29.4,11.0
1213,114,Vadodara,Gujarat,West,22.29941,73.20812,2026-07-20 00:00:00,27.8,11.5
1214,114,Vadodara,Gujarat,West,22.29941,73.20812,2026-07-21 00:00:00,27.4,10.6
1215,114,Vadodara,Gujarat,West,22.29941,73.20812,2026-07-22 00:00:00,27.2,8.9
1216,114,Vadodara,Gujarat,West,22.29941,73.20812,2026-07-23 00:00:00,25.9,12.1
1217,114,Vadodara,Gujarat,West,22.29941,73.20812,2026-07-24 00:00:00,26.9,19.1
1218,114,Vadodara,Gujarat,West,22.29941,73.20812,2026-07-25 00:00:00,26.5,14.4
1219,114,Vadodara,Gujarat,West,22.29941,73.20812,2026-07-26 00:00:00,28.1,11.8
1220,114,Vadodara,Gujarat,West,22.29941,73.20812,2026-07-27 00:00:00,27.2,11.1
1221,114,Vadodara,Gujarat,West,22.29941,73.20812,2026-07-28 00:00:00,29.1,12.5
1222,114,Vadodara,Gujarat,West,22.29941,73.20812,2026-07-29 00:00:00,28.8,8.0
1223,114,Vadodara,Gujarat,West,22.29941,73.20812,2026-07-30 00:00:00,29.2,8.3
1224,114,Vadodara,Gujarat,West,22.29941,73.20812,2026-07-31 00:00:00,27.4,11.6
1225,114,Vadodara,Gujarat,West,22.29941,73.20812,2026-08-01 00:00:00,26.6,14.5
1226,114,Vadodara,Gujarat,West,22.29941,73.20812,2026-08-02 00:00:00,27.7,13.8
1227,114,Vadodara,Gujarat,West,22.29941,73.20812,2026-08-03 00:00:00,28.8,11.4
1228,114,Vadodara,Gujarat,West,22.29941,73.20812,2026-08-04 00:00:00,29.0,10.7
1229,114,Vadodara,Gujarat,West,22.29941,73.20812,2026-08-05 00:00:00,28.7,11.0
1230,114,Vadodara,Gujarat,West,22.29941,73.20812,2026-08-06 00:00:00,29.1,13.3
1231,114,Vadodara,Gujarat,West,22.29941,73.20812,2026-08-07 00:00:00,28.9,13.2
1232,114,Vadodara,Gujarat,West,22.29941,73.20812,2026-08-08 00:00:00,29.0,11.6
1233,91,Rajkot,Gujarat,West,22.29161,70.79322,2026-07-10 00:00:00,30.1,18.7
1234,91,Rajkot,Gujarat,West,22.29161,70.79322,2026-07-11 00:00:00,30.1,22.1
1235,91,Rajkot,Gujarat,West,22.29161,70.79322,2026-07-12 00:00:00,30.3,22.6
1236,91,Rajkot,Gujarat,West,22.29161,70.79322,2026-07-13 00:00:00,30.2,20.4
1237,91,Rajkot,Gujarat,West,22.29161,70.79322,2026-07-14 00:00:00,29.7,18.3
1238,91,Rajkot,Gujarat,West,22.29161,70.79322,2026-07-15 00:00:00,29.6,14.4
1239,91,Rajkot,Gujarat,West,22.29161,70.79322,2026-07-16 00:00:00,29.2,10.0
1240,91,Rajkot,Gujarat,West,22.29161,70.79322,2026-07-17 00:00:00,29.2,12.5
1241,91,Rajkot,Gujarat,West,22.29161,70.79322,2026-07-18 00:00:00,29.4,14.1
1242,91,Rajkot,Gujarat,West,22.29161,70.79322,2026-07-19 00:00:00,29.3,13.0
1243,91,Rajkot,Gujarat,West,22.29161,70.79322,2026-07-20 00:00:00,28.8,13.5
1244,91,Rajkot,Gujarat,West,22.29161,70.79322,2026-07-21 00:00:00,27.8,13.1
1245,91,Rajkot,Gujarat,West,22.29161,70.79322,2026-07-22 00:00:00,28.1,14.0
1246,91,Rajkot,Gujarat,West,22.29161,70.79322,2026-07-23 00:00:00,26.4,14.8
1247,91,Rajkot,Gujarat,West,22.29161,70.79322,2026-07-24 00:00:00,25.6,18.8
1248,91,Rajkot,Gujarat,West,22.29161,70.79322,2026-07-25 00:00:00,27.1,17.1
1249,91,Rajkot,Gujarat,West,22.29161,70.79322,2026-07-26 00:00:00,27.6,13.6
1250,91,Rajkot,Gujarat,West,22.29161,70.79322,2026-07-27 00:00:00,28.3,14.1
1251,91,Rajkot,Gujarat,West,22.29161,70.79322,2026-07-28 00:00:00,28.8,14.6
1252,91,Rajkot,Gujarat,West,22.29161,70.79322,2026-07-29 00:00:00,28.9,14.1
1253,91,Rajkot,Gujarat,West,22.29161,70.79322,2026-07-30 00:00:00,28.7,9.9
1254,91,Rajkot,Gujarat,West,22.29161,70.79322,2026-07-31 00:00:00,27.8,11.4
1255,91,Rajkot,Gujarat,West,22.29161,70.79322,2026-08-01 00:00:00,25.8,20.0
1256,91,Rajkot,Gujarat,West,22.29161,70.79322,2026-08-02 00:00:00,26.0,14.5
1257,91,Rajkot,Gujarat,West,22.29161,70.79322,2026-08-03 00:00:00,27.6,13.1
1258,91,Rajkot,Gujarat,West,22.29161,70.79322,2026-08-04 00:00:00,28.3,11.7
1259,91,Rajkot,Gujarat,West,22.29161,70.79322,2026-08-05 00:00:00,28.3,12.4
1260,91,Rajkot,Gujarat,West,22.29161,70.79322,2026-08-06 00:00:00,28.2,14.6
1261,91,Rajkot,Gujarat,West,22.29161,70.79322,2026-08-07 00:00:00,28.4,14.8
1262,91,Rajkot,Gujarat,West,22.29161,70.79322,2026-08-08 00:00:00,28.0,12.2
1263,14,Bhavnagar,Gujarat,West,21.76287,72.15331,2026-07-10 00:00:00,30.8,17.2
1264,14,Bhavnagar,Gujarat,West,21.76287,72.15331,2026-07-11 00:00:00,30.7,19.8
1265,14,Bhavnagar,Gujarat,West,21.76287,72.15331,2026-07-12 00:00:00,30.7,20.3
1266,14,Bhavnagar,Gujarat,West,21.76287,72.15331,2026-07-13 00:00:00,30.9,17.9
1267,14,Bhavnagar,Gujarat,West,21.76287,72.15331,2026-07-14 00:00:00,30.4,16.7
1268,14,Bhavnagar,Gujarat,West,21.76287,72.15331,2026-07-15 00:00:00,30.0,11.1
1269,14,Bhavnagar,Gujarat,West,21.76287,72.15331,2026-07-16 00:00:00,29.3,9.1
1270,14,Bhavnagar,Gujarat,West,21.76287,72.15331,2026-07-17 00:00:00,29.5,9.9
1271,14,Bhavnagar,Gujarat,West,21.76287,72.15331,2026-07-18 00:00:00,29.6,12.0
1272,14,Bhavnagar,Gujarat,West,21.76287,72.15331,2026-07-19 00:00:00,29.3,11.4
1273,14,Bhavnagar,Gujarat,West,21.76287,72.15331,2026-07-20 00:00:00,28.8,11.2
1274,14,Bhavnagar,Gujarat,West,21.76287,72.15331,2026-07-21 00:00:00,28.2,12.5
1275,14,Bhavnagar,Gujarat,West,21.76287,72.15331,2026-07-22 00:00:00,27.6,11.2
1276,14,Bhavnagar,Gujarat,West,21.76287,72.15331,2026-07-23 00:00:00,26.4,18.3
1277,14,Bhavnagar,Gujarat,West,21.76287,72.15331,2026-07-24 00:00:00,26.6,18.8
1278,14,Bhavnagar,Gujarat,West,21.76287,72.15331,2026-07-25 00:00:00,27.2,15.2
1279,14,Bhavnagar,Gujarat,West,21.76287,72.15331,2026-07-26 00:00:00,28.7,14.7
1280,14,Bhavnagar,Gujarat,West,21.76287,72.15331,2026-07-27 00:00:00,27.9,13.1
1281,14,Bhavnagar,Gujarat,West,21.76287,72.15331,2026-07-28 00:00:00,29.7,13.7
1282,14,Bhavnagar,Gujarat,West,21.76287,72.15331,2026-07-29 00:00:00,29.9,13.1
1283,14,Bhavnagar,Gujarat,West,21.76287,72.15331,2026-07-30 00:00:00,29.5,10.1
1284,14,Bhavnagar,Gujarat,West,21.76287,72.15331,2026-07-31 00:00:00,26.8,18.8
1285,14,Bhavnagar,Gujarat,West,21.76287,72.15331,2026-08-01 00:00:00,26.7,19.8
1286,14,Bhavnagar,Gujarat,West,21.76287,72.15331,2026-08-02 00:00:00,27.8,16.6
1287,14,Bhavnagar,Gujarat,West,21.76287,72.15331,2026-08-03 00:00:00,29.0,13.0
1288,14,Bhavnagar,Gujarat,West,21.76287,72.15331,2026-08-04 00:00:00,29.3,11.3
1289,14,Bhavnagar,Gujarat,West,21.76287,72.15331,2026-08-05 00:00:00,29.0,12.1
1290,14,Bhavnagar,Gujarat,West,21.76287,72.15331,2026-08-06 00:00:00,29.5,15.1
1291,14,Bhavnagar,Gujarat,West,21.76287,72.15331,2026-08-07 00:00:00,29.4,15.4
1292,14,Bhavnagar,Gujarat,West,21.76287,72.15331,2026-08-08 00:00:00,29.3,11.9
1293,49,Jamnagar,Gujarat,West,22.47292,70.06673,2026-07-10 00:00:00,31.4,21.0
1294,49,Jamnagar,Gujarat,West,22.47292,70.06673,2026-07-11 00:00:00,31.4,23.8
1295,49,Jamnagar,Gujarat,West,22.47292,70.06673,2026-07-12 00:00:00,31.6,23.0
1296,49,Jamnagar,Gujarat,West,22.47292,70.06673,2026-07-13 00:00:00,31.5,22.3
1297,49,Jamnagar,Gujarat,West,22.47292,70.06673,2026-07-14 00:00:00,31.0,19.6
1298,49,Jamnagar,Gujarat,West,22.47292,70.06673,2026-07-15 00:00:00,30.7,15.4
1299,49,Jamnagar,Gujarat,West,22.47292,70.06673,2026-07-16 00:00:00,30.0,12.4
1300,49,Jamnagar,Gujarat,West,22.47292,70.06673,2026-07-17 00:00:00,29.6,14.0
1301,49,Jamnagar,Gujarat,West,22.47292,70.06673,2026-07-18 00:00:00,29.5,16.5
1302,49,Jamnagar,Gujarat,West,22.47292,70.06673,2026-07-19 00:00:00,29.8,15.5
1303,49,Jamnagar,Gujarat,West,22.47292,70.06673,2026-07-20 00:00:00,29.4,14.5
1304,49,Jamnagar,Gujarat,West,22.47292,70.06673,2026-07-21 00:00:00,29.2,15.6
1305,49,Jamnagar,Gujarat,West,22.47292,70.06673,2026-07-22 00:00:00,29.1,17.1
1306,49,Jamnagar,Gujarat,West,22.47292,70.06673,2026-07-23 00:00:00,27.8,15.6
1307,49,Jamnagar,Gujarat,West,22.47292,70.06673,2026-07-24 00:00:00,26.5,19.0
1308,49,Jamnagar,Gujarat,West,22.47292,70.06673,2026-07-25 00:00:00,27.9,16.8
1309,49,Jamnagar,Gujarat,West,22.47292,70.06673,2026-07-26 00:00:00,28.5,15.9
1310,49,Jamnagar,Gujarat,West,22.47292,70.06673,2026-07-27 00:00:00,28.9,16.2
1311,49,Jamnagar,Gujarat,West,22.47292,70.06673,2026-07-28 00:00:00,29.3,15.2
1312,49,Jamnagar,Gujarat,West,22.47292,70.06673,2026-07-29 00:00:00,29.2,15.8
1313,49,Jamnagar,Gujarat,West,22.47292,70.06673,2026-07-30 00:00:00,29.2,12.6
1314,49,Jamnagar,Gujarat,West,22.47292,70.06673,2026-07-31 00:00:00,29.2,13.0
1315,49,Jamnagar,Gujarat,West,22.47292,70.06673,2026-08-01 00:00:00,26.9,18.2
1316,49,Jamnagar,Gujarat,West,22.47292,70.06673,2026-08-02 00:00:00,27.1,14.2
1317,49,Jamnagar,Gujarat,West,22.47292,70.06673,2026-08-03 00:00:00,28.6,14.5
1318,49,Jamnagar,Gujarat,West,22.47292,70.06673,2026-08-04 00:00:00,28.6,13.6
1319,49,Jamnagar,Gujarat,West,22.47292,70.06673,2026-08-05 00:00:00,28.9,14.3
1320,49,Jamnagar,Gujarat,West,22.47292,70.06673,2026-08-06 00:00:00,28.9,15.5
1321,49,Jamnagar,Gujarat,West,22.47292,70.06673,2026-08-07 00:00:00,28.9,15.6
1322,49,Jamnagar,Gujarat,West,22.47292,70.06673,2026-08-08 00:00:00,28.4,14.4
1323,31,Gandhinagar,Gujarat,West,23.21667,72.68333,2026-07-10 00:00:00,31.0,16.9
1324,31,Gandhinagar,Gujarat,West,23.21667,72.68333,2026-07-11 00:00:00,31.4,19.7
1325,31,Gandhinagar,Gujarat,West,23.21667,72.68333,2026-07-12 00:00:00,31.7,21.3
1326,31,Gandhinagar,Gujarat,West,23.21667,72.68333,2026-07-13 00:00:00,31.7,18.5
1327,31,Gandhinagar,Gujarat,West,23.21667,72.68333,2026-07-14 00:00:00,31.0,16.6
1328,31,Gandhinagar,Gujarat,West,23.21667,72.68333,2026-07-15 00:00:00,30.9,12.1
1329,31,Gandhinagar,Gujarat,West,23.21667,72.68333,2026-07-16 00:00:00,31.2,10.9
1330,31,Gandhinagar,Gujarat,West,23.21667,72.68333,2026-07-17 00:00:00,31.4,10.9
1331,31,Gandhinagar,Gujarat,West,23.21667,72.68333,2026-07-18 00:00:00,30.6,11.4
1332,31,Gandhinagar,Gujarat,West,23.21667,72.68333,2026-07-19 00:00:00,30.3,10.4
1333,31,Gandhinagar,Gujarat,West,23.21667,72.68333,2026-07-20 00:00:00,28.9,8.9
1334,31,Gandhinagar,Gujarat,West,23.21667,72.68333,2026-07-21 00:00:00,28.7,9.9
1335,31,Gandhinagar,Gujarat,West,23.21667,72.68333,2026-07-22 00:00:00,28.5,9.6
1336,31,Gandhinagar,Gujarat,West,23.21667,72.68333,2026-07-23 00:00:00,26.4,11.3
1337,31,Gandhinagar,Gujarat,West,23.21667,72.68333,2026-07-24 00:00:00,25.8,17.3
1338,31,Gandhinagar,Gujarat,West,23.21667,72.68333,2026-07-25 00:00:00,26.3,17.1
1339,31,Gandhinagar,Gujarat,West,23.21667,72.68333,2026-07-26 00:00:00,27.3,14.4
1340,31,Gandhinagar,Gujarat,West,23.21667,72.68333,2026-07-27 00:00:00,27.5,12.1
1341,31,Gandhinagar,Gujarat,West,23.21667,72.68333,2026-07-28 00:00:00,29.3,11.5
1342,31,Gandhinagar,Gujarat,West,23.21667,72.68333,2026-07-29 00:00:00,29.1,8.1
1343,31,Gandhinagar,Gujarat,West,23.21667,72.68333,2026-07-30 00:00:00,29.7,8.1
1344,31,Gandhinagar,Gujarat,West,23.21667,72.68333,2026-07-31 00:00:00,28.6,11.9
1345,31,Gandhinagar,Gujarat,West,23.21667,72.68333,2026-08-01 00:00:00,26.7,14.8
1346,31,Gandhinagar,Gujarat,West,23.21667,72.68333,2026-08-02 00:00:00,27.9,12.8
1347,31,Gandhinagar,Gujarat,West,23.21667,72.68333,2026-08-03 00:00:00,28.1,12.2
1348,31,Gandhinagar,Gujarat,West,23.21667,72.68333,2026-08-04 00:00:00,29.2,9.8
1349,31,Gandhinagar,Gujarat,West,23.21667,72.68333,2026-08-05 00:00:00,29.0,9.5
1350,31,Gandhinagar,Gujarat,West,23.21667,72.68333,2026-08-06 00:00:00,29.2,11.2
1351,31,Gandhinagar,Gujarat,West,23.21667,72.68333,2026-08-07 00:00:00,29.0,12.1
1352,31,Gandhinagar,Gujarat,West,23.21667,72.68333,2026-08-08 00:00:00,28.9,11.7
1353,82,Panaji,Goa,West,23.04026,73.17863,2026-07-10 00:00:00,30.9,19.9
1354,82,Panaji,Goa,West,23.04026,73.17863,2026-07-11 00:00:00,30.9,22.7
1355,82,Panaji,Goa,West,23.04026,73.17863,2026-07-12 00:00:00,30.6,23.3
1356,82,Panaji,Goa,West,23.04026,73.17863,2026-07-13 00:00:00,30.8,22.0
1357,82,Panaji,Goa,West,23.04026,73.17863,2026-07-14 00:00:00,30.6,19.7
1358,82,Panaji,Goa,West,23.04026,73.17863,2026-07-15 00:00:00,30.3,14.2
1359,82,Panaji,Goa,West,23.04026,73.17863,2026-07-16 00:00:00,30.3,12.7
1360,82,Panaji,Goa,West,23.04026,73.17863,2026-07-17 00:00:00,30.8,13.1
1361,82,Panaji,Goa,West,23.04026,73.17863,2026-07-18 00:00:00,30.3,12.9
1362,82,Panaji,Goa,West,23.04026,73.17863,2026-07-19 00:00:00,29.8,11.3
1363,82,Panaji,Goa,West,23.04026,73.17863,2026-07-20 00:00:00,28.3,10.2
1364,82,Panaji,Goa,West,23.04026,73.17863,2026-07-21 00:00:00,28.2,11.6
1365,82,Panaji,Goa,West,23.04026,73.17863,2026-07-22 00:00:00,27.4,9.5
1366,82,Panaji,Goa,West,23.04026,73.17863,2026-07-23 00:00:00,26.7,9.3
1367,82,Panaji,Goa,West,23.04026,73.17863,2026-07-24 00:00:00,25.7,19.2
1368,82,Panaji,Goa,West,23.04026,73.17863,2026-07-25 00:00:00,25.8,17.4
1369,82,Panaji,Goa,West,23.04026,73.17863,2026-07-26 00:00:00,27.5,14.0
1370,82,Panaji,Goa,West,23.04026,73.17863,2026-07-27 00:00:00,26.8,12.6
1371,82,Panaji,Goa,West,23.04026,73.17863,2026-07-28 00:00:00,28.9,12.2
1372,82,Panaji,Goa,West,23.04026,73.17863,2026-07-29 00:00:00,28.4,8.0
1373,82,Panaji,Goa,West,23.04026,73.17863,2026-07-30 00:00:00,29.6,9.2
1374,82,Panaji,Goa,West,23.04026,73.17863,2026-07-31 00:00:00,28.3,11.1
1375,82,Panaji,Goa,West,23.04026,73.17863,2026-08-01 00:00:00,26.8,14.7
1376,82,Panaji,Goa,West,23.04026,73.17863,2026-08-02 00:00:00,28.1,14.3
1377,82,Panaji,Goa,West,23.04026,73.17863,2026-08-03 00:00:00,28.7,13.2
1378,82,Panaji,Goa,West,23.04026,73.17863,2026-08-04 00:00:00,29.0,11.6
1379,82,Panaji,Goa,West,23.04026,73.17863,2026-08-05 00:00:00,28.7,11.4
1380,82,Panaji,Goa,West,23.04026,73.17863,2026-08-06 00:00:00,29.0,12.8
1381,82,Panaji,Goa,West,23.04026,73.17863,2026-08-07 00:00:00,28.8,13.6
1382,82,Panaji,Goa,West,23.04026,73.17863,2026-08-08 00:00:00,29.2,11.9
1383,116,Vasco da Gama,Goa,West,15.39585,73.81568,2026-07-10 00:00:00,27.7,14.6
1384,116,Vasco da Gama,Goa,West,15.39585,73.81568,2026-07-11 00:00:00,27.6,13.6
1385,116,Vasco da Gama,Goa,West,15.39585,73.81568,2026-07-12 00:00:00,28.0,16.4
1386,116,Vasco da Gama,Goa,West,15.39585,73.81568,2026-07-13 00:00:00,28.3,15.2
1387,116,Vasco da Gama,Goa,West,15.39585,73.81568,2026-07-14 00:00:00,28.1,12.2
1388,116,Vasco da Gama,Goa,West,15.39585,73.81568,2026-07-15 00:00:00,27.5,9.2
1389,116,Vasco da Gama,Goa,West,15.39585,73.81568,2026-07-16 00:00:00,26.7,8.8
1390,116,Vasco da Gama,Goa,West,15.39585,73.81568,2026-07-17 00:00:00,25.0,8.5
1391,116,Vasco da Gama,Goa,West,15.39585,73.81568,2026-07-18 00:00:00,25.7,6.4
1392,116,Vasco da Gama,Goa,West,15.39585,73.81568,2026-07-19 00:00:00,25.6,7.1
1393,116,Vasco da Gama,Goa,West,15.39585,73.81568,2026-07-20 00:00:00,25.9,10.8
1394,116,Vasco da Gama,Goa,West,15.39585,73.81568,2026-07-21 00:00:00,27.1,11.4
1395,116,Vasco da Gama,Goa,West,15.39585,73.81568,2026-07-22 00:00:00,26.1,12.2
1396,116,Vasco da Gama,Goa,West,15.39585,73.81568,2026-07-23 00:00:00,27.8,19.6
1397,116,Vasco da Gama,Goa,West,15.39585,73.81568,2026-07-24 00:00:00,27.2,15.7
1398,116,Vasco da Gama,Goa,West,15.39585,73.81568,2026-07-25 00:00:00,27.0,13.2
1399,116,Vasco da Gama,Goa,West,15.39585,73.81568,2026-07-26 00:00:00,26.9,11.0
1400,116,Vasco da Gama,Goa,West,15.39585,73.81568,2026-07-27 00:00:00,26.0,11.6
1401,116,Vasco da Gama,Goa,West,15.39585,73.81568,2026-07-28 00:00:00,26.4,12.1
1402,116,Vasco da Gama,Goa,West,15.39585,73.81568,2026-07-29 00:00:00,27.4,21.6
1403,116,Vasco da Gama,Goa,West,15.39585,73.81568,2026-07-30 00:00:00,27.4,24.9
1404,116,Vasco da Gama,Goa,West,15.39585,73.81568,2026-07-31 00:00:00,26.5,21.9
1405,116,Vasco da Gama,Goa,West,15.39585,73.81568,2026-08-01 00:00:00,26.9,18.3
1406,116,Vasco da Gama,Goa,West,15.39585,73.81568,2026-08-02 00:00:00,25.6,9.0
1407,116,Vasco da Gama,Goa,West,15.39585,73.81568,2026-08-03 00:00:00,26.2,10.2
1408,116,Vasco da Gama,Goa,West,15.39585,73.81568,2026-08-04 00:00:00,25.9,11.6
1409,116,Vasco da Gama,Goa,West,15.39585,73.81568,2026-08-05 00:00:00,26.3,9.7
1410,116,Vasco da Gama,Goa,West,15.39585,73.81568,2026-08-06 00:00:00,25.9,12.2
1411,116,Vasco da Gama,Goa,West,15.39585,73.81568,2026-08-07 00:00:00,26.3,16.4
1412,116,Vasco da Gama,Goa,West,15.39585,73.81568,2026-08-08 00:00:00,25.7,12.2
1413,69,Mapusa,Goa,West,15.59154,73.80898,2026-07-10 00:00:00,27.4,11.6
1414,69,Mapusa,Goa,West,15.59154,73.80898,2026-07-11 00:00:00,27.4,11.4
1415,69,Mapusa,Goa,West,15.59154,73.80898,2026-07-12 00:00:00,28.0,14.6
1416,69,Mapusa,Goa,West,15.59154,73.80898,2026-07-13 00:00:00,28.1,13.2
1417,69,Mapusa,Goa,West,15.59154,73.80898,2026-07-14 00:00:00,27.9,10.4
1418,69,Mapusa,Goa,West,15.59154,73.80898,2026-07-15 00:00:00,27.2,8.9
1419,69,Mapusa,Goa,West,15.59154,73.80898,2026-07-16 00:00:00,26.4,6.9
1420,69,Mapusa,Goa,West,15.59154,73.80898,2026-07-17 00:00:00,24.7,7.8
1421,69,Mapusa,Goa,West,15.59154,73.80898,2026-07-18 00:00:00,25.3,5.6
1422,69,Mapusa,Goa,West,15.59154,73.80898,2026-07-19 00:00:00,25.4,6.1
1423,69,Mapusa,Goa,West,15.59154,73.80898,2026-07-20 00:00:00,25.3,9.9
1424,69,Mapusa,Goa,West,15.59154,73.80898,2026-07-21 00:00:00,26.2,8.1
1425,69,Mapusa,Goa,West,15.59154,73.80898,2026-07-22 00:00:00,25.4,9.1
1426,69,Mapusa,Goa,West,15.59154,73.80898,2026-07-23 00:00:00,27.2,15.3
1427,69,Mapusa,Goa,West,15.59154,73.80898,2026-07-24 00:00:00,26.9,13.2
1428,69,Mapusa,Goa,West,15.59154,73.80898,2026-07-25 00:00:00,26.3,8.5
1429,69,Mapusa,Goa,West,15.59154,73.80898,2026-07-26 00:00:00,26.7,8.9
1430,69,Mapusa,Goa,West,15.59154,73.80898,2026-07-27 00:00:00,25.7,9.5
1431,69,Mapusa,Goa,West,15.59154,73.80898,2026-07-28 00:00:00,25.9,9.8
1432,69,Mapusa,Goa,West,15.59154,73.80898,2026-07-29 00:00:00,27.0,17.7
1433,69,Mapusa,Goa,West,15.59154,73.80898,2026-07-30 00:00:00,27.0,21.5
1434,69,Mapusa,Goa,West,15.59154,73.80898,2026-07-31 00:00:00,26.1,18.0
1435,69,Mapusa,Goa,West,15.59154,73.80898,2026-08-01 00:00:00,26.4,14.4
1436,69,Mapusa,Goa,West,15.59154,73.80898,2026-08-02 00:00:00,25.2,7.3
1437,69,Mapusa,Goa,West,15.59154,73.80898,2026-08-03 00:00:00,25.8,7.6
1438,69,Mapusa,Goa,West,15.59154,73.80898,2026-08-04 00:00:00,25.5,9.3
1439,69,Mapusa,Goa,West,15.59154,73.80898,2026-08-05 00:00:00,25.9,7.4
1440,69,Mapusa,Goa,West,15.59154,73.80898,2026-08-06 00:00:00,25.5,9.9
1441,69,Mapusa,Goa,West,15.59154,73.80898,2026-08-07 00:00:00,26.0,13.2
1442,69,Mapusa,Goa,West,15.59154,73.80898,2026-08-08 00:00:00,25.4,10.4
1443,15,Bhopal,Madhya Pradesh,Central,23.25469,77.40289,2026-07-10 00:00:00,27.9,17.1
1444,15,Bhopal,Madhya Pradesh,Central,23.25469,77.40289,2026-07-11 00:00:00,27.5,18.6
1445,15,Bhopal,Madhya Pradesh,Central,23.25469,77.40289,2026-07-12 00:00:00,27.6,16.6
1446,15,Bhopal,Madhya Pradesh,Central,23.25469,77.40289,2026-07-13 00:00:00,28.1,16.9
1447,15,Bhopal,Madhya Pradesh,Central,23.25469,77.40289,2026-07-14 00:00:00,27.8,16.5
1448,15,Bhopal,Madhya Pradesh,Central,23.25469,77.40289,2026-07-15 00:00:00,27.6,12.9
1449,15,Bhopal,Madhya Pradesh,Central,23.25469,77.40289,2026-07-16 00:00:00,28.3,12.4
1450,15,Bhopal,Madhya Pradesh,Central,23.25469,77.40289,2026-07-17 00:00:00,28.5,11.6
1451,15,Bhopal,Madhya Pradesh,Central,23.25469,77.40289,2026-07-18 00:00:00,27.9,12.1
1452,15,Bhopal,Madhya Pradesh,Central,23.25469,77.40289,2026-07-19 00:00:00,27.3,8.4
1453,15,Bhopal,Madhya Pradesh,Central,23.25469,77.40289,2026-07-20 00:00:00,26.7,8.9
1454,15,Bhopal,Madhya Pradesh,Central,23.25469,77.40289,2026-07-21 00:00:00,24.6,11.5
1713,60,Korba,Chhattisgarh,Central,22.3458,82.69633,2026-07-10 00:00:00,28.7,8.7
1455,15,Bhopal,Madhya Pradesh,Central,23.25469,77.40289,2026-07-22 00:00:00,24.6,13.3
1456,15,Bhopal,Madhya Pradesh,Central,23.25469,77.40289,2026-07-23 00:00:00,25.3,15.8
1457,15,Bhopal,Madhya Pradesh,Central,23.25469,77.40289,2026-07-24 00:00:00,25.9,15.0
1458,15,Bhopal,Madhya Pradesh,Central,23.25469,77.40289,2026-07-25 00:00:00,25.8,13.4
1459,15,Bhopal,Madhya Pradesh,Central,23.25469,77.40289,2026-07-26 00:00:00,26.0,9.1
1460,15,Bhopal,Madhya Pradesh,Central,23.25469,77.40289,2026-07-27 00:00:00,26.8,9.7
1461,15,Bhopal,Madhya Pradesh,Central,23.25469,77.40289,2026-07-28 00:00:00,26.2,9.8
1462,15,Bhopal,Madhya Pradesh,Central,23.25469,77.40289,2026-07-29 00:00:00,25.9,12.5
1463,15,Bhopal,Madhya Pradesh,Central,23.25469,77.40289,2026-07-30 00:00:00,26.7,12.9
1464,15,Bhopal,Madhya Pradesh,Central,23.25469,77.40289,2026-07-31 00:00:00,26.4,15.7
1465,15,Bhopal,Madhya Pradesh,Central,23.25469,77.40289,2026-08-01 00:00:00,25.5,17.1
1466,15,Bhopal,Madhya Pradesh,Central,23.25469,77.40289,2026-08-02 00:00:00,26.0,14.3
1467,15,Bhopal,Madhya Pradesh,Central,23.25469,77.40289,2026-08-03 00:00:00,26.5,12.1
1468,15,Bhopal,Madhya Pradesh,Central,23.25469,77.40289,2026-08-04 00:00:00,26.4,10.8
1469,15,Bhopal,Madhya Pradesh,Central,23.25469,77.40289,2026-08-05 00:00:00,26.6,12.1
1470,15,Bhopal,Madhya Pradesh,Central,23.25469,77.40289,2026-08-06 00:00:00,26.5,12.2
1471,15,Bhopal,Madhya Pradesh,Central,23.25469,77.40289,2026-08-07 00:00:00,25.3,12.7
1472,15,Bhopal,Madhya Pradesh,Central,23.25469,77.40289,2026-08-08 00:00:00,25.4,14.1
1473,43,Indore,Madhya Pradesh,Central,22.71792,75.8333,2026-07-10 00:00:00,27.0,18.4
1474,43,Indore,Madhya Pradesh,Central,22.71792,75.8333,2026-07-11 00:00:00,26.7,20.2
1475,43,Indore,Madhya Pradesh,Central,22.71792,75.8333,2026-07-12 00:00:00,26.9,19.3
1476,43,Indore,Madhya Pradesh,Central,22.71792,75.8333,2026-07-13 00:00:00,27.4,18.2
1477,43,Indore,Madhya Pradesh,Central,22.71792,75.8333,2026-07-14 00:00:00,27.1,17.4
1478,43,Indore,Madhya Pradesh,Central,22.71792,75.8333,2026-07-15 00:00:00,27.7,13.3
1479,43,Indore,Madhya Pradesh,Central,22.71792,75.8333,2026-07-16 00:00:00,28.4,12.3
1480,43,Indore,Madhya Pradesh,Central,22.71792,75.8333,2026-07-17 00:00:00,28.5,12.7
1481,43,Indore,Madhya Pradesh,Central,22.71792,75.8333,2026-07-18 00:00:00,27.7,12.7
1482,43,Indore,Madhya Pradesh,Central,22.71792,75.8333,2026-07-19 00:00:00,27.1,10.0
1483,43,Indore,Madhya Pradesh,Central,22.71792,75.8333,2026-07-20 00:00:00,26.0,10.0
1484,43,Indore,Madhya Pradesh,Central,22.71792,75.8333,2026-07-21 00:00:00,24.7,12.3
1485,43,Indore,Madhya Pradesh,Central,22.71792,75.8333,2026-07-22 00:00:00,24.5,11.9
1486,43,Indore,Madhya Pradesh,Central,22.71792,75.8333,2026-07-23 00:00:00,25.1,12.6
1487,43,Indore,Madhya Pradesh,Central,22.71792,75.8333,2026-07-24 00:00:00,25.5,16.3
1488,43,Indore,Madhya Pradesh,Central,22.71792,75.8333,2026-07-25 00:00:00,25.0,13.9
1489,43,Indore,Madhya Pradesh,Central,22.71792,75.8333,2026-07-26 00:00:00,26.1,11.1
1490,43,Indore,Madhya Pradesh,Central,22.71792,75.8333,2026-07-27 00:00:00,25.6,10.5
1491,43,Indore,Madhya Pradesh,Central,22.71792,75.8333,2026-07-28 00:00:00,25.3,12.4
1492,43,Indore,Madhya Pradesh,Central,22.71792,75.8333,2026-07-29 00:00:00,25.4,11.1
1493,43,Indore,Madhya Pradesh,Central,22.71792,75.8333,2026-07-30 00:00:00,25.9,13.3
1494,43,Indore,Madhya Pradesh,Central,22.71792,75.8333,2026-07-31 00:00:00,25.5,10.6
1495,43,Indore,Madhya Pradesh,Central,22.71792,75.8333,2026-08-01 00:00:00,25.0,13.4
1496,43,Indore,Madhya Pradesh,Central,22.71792,75.8333,2026-08-02 00:00:00,25.8,14.1
1497,43,Indore,Madhya Pradesh,Central,22.71792,75.8333,2026-08-03 00:00:00,26.2,12.0
1498,43,Indore,Madhya Pradesh,Central,22.71792,75.8333,2026-08-04 00:00:00,25.8,11.8
1499,43,Indore,Madhya Pradesh,Central,22.71792,75.8333,2026-08-05 00:00:00,25.9,11.4
1500,43,Indore,Madhya Pradesh,Central,22.71792,75.8333,2026-08-06 00:00:00,25.1,11.1
1501,43,Indore,Madhya Pradesh,Central,22.71792,75.8333,2026-08-07 00:00:00,25.5,14.0
1502,43,Indore,Madhya Pradesh,Central,22.71792,75.8333,2026-08-08 00:00:00,25.8,14.2
1503,37,Gwalior,Madhya Pradesh,Central,26.22983,78.17337,2026-07-10 00:00:00,31.2,17.9
1504,37,Gwalior,Madhya Pradesh,Central,26.22983,78.17337,2026-07-11 00:00:00,31.2,16.4
1505,37,Gwalior,Madhya Pradesh,Central,26.22983,78.17337,2026-07-12 00:00:00,31.5,16.1
1506,37,Gwalior,Madhya Pradesh,Central,26.22983,78.17337,2026-07-13 00:00:00,31.4,15.5
1507,37,Gwalior,Madhya Pradesh,Central,26.22983,78.17337,2026-07-14 00:00:00,32.0,15.0
1508,37,Gwalior,Madhya Pradesh,Central,26.22983,78.17337,2026-07-15 00:00:00,31.3,12.5
1509,37,Gwalior,Madhya Pradesh,Central,26.22983,78.17337,2026-07-16 00:00:00,32.2,11.2
1510,37,Gwalior,Madhya Pradesh,Central,26.22983,78.17337,2026-07-17 00:00:00,32.2,12.8
1511,37,Gwalior,Madhya Pradesh,Central,26.22983,78.17337,2026-07-18 00:00:00,32.1,11.2
1512,37,Gwalior,Madhya Pradesh,Central,26.22983,78.17337,2026-07-19 00:00:00,30.7,8.9
1513,37,Gwalior,Madhya Pradesh,Central,26.22983,78.17337,2026-07-20 00:00:00,27.6,8.6
1514,37,Gwalior,Madhya Pradesh,Central,26.22983,78.17337,2026-07-21 00:00:00,28.0,3.6
1515,37,Gwalior,Madhya Pradesh,Central,26.22983,78.17337,2026-07-22 00:00:00,29.2,11.3
1516,37,Gwalior,Madhya Pradesh,Central,26.22983,78.17337,2026-07-23 00:00:00,28.4,9.5
1517,37,Gwalior,Madhya Pradesh,Central,26.22983,78.17337,2026-07-24 00:00:00,29.6,10.5
1518,37,Gwalior,Madhya Pradesh,Central,26.22983,78.17337,2026-07-25 00:00:00,30.2,8.1
1519,37,Gwalior,Madhya Pradesh,Central,26.22983,78.17337,2026-07-26 00:00:00,30.9,4.5
1520,37,Gwalior,Madhya Pradesh,Central,26.22983,78.17337,2026-07-27 00:00:00,30.8,7.6
1521,37,Gwalior,Madhya Pradesh,Central,26.22983,78.17337,2026-07-28 00:00:00,29.8,4.3
1522,37,Gwalior,Madhya Pradesh,Central,26.22983,78.17337,2026-07-29 00:00:00,29.8,7.3
1523,37,Gwalior,Madhya Pradesh,Central,26.22983,78.17337,2026-07-30 00:00:00,30.3,10.4
1524,37,Gwalior,Madhya Pradesh,Central,26.22983,78.17337,2026-07-31 00:00:00,29.6,14.8
1525,37,Gwalior,Madhya Pradesh,Central,26.22983,78.17337,2026-08-01 00:00:00,30.0,12.2
1526,37,Gwalior,Madhya Pradesh,Central,26.22983,78.17337,2026-08-02 00:00:00,30.2,8.5
1527,37,Gwalior,Madhya Pradesh,Central,26.22983,78.17337,2026-08-03 00:00:00,29.1,6.5
1528,37,Gwalior,Madhya Pradesh,Central,26.22983,78.17337,2026-08-04 00:00:00,27.7,9.1
1529,37,Gwalior,Madhya Pradesh,Central,26.22983,78.17337,2026-08-05 00:00:00,27.2,12.0
1530,37,Gwalior,Madhya Pradesh,Central,26.22983,78.17337,2026-08-06 00:00:00,27.1,14.9
1531,37,Gwalior,Madhya Pradesh,Central,26.22983,78.17337,2026-08-07 00:00:00,27.0,12.6
1532,37,Gwalior,Madhya Pradesh,Central,26.22983,78.17337,2026-08-08 00:00:00,28.7,5.7
1533,45,Jabalpur,Madhya Pradesh,Central,23.16697,79.95006,2026-07-10 00:00:00,27.3,12.8
1534,45,Jabalpur,Madhya Pradesh,Central,23.16697,79.95006,2026-07-11 00:00:00,28.2,16.4
1535,45,Jabalpur,Madhya Pradesh,Central,23.16697,79.95006,2026-07-12 00:00:00,28.4,15.0
1536,45,Jabalpur,Madhya Pradesh,Central,23.16697,79.95006,2026-07-13 00:00:00,28.8,13.0
1537,45,Jabalpur,Madhya Pradesh,Central,23.16697,79.95006,2026-07-14 00:00:00,29.0,12.6
1538,45,Jabalpur,Madhya Pradesh,Central,23.16697,79.95006,2026-07-15 00:00:00,28.3,10.7
1539,45,Jabalpur,Madhya Pradesh,Central,23.16697,79.95006,2026-07-16 00:00:00,28.4,11.2
1540,45,Jabalpur,Madhya Pradesh,Central,23.16697,79.95006,2026-07-17 00:00:00,26.8,11.1
1541,45,Jabalpur,Madhya Pradesh,Central,23.16697,79.95006,2026-07-18 00:00:00,27.2,9.7
1542,45,Jabalpur,Madhya Pradesh,Central,23.16697,79.95006,2026-07-19 00:00:00,27.3,8.0
1543,45,Jabalpur,Madhya Pradesh,Central,23.16697,79.95006,2026-07-20 00:00:00,26.6,7.1
1544,45,Jabalpur,Madhya Pradesh,Central,23.16697,79.95006,2026-07-21 00:00:00,25.2,7.2
1545,45,Jabalpur,Madhya Pradesh,Central,23.16697,79.95006,2026-07-22 00:00:00,25.1,8.1
1546,45,Jabalpur,Madhya Pradesh,Central,23.16697,79.95006,2026-07-23 00:00:00,25.4,11.2
1547,45,Jabalpur,Madhya Pradesh,Central,23.16697,79.95006,2026-07-24 00:00:00,27.6,10.2
1548,45,Jabalpur,Madhya Pradesh,Central,23.16697,79.95006,2026-07-25 00:00:00,28.1,6.5
1549,45,Jabalpur,Madhya Pradesh,Central,23.16697,79.95006,2026-07-26 00:00:00,28.4,9.1
1550,45,Jabalpur,Madhya Pradesh,Central,23.16697,79.95006,2026-07-27 00:00:00,28.0,8.2
1551,45,Jabalpur,Madhya Pradesh,Central,23.16697,79.95006,2026-07-28 00:00:00,27.3,5.8
1552,45,Jabalpur,Madhya Pradesh,Central,23.16697,79.95006,2026-07-29 00:00:00,26.9,11.4
1553,45,Jabalpur,Madhya Pradesh,Central,23.16697,79.95006,2026-07-30 00:00:00,28.0,13.5
1554,45,Jabalpur,Madhya Pradesh,Central,23.16697,79.95006,2026-07-31 00:00:00,27.6,17.3
1555,45,Jabalpur,Madhya Pradesh,Central,23.16697,79.95006,2026-08-01 00:00:00,28.0,13.6
1556,45,Jabalpur,Madhya Pradesh,Central,23.16697,79.95006,2026-08-02 00:00:00,28.2,9.6
1557,45,Jabalpur,Madhya Pradesh,Central,23.16697,79.95006,2026-08-03 00:00:00,28.5,9.7
1558,45,Jabalpur,Madhya Pradesh,Central,23.16697,79.95006,2026-08-04 00:00:00,27.7,8.3
1559,45,Jabalpur,Madhya Pradesh,Central,23.16697,79.95006,2026-08-05 00:00:00,27.5,9.5
1560,45,Jabalpur,Madhya Pradesh,Central,23.16697,79.95006,2026-08-06 00:00:00,27.8,10.1
1561,45,Jabalpur,Madhya Pradesh,Central,23.16697,79.95006,2026-08-07 00:00:00,25.9,9.4
1562,45,Jabalpur,Madhya Pradesh,Central,23.16697,79.95006,2026-08-08 00:00:00,26.0,10.3
1563,113,Ujjain,Madhya Pradesh,Central,23.18239,75.77643,2026-07-10 00:00:00,27.6,19.4
1564,113,Ujjain,Madhya Pradesh,Central,23.18239,75.77643,2026-07-11 00:00:00,27.3,21.2
1565,113,Ujjain,Madhya Pradesh,Central,23.18239,75.77643,2026-07-12 00:00:00,27.5,19.8
1566,113,Ujjain,Madhya Pradesh,Central,23.18239,75.77643,2026-07-13 00:00:00,27.8,18.9
1567,113,Ujjain,Madhya Pradesh,Central,23.18239,75.77643,2026-07-14 00:00:00,27.4,18.3
1568,113,Ujjain,Madhya Pradesh,Central,23.18239,75.77643,2026-07-15 00:00:00,27.5,13.9
1569,113,Ujjain,Madhya Pradesh,Central,23.18239,75.77643,2026-07-16 00:00:00,28.1,13.0
1570,113,Ujjain,Madhya Pradesh,Central,23.18239,75.77643,2026-07-17 00:00:00,28.2,12.9
1571,113,Ujjain,Madhya Pradesh,Central,23.18239,75.77643,2026-07-18 00:00:00,27.9,12.5
1572,113,Ujjain,Madhya Pradesh,Central,23.18239,75.77643,2026-07-19 00:00:00,27.1,10.2
1573,113,Ujjain,Madhya Pradesh,Central,23.18239,75.77643,2026-07-20 00:00:00,26.1,10.0
1574,113,Ujjain,Madhya Pradesh,Central,23.18239,75.77643,2026-07-21 00:00:00,24.5,10.5
1575,113,Ujjain,Madhya Pradesh,Central,23.18239,75.77643,2026-07-22 00:00:00,24.6,11.9
1576,113,Ujjain,Madhya Pradesh,Central,23.18239,75.77643,2026-07-23 00:00:00,25.3,11.2
1577,113,Ujjain,Madhya Pradesh,Central,23.18239,75.77643,2026-07-24 00:00:00,25.5,18.0
1578,113,Ujjain,Madhya Pradesh,Central,23.18239,75.77643,2026-07-25 00:00:00,25.0,14.6
1579,113,Ujjain,Madhya Pradesh,Central,23.18239,75.77643,2026-07-26 00:00:00,26.5,12.1
1580,113,Ujjain,Madhya Pradesh,Central,23.18239,75.77643,2026-07-27 00:00:00,26.3,11.6
1581,113,Ujjain,Madhya Pradesh,Central,23.18239,75.77643,2026-07-28 00:00:00,26.0,12.9
1582,113,Ujjain,Madhya Pradesh,Central,23.18239,75.77643,2026-07-29 00:00:00,25.9,10.8
1583,113,Ujjain,Madhya Pradesh,Central,23.18239,75.77643,2026-07-30 00:00:00,26.4,11.5
1584,113,Ujjain,Madhya Pradesh,Central,23.18239,75.77643,2026-07-31 00:00:00,26.4,10.5
1585,113,Ujjain,Madhya Pradesh,Central,23.18239,75.77643,2026-08-01 00:00:00,25.8,13.5
1586,113,Ujjain,Madhya Pradesh,Central,23.18239,75.77643,2026-08-02 00:00:00,26.3,15.5
1587,113,Ujjain,Madhya Pradesh,Central,23.18239,75.77643,2026-08-03 00:00:00,26.9,13.7
1588,113,Ujjain,Madhya Pradesh,Central,23.18239,75.77643,2026-08-04 00:00:00,26.1,12.1
1589,113,Ujjain,Madhya Pradesh,Central,23.18239,75.77643,2026-08-05 00:00:00,26.2,12.1
1590,113,Ujjain,Madhya Pradesh,Central,23.18239,75.77643,2026-08-06 00:00:00,25.6,12.6
1591,113,Ujjain,Madhya Pradesh,Central,23.18239,75.77643,2026-08-07 00:00:00,25.9,15.4
1592,113,Ujjain,Madhya Pradesh,Central,23.18239,75.77643,2026-08-08 00:00:00,26.1,15.2
1593,94,Sagar,Madhya Pradesh,Central,22.38384,79.46607,2026-07-10 00:00:00,27.5,12.6
1594,94,Sagar,Madhya Pradesh,Central,22.38384,79.46607,2026-07-11 00:00:00,27.5,14.9
1595,94,Sagar,Madhya Pradesh,Central,22.38384,79.46607,2026-07-12 00:00:00,27.8,13.8
1596,94,Sagar,Madhya Pradesh,Central,22.38384,79.46607,2026-07-13 00:00:00,27.9,14.0
1597,94,Sagar,Madhya Pradesh,Central,22.38384,79.46607,2026-07-14 00:00:00,28.3,15.7
1598,94,Sagar,Madhya Pradesh,Central,22.38384,79.46607,2026-07-15 00:00:00,27.7,13.6
1599,94,Sagar,Madhya Pradesh,Central,22.38384,79.46607,2026-07-16 00:00:00,28.0,14.8
1600,94,Sagar,Madhya Pradesh,Central,22.38384,79.46607,2026-07-17 00:00:00,25.4,11.2
1601,94,Sagar,Madhya Pradesh,Central,22.38384,79.46607,2026-07-18 00:00:00,26.1,10.2
1602,94,Sagar,Madhya Pradesh,Central,22.38384,79.46607,2026-07-19 00:00:00,26.4,8.4
1603,94,Sagar,Madhya Pradesh,Central,22.38384,79.46607,2026-07-20 00:00:00,25.8,7.6
1604,94,Sagar,Madhya Pradesh,Central,22.38384,79.46607,2026-07-21 00:00:00,24.3,5.5
1605,94,Sagar,Madhya Pradesh,Central,22.38384,79.46607,2026-07-22 00:00:00,23.6,13.3
1606,94,Sagar,Madhya Pradesh,Central,22.38384,79.46607,2026-07-23 00:00:00,24.1,16.1
1607,94,Sagar,Madhya Pradesh,Central,22.38384,79.46607,2026-07-24 00:00:00,26.0,14.2
1608,94,Sagar,Madhya Pradesh,Central,22.38384,79.46607,2026-07-25 00:00:00,26.6,9.2
1609,94,Sagar,Madhya Pradesh,Central,22.38384,79.46607,2026-07-26 00:00:00,26.9,8.1
1610,94,Sagar,Madhya Pradesh,Central,22.38384,79.46607,2026-07-27 00:00:00,26.5,9.5
1611,94,Sagar,Madhya Pradesh,Central,22.38384,79.46607,2026-07-28 00:00:00,26.4,8.1
1612,94,Sagar,Madhya Pradesh,Central,22.38384,79.46607,2026-07-29 00:00:00,25.2,20.2
1613,94,Sagar,Madhya Pradesh,Central,22.38384,79.46607,2026-07-30 00:00:00,25.8,15.3
1614,94,Sagar,Madhya Pradesh,Central,22.38384,79.46607,2026-07-31 00:00:00,24.4,19.7
1615,94,Sagar,Madhya Pradesh,Central,22.38384,79.46607,2026-08-01 00:00:00,26.0,16.1
1616,94,Sagar,Madhya Pradesh,Central,22.38384,79.46607,2026-08-02 00:00:00,27.1,10.4
1617,94,Sagar,Madhya Pradesh,Central,22.38384,79.46607,2026-08-03 00:00:00,27.4,8.1
1618,94,Sagar,Madhya Pradesh,Central,22.38384,79.46607,2026-08-04 00:00:00,26.9,6.3
1619,94,Sagar,Madhya Pradesh,Central,22.38384,79.46607,2026-08-05 00:00:00,26.9,6.0
1620,94,Sagar,Madhya Pradesh,Central,22.38384,79.46607,2026-08-06 00:00:00,26.7,7.3
1621,94,Sagar,Madhya Pradesh,Central,22.38384,79.46607,2026-08-07 00:00:00,25.4,13.8
1622,94,Sagar,Madhya Pradesh,Central,22.38384,79.46607,2026-08-08 00:00:00,24.9,14.7
1623,90,Raipur,Chhattisgarh,Central,21.23333,81.63333,2026-07-10 00:00:00,29.4,13.4
1624,90,Raipur,Chhattisgarh,Central,21.23333,81.63333,2026-07-11 00:00:00,29.0,12.8
1625,90,Raipur,Chhattisgarh,Central,21.23333,81.63333,2026-07-12 00:00:00,29.7,14.9
1626,90,Raipur,Chhattisgarh,Central,21.23333,81.63333,2026-07-13 00:00:00,30.4,12.4
1627,90,Raipur,Chhattisgarh,Central,21.23333,81.63333,2026-07-14 00:00:00,29.8,10.1
1628,90,Raipur,Chhattisgarh,Central,21.23333,81.63333,2026-07-15 00:00:00,29.7,8.8
1629,90,Raipur,Chhattisgarh,Central,21.23333,81.63333,2026-07-16 00:00:00,27.1,10.5
1630,90,Raipur,Chhattisgarh,Central,21.23333,81.63333,2026-07-17 00:00:00,26.1,12.8
1631,90,Raipur,Chhattisgarh,Central,21.23333,81.63333,2026-07-18 00:00:00,26.1,12.0
1632,90,Raipur,Chhattisgarh,Central,21.23333,81.63333,2026-07-19 00:00:00,27.2,9.6
1633,90,Raipur,Chhattisgarh,Central,21.23333,81.63333,2026-07-20 00:00:00,27.0,8.9
1634,90,Raipur,Chhattisgarh,Central,21.23333,81.63333,2026-07-21 00:00:00,25.4,12.8
1635,90,Raipur,Chhattisgarh,Central,21.23333,81.63333,2026-07-22 00:00:00,25.0,19.1
1636,90,Raipur,Chhattisgarh,Central,21.23333,81.63333,2026-07-23 00:00:00,25.9,17.7
1637,90,Raipur,Chhattisgarh,Central,21.23333,81.63333,2026-07-24 00:00:00,27.8,13.4
1638,90,Raipur,Chhattisgarh,Central,21.23333,81.63333,2026-07-25 00:00:00,28.5,8.7
1639,90,Raipur,Chhattisgarh,Central,21.23333,81.63333,2026-07-26 00:00:00,27.8,9.5
1640,90,Raipur,Chhattisgarh,Central,21.23333,81.63333,2026-07-27 00:00:00,27.1,10.2
1641,90,Raipur,Chhattisgarh,Central,21.23333,81.63333,2026-07-28 00:00:00,26.3,11.7
1642,90,Raipur,Chhattisgarh,Central,21.23333,81.63333,2026-07-29 00:00:00,26.2,12.8
1643,90,Raipur,Chhattisgarh,Central,21.23333,81.63333,2026-07-30 00:00:00,26.0,16.3
1644,90,Raipur,Chhattisgarh,Central,21.23333,81.63333,2026-07-31 00:00:00,28.1,13.4
1645,90,Raipur,Chhattisgarh,Central,21.23333,81.63333,2026-08-01 00:00:00,28.3,8.7
1646,90,Raipur,Chhattisgarh,Central,21.23333,81.63333,2026-08-02 00:00:00,29.0,10.8
1647,90,Raipur,Chhattisgarh,Central,21.23333,81.63333,2026-08-03 00:00:00,28.7,7.3
1648,90,Raipur,Chhattisgarh,Central,21.23333,81.63333,2026-08-04 00:00:00,28.2,7.7
1649,90,Raipur,Chhattisgarh,Central,21.23333,81.63333,2026-08-05 00:00:00,27.3,9.0
1650,90,Raipur,Chhattisgarh,Central,21.23333,81.63333,2026-08-06 00:00:00,27.5,8.2
1651,90,Raipur,Chhattisgarh,Central,21.23333,81.63333,2026-08-07 00:00:00,26.2,8.4
1652,90,Raipur,Chhattisgarh,Central,21.23333,81.63333,2026-08-08 00:00:00,26.1,8.8
1653,18,Bilaspur,Chhattisgarh,Central,22.08005,82.15543,2026-07-10 00:00:00,29.4,11.3
1654,18,Bilaspur,Chhattisgarh,Central,22.08005,82.15543,2026-07-11 00:00:00,28.6,12.5
1655,18,Bilaspur,Chhattisgarh,Central,22.08005,82.15543,2026-07-12 00:00:00,30.2,15.0
1656,18,Bilaspur,Chhattisgarh,Central,22.08005,82.15543,2026-07-13 00:00:00,30.6,10.9
1657,18,Bilaspur,Chhattisgarh,Central,22.08005,82.15543,2026-07-14 00:00:00,29.8,10.1
1658,18,Bilaspur,Chhattisgarh,Central,22.08005,82.15543,2026-07-15 00:00:00,28.4,7.6
1659,18,Bilaspur,Chhattisgarh,Central,22.08005,82.15543,2026-07-16 00:00:00,28.1,9.3
1660,18,Bilaspur,Chhattisgarh,Central,22.08005,82.15543,2026-07-17 00:00:00,26.3,13.8
1661,18,Bilaspur,Chhattisgarh,Central,22.08005,82.15543,2026-07-18 00:00:00,27.2,9.8
1662,18,Bilaspur,Chhattisgarh,Central,22.08005,82.15543,2026-07-19 00:00:00,27.6,6.0
1663,18,Bilaspur,Chhattisgarh,Central,22.08005,82.15543,2026-07-20 00:00:00,27.0,5.5
1664,18,Bilaspur,Chhattisgarh,Central,22.08005,82.15543,2026-07-21 00:00:00,25.9,8.0
1665,18,Bilaspur,Chhattisgarh,Central,22.08005,82.15543,2026-07-22 00:00:00,25.2,15.5
1666,18,Bilaspur,Chhattisgarh,Central,22.08005,82.15543,2026-07-23 00:00:00,25.7,17.0
1667,18,Bilaspur,Chhattisgarh,Central,22.08005,82.15543,2026-07-24 00:00:00,28.1,13.1
1668,18,Bilaspur,Chhattisgarh,Central,22.08005,82.15543,2026-07-25 00:00:00,28.0,8.8
1669,18,Bilaspur,Chhattisgarh,Central,22.08005,82.15543,2026-07-26 00:00:00,27.2,6.2
1670,18,Bilaspur,Chhattisgarh,Central,22.08005,82.15543,2026-07-27 00:00:00,27.1,8.2
1671,18,Bilaspur,Chhattisgarh,Central,22.08005,82.15543,2026-07-28 00:00:00,26.9,10.2
1672,18,Bilaspur,Chhattisgarh,Central,22.08005,82.15543,2026-07-29 00:00:00,27.4,17.7
1673,18,Bilaspur,Chhattisgarh,Central,22.08005,82.15543,2026-07-30 00:00:00,26.9,20.5
1674,18,Bilaspur,Chhattisgarh,Central,22.08005,82.15543,2026-07-31 00:00:00,27.9,13.0
1675,18,Bilaspur,Chhattisgarh,Central,22.08005,82.15543,2026-08-01 00:00:00,27.9,9.2
1676,18,Bilaspur,Chhattisgarh,Central,22.08005,82.15543,2026-08-02 00:00:00,28.9,9.0
1677,18,Bilaspur,Chhattisgarh,Central,22.08005,82.15543,2026-08-03 00:00:00,28.5,7.3
1678,18,Bilaspur,Chhattisgarh,Central,22.08005,82.15543,2026-08-04 00:00:00,28.4,4.5
1679,18,Bilaspur,Chhattisgarh,Central,22.08005,82.15543,2026-08-05 00:00:00,27.6,7.6
1680,18,Bilaspur,Chhattisgarh,Central,22.08005,82.15543,2026-08-06 00:00:00,26.9,7.4
1681,18,Bilaspur,Chhattisgarh,Central,22.08005,82.15543,2026-08-07 00:00:00,26.5,5.9
1682,18,Bilaspur,Chhattisgarh,Central,22.08005,82.15543,2026-08-08 00:00:00,26.3,5.2
1683,29,Durg,Chhattisgarh,Central,21.19147,81.27619,2026-07-10 00:00:00,29.4,13.9
1684,29,Durg,Chhattisgarh,Central,21.19147,81.27619,2026-07-11 00:00:00,29.3,14.9
1685,29,Durg,Chhattisgarh,Central,21.19147,81.27619,2026-07-12 00:00:00,29.5,15.2
1686,29,Durg,Chhattisgarh,Central,21.19147,81.27619,2026-07-13 00:00:00,30.1,12.4
1687,29,Durg,Chhattisgarh,Central,21.19147,81.27619,2026-07-14 00:00:00,29.9,10.8
1688,29,Durg,Chhattisgarh,Central,21.19147,81.27619,2026-07-15 00:00:00,29.9,9.9
1689,29,Durg,Chhattisgarh,Central,21.19147,81.27619,2026-07-16 00:00:00,27.3,11.0
1690,29,Durg,Chhattisgarh,Central,21.19147,81.27619,2026-07-17 00:00:00,25.9,12.0
1691,29,Durg,Chhattisgarh,Central,21.19147,81.27619,2026-07-18 00:00:00,26.0,12.5
1692,29,Durg,Chhattisgarh,Central,21.19147,81.27619,2026-07-19 00:00:00,27.1,11.0
1693,29,Durg,Chhattisgarh,Central,21.19147,81.27619,2026-07-20 00:00:00,27.3,9.5
1694,29,Durg,Chhattisgarh,Central,21.19147,81.27619,2026-07-21 00:00:00,25.4,13.6
1695,29,Durg,Chhattisgarh,Central,21.19147,81.27619,2026-07-22 00:00:00,24.9,19.6
1696,29,Durg,Chhattisgarh,Central,21.19147,81.27619,2026-07-23 00:00:00,25.8,18.8
1697,29,Durg,Chhattisgarh,Central,21.19147,81.27619,2026-07-24 00:00:00,27.6,14.3
1698,29,Durg,Chhattisgarh,Central,21.19147,81.27619,2026-07-25 00:00:00,28.7,10.0
1699,29,Durg,Chhattisgarh,Central,21.19147,81.27619,2026-07-26 00:00:00,27.9,10.3
1700,29,Durg,Chhattisgarh,Central,21.19147,81.27619,2026-07-27 00:00:00,27.4,10.6
1701,29,Durg,Chhattisgarh,Central,21.19147,81.27619,2026-07-28 00:00:00,26.4,11.5
1702,29,Durg,Chhattisgarh,Central,21.19147,81.27619,2026-07-29 00:00:00,26.1,13.8
1703,29,Durg,Chhattisgarh,Central,21.19147,81.27619,2026-07-30 00:00:00,25.6,15.7
1704,29,Durg,Chhattisgarh,Central,21.19147,81.27619,2026-07-31 00:00:00,27.8,14.1
1705,29,Durg,Chhattisgarh,Central,21.19147,81.27619,2026-08-01 00:00:00,28.4,10.8
1706,29,Durg,Chhattisgarh,Central,21.19147,81.27619,2026-08-02 00:00:00,29.0,11.5
1707,29,Durg,Chhattisgarh,Central,21.19147,81.27619,2026-08-03 00:00:00,28.9,8.5
1708,29,Durg,Chhattisgarh,Central,21.19147,81.27619,2026-08-04 00:00:00,28.2,7.9
1709,29,Durg,Chhattisgarh,Central,21.19147,81.27619,2026-08-05 00:00:00,27.3,9.7
1710,29,Durg,Chhattisgarh,Central,21.19147,81.27619,2026-08-06 00:00:00,28.0,10.9
1711,29,Durg,Chhattisgarh,Central,21.19147,81.27619,2026-08-07 00:00:00,26.8,8.8
1712,29,Durg,Chhattisgarh,Central,21.19147,81.27619,2026-08-08 00:00:00,26.2,9.6
1714,60,Korba,Chhattisgarh,Central,22.3458,82.69633,2026-07-11 00:00:00,28.4,8.0
1715,60,Korba,Chhattisgarh,Central,22.3458,82.69633,2026-07-12 00:00:00,30.0,9.8
1716,60,Korba,Chhattisgarh,Central,22.3458,82.69633,2026-07-13 00:00:00,30.3,7.8
1717,60,Korba,Chhattisgarh,Central,22.3458,82.69633,2026-07-14 00:00:00,30.6,9.4
1718,60,Korba,Chhattisgarh,Central,22.3458,82.69633,2026-07-15 00:00:00,27.7,7.8
1719,60,Korba,Chhattisgarh,Central,22.3458,82.69633,2026-07-16 00:00:00,27.6,6.0
1720,60,Korba,Chhattisgarh,Central,22.3458,82.69633,2026-07-17 00:00:00,27.0,9.5
1721,60,Korba,Chhattisgarh,Central,22.3458,82.69633,2026-07-18 00:00:00,27.0,6.4
1722,60,Korba,Chhattisgarh,Central,22.3458,82.69633,2026-07-19 00:00:00,27.8,5.2
1723,60,Korba,Chhattisgarh,Central,22.3458,82.69633,2026-07-20 00:00:00,27.1,5.7
1724,60,Korba,Chhattisgarh,Central,22.3458,82.69633,2026-07-21 00:00:00,25.8,5.6
1725,60,Korba,Chhattisgarh,Central,22.3458,82.69633,2026-07-22 00:00:00,24.9,12.5
1726,60,Korba,Chhattisgarh,Central,22.3458,82.69633,2026-07-23 00:00:00,25.6,14.1
1727,60,Korba,Chhattisgarh,Central,22.3458,82.69633,2026-07-24 00:00:00,27.8,9.7
1728,60,Korba,Chhattisgarh,Central,22.3458,82.69633,2026-07-25 00:00:00,27.5,7.0
1729,60,Korba,Chhattisgarh,Central,22.3458,82.69633,2026-07-26 00:00:00,27.1,7.8
1730,60,Korba,Chhattisgarh,Central,22.3458,82.69633,2026-07-27 00:00:00,27.3,8.3
1731,60,Korba,Chhattisgarh,Central,22.3458,82.69633,2026-07-28 00:00:00,26.6,13.2
1732,60,Korba,Chhattisgarh,Central,22.3458,82.69633,2026-07-29 00:00:00,27.2,17.1
1733,60,Korba,Chhattisgarh,Central,22.3458,82.69633,2026-07-30 00:00:00,27.2,17.2
1734,60,Korba,Chhattisgarh,Central,22.3458,82.69633,2026-07-31 00:00:00,27.6,12.9
1735,60,Korba,Chhattisgarh,Central,22.3458,82.69633,2026-08-01 00:00:00,27.6,6.8
1736,60,Korba,Chhattisgarh,Central,22.3458,82.69633,2026-08-02 00:00:00,28.9,5.5
1737,60,Korba,Chhattisgarh,Central,22.3458,82.69633,2026-08-03 00:00:00,28.4,4.4
1738,60,Korba,Chhattisgarh,Central,22.3458,82.69633,2026-08-04 00:00:00,28.1,3.5
1739,60,Korba,Chhattisgarh,Central,22.3458,82.69633,2026-08-05 00:00:00,27.2,3.5
1740,60,Korba,Chhattisgarh,Central,22.3458,82.69633,2026-08-06 00:00:00,26.8,4.9
1741,60,Korba,Chhattisgarh,Central,22.3458,82.69633,2026-08-07 00:00:00,26.2,4.5
1742,60,Korba,Chhattisgarh,Central,22.3458,82.69633,2026-08-08 00:00:00,26.2,3.9
1743,92,Ranchi,Jharkhand,Central,23.34316,85.3094,2026-07-10 00:00:00,25.6,13.9
1744,92,Ranchi,Jharkhand,Central,23.34316,85.3094,2026-07-11 00:00:00,25.9,13.5
1745,92,Ranchi,Jharkhand,Central,23.34316,85.3094,2026-07-12 00:00:00,27.1,12.2
1746,92,Ranchi,Jharkhand,Central,23.34316,85.3094,2026-07-13 00:00:00,27.3,10.3
1747,92,Ranchi,Jharkhand,Central,23.34316,85.3094,2026-07-14 00:00:00,26.3,9.0
1748,92,Ranchi,Jharkhand,Central,23.34316,85.3094,2026-07-15 00:00:00,26.3,8.9
1749,92,Ranchi,Jharkhand,Central,23.34316,85.3094,2026-07-16 00:00:00,26.2,10.5
1750,92,Ranchi,Jharkhand,Central,23.34316,85.3094,2026-07-17 00:00:00,25.6,9.7
1751,92,Ranchi,Jharkhand,Central,23.34316,85.3094,2026-07-18 00:00:00,25.8,8.1
1752,92,Ranchi,Jharkhand,Central,23.34316,85.3094,2026-07-19 00:00:00,25.5,6.1
1753,92,Ranchi,Jharkhand,Central,23.34316,85.3094,2026-07-20 00:00:00,24.7,8.4
1754,92,Ranchi,Jharkhand,Central,23.34316,85.3094,2026-07-21 00:00:00,23.7,12.4
1755,92,Ranchi,Jharkhand,Central,23.34316,85.3094,2026-07-22 00:00:00,23.6,13.6
1756,92,Ranchi,Jharkhand,Central,23.34316,85.3094,2026-07-23 00:00:00,24.3,16.0
1757,92,Ranchi,Jharkhand,Central,23.34316,85.3094,2026-07-24 00:00:00,24.8,10.1
1758,92,Ranchi,Jharkhand,Central,23.34316,85.3094,2026-07-25 00:00:00,25.5,10.3
1759,92,Ranchi,Jharkhand,Central,23.34316,85.3094,2026-07-26 00:00:00,26.2,11.0
1760,92,Ranchi,Jharkhand,Central,23.34316,85.3094,2026-07-27 00:00:00,25.3,11.5
1761,92,Ranchi,Jharkhand,Central,23.34316,85.3094,2026-07-28 00:00:00,23.8,22.9
1762,92,Ranchi,Jharkhand,Central,23.34316,85.3094,2026-07-29 00:00:00,24.2,22.0
1763,92,Ranchi,Jharkhand,Central,23.34316,85.3094,2026-07-30 00:00:00,24.7,18.2
1764,92,Ranchi,Jharkhand,Central,23.34316,85.3094,2026-07-31 00:00:00,24.9,15.4
1765,92,Ranchi,Jharkhand,Central,23.34316,85.3094,2026-08-01 00:00:00,26.0,9.1
1766,92,Ranchi,Jharkhand,Central,23.34316,85.3094,2026-08-02 00:00:00,26.3,8.7
1767,92,Ranchi,Jharkhand,Central,23.34316,85.3094,2026-08-03 00:00:00,25.9,5.9
1768,92,Ranchi,Jharkhand,Central,23.34316,85.3094,2026-08-04 00:00:00,26.0,5.4
1769,92,Ranchi,Jharkhand,Central,23.34316,85.3094,2026-08-05 00:00:00,25.3,6.1
1770,92,Ranchi,Jharkhand,Central,23.34316,85.3094,2026-08-06 00:00:00,25.0,3.8
1771,92,Ranchi,Jharkhand,Central,23.34316,85.3094,2026-08-07 00:00:00,24.9,8.2
1772,92,Ranchi,Jharkhand,Central,23.34316,85.3094,2026-08-08 00:00:00,24.2,14.1
1773,50,Jamshedpur,Jharkhand,Central,22.80278,86.18545,2026-07-10 00:00:00,27.4,10.4
1774,50,Jamshedpur,Jharkhand,Central,22.80278,86.18545,2026-07-11 00:00:00,28.3,10.0
1775,50,Jamshedpur,Jharkhand,Central,22.80278,86.18545,2026-07-12 00:00:00,30.3,8.3
1776,50,Jamshedpur,Jharkhand,Central,22.80278,86.18545,2026-07-13 00:00:00,29.8,7.4
1777,50,Jamshedpur,Jharkhand,Central,22.80278,86.18545,2026-07-14 00:00:00,28.0,4.2
1778,50,Jamshedpur,Jharkhand,Central,22.80278,86.18545,2026-07-15 00:00:00,28.2,6.7
1779,50,Jamshedpur,Jharkhand,Central,22.80278,86.18545,2026-07-16 00:00:00,28.1,8.4
1780,50,Jamshedpur,Jharkhand,Central,22.80278,86.18545,2026-07-17 00:00:00,28.0,6.0
1781,50,Jamshedpur,Jharkhand,Central,22.80278,86.18545,2026-07-18 00:00:00,28.5,3.6
1782,50,Jamshedpur,Jharkhand,Central,22.80278,86.18545,2026-07-19 00:00:00,28.2,6.3
1783,50,Jamshedpur,Jharkhand,Central,22.80278,86.18545,2026-07-20 00:00:00,27.2,4.0
1784,50,Jamshedpur,Jharkhand,Central,22.80278,86.18545,2026-07-21 00:00:00,26.0,7.6
1785,50,Jamshedpur,Jharkhand,Central,22.80278,86.18545,2026-07-22 00:00:00,25.8,6.3
1786,50,Jamshedpur,Jharkhand,Central,22.80278,86.18545,2026-07-23 00:00:00,26.7,9.4
1787,50,Jamshedpur,Jharkhand,Central,22.80278,86.18545,2026-07-24 00:00:00,27.4,7.7
1788,50,Jamshedpur,Jharkhand,Central,22.80278,86.18545,2026-07-25 00:00:00,27.3,6.0
1789,50,Jamshedpur,Jharkhand,Central,22.80278,86.18545,2026-07-26 00:00:00,28.4,9.0
1790,50,Jamshedpur,Jharkhand,Central,22.80278,86.18545,2026-07-27 00:00:00,26.7,10.1
1791,50,Jamshedpur,Jharkhand,Central,22.80278,86.18545,2026-07-28 00:00:00,26.6,19.0
1792,50,Jamshedpur,Jharkhand,Central,22.80278,86.18545,2026-07-29 00:00:00,27.2,14.0
1793,50,Jamshedpur,Jharkhand,Central,22.80278,86.18545,2026-07-30 00:00:00,27.6,13.5
1794,50,Jamshedpur,Jharkhand,Central,22.80278,86.18545,2026-07-31 00:00:00,28.0,10.1
1795,50,Jamshedpur,Jharkhand,Central,22.80278,86.18545,2026-08-01 00:00:00,28.2,4.8
1796,50,Jamshedpur,Jharkhand,Central,22.80278,86.18545,2026-08-02 00:00:00,29.5,5.2
1797,50,Jamshedpur,Jharkhand,Central,22.80278,86.18545,2026-08-03 00:00:00,28.6,4.1
1798,50,Jamshedpur,Jharkhand,Central,22.80278,86.18545,2026-08-04 00:00:00,29.1,4.2
1799,50,Jamshedpur,Jharkhand,Central,22.80278,86.18545,2026-08-05 00:00:00,27.5,4.5
1800,50,Jamshedpur,Jharkhand,Central,22.80278,86.18545,2026-08-06 00:00:00,26.8,2.7
1801,50,Jamshedpur,Jharkhand,Central,22.80278,86.18545,2026-08-07 00:00:00,26.9,5.1
1802,50,Jamshedpur,Jharkhand,Central,22.80278,86.18545,2026-08-08 00:00:00,26.2,9.3
1803,26,Dhanbad,Jharkhand,Central,23.79759,86.42992,2026-07-10 00:00:00,27.2,8.1
1804,26,Dhanbad,Jharkhand,Central,23.79759,86.42992,2026-07-11 00:00:00,27.7,9.8
1805,26,Dhanbad,Jharkhand,Central,23.79759,86.42992,2026-07-12 00:00:00,29.3,6.8
1806,26,Dhanbad,Jharkhand,Central,23.79759,86.42992,2026-07-13 00:00:00,29.2,6.7
1807,26,Dhanbad,Jharkhand,Central,23.79759,86.42992,2026-07-14 00:00:00,28.2,5.7
1808,26,Dhanbad,Jharkhand,Central,23.79759,86.42992,2026-07-15 00:00:00,29.1,6.4
1809,26,Dhanbad,Jharkhand,Central,23.79759,86.42992,2026-07-16 00:00:00,29.2,9.6
1810,26,Dhanbad,Jharkhand,Central,23.79759,86.42992,2026-07-17 00:00:00,28.4,5.4
1811,26,Dhanbad,Jharkhand,Central,23.79759,86.42992,2026-07-18 00:00:00,27.9,4.2
1812,26,Dhanbad,Jharkhand,Central,23.79759,86.42992,2026-07-19 00:00:00,28.0,5.0
1813,26,Dhanbad,Jharkhand,Central,23.79759,86.42992,2026-07-20 00:00:00,26.8,5.8
1814,26,Dhanbad,Jharkhand,Central,23.79759,86.42992,2026-07-21 00:00:00,26.1,10.9
1815,26,Dhanbad,Jharkhand,Central,23.79759,86.42992,2026-07-22 00:00:00,26.1,10.1
1816,26,Dhanbad,Jharkhand,Central,23.79759,86.42992,2026-07-23 00:00:00,26.8,6.6
1817,26,Dhanbad,Jharkhand,Central,23.79759,86.42992,2026-07-24 00:00:00,27.0,5.9
1818,26,Dhanbad,Jharkhand,Central,23.79759,86.42992,2026-07-25 00:00:00,28.1,10.5
1819,26,Dhanbad,Jharkhand,Central,23.79759,86.42992,2026-07-26 00:00:00,29.0,9.7
1820,26,Dhanbad,Jharkhand,Central,23.79759,86.42992,2026-07-27 00:00:00,28.5,10.5
1821,26,Dhanbad,Jharkhand,Central,23.79759,86.42992,2026-07-28 00:00:00,27.2,18.7
1822,26,Dhanbad,Jharkhand,Central,23.79759,86.42992,2026-07-29 00:00:00,27.2,14.4
1823,26,Dhanbad,Jharkhand,Central,23.79759,86.42992,2026-07-30 00:00:00,26.8,15.2
1824,26,Dhanbad,Jharkhand,Central,23.79759,86.42992,2026-07-31 00:00:00,27.8,12.8
1825,26,Dhanbad,Jharkhand,Central,23.79759,86.42992,2026-08-01 00:00:00,28.5,6.2
1826,26,Dhanbad,Jharkhand,Central,23.79759,86.42992,2026-08-02 00:00:00,29.1,4.9
1827,26,Dhanbad,Jharkhand,Central,23.79759,86.42992,2026-08-03 00:00:00,28.8,3.3
1828,26,Dhanbad,Jharkhand,Central,23.79759,86.42992,2026-08-04 00:00:00,28.8,3.9
1829,26,Dhanbad,Jharkhand,Central,23.79759,86.42992,2026-08-05 00:00:00,27.5,4.0
1830,26,Dhanbad,Jharkhand,Central,23.79759,86.42992,2026-08-06 00:00:00,26.4,3.7
1831,26,Dhanbad,Jharkhand,Central,23.79759,86.42992,2026-08-07 00:00:00,27.4,7.4
1832,26,Dhanbad,Jharkhand,Central,23.79759,86.42992,2026-08-08 00:00:00,26.7,12.1
1833,19,Bokaro,Jharkhand,Central,23.66934,86.15161,2026-07-10 00:00:00,27.7,9.8
1834,19,Bokaro,Jharkhand,Central,23.66934,86.15161,2026-07-11 00:00:00,28.1,11.1
1835,19,Bokaro,Jharkhand,Central,23.66934,86.15161,2026-07-12 00:00:00,30.2,9.2
1836,19,Bokaro,Jharkhand,Central,23.66934,86.15161,2026-07-13 00:00:00,29.9,7.3
1837,19,Bokaro,Jharkhand,Central,23.66934,86.15161,2026-07-14 00:00:00,28.6,6.4
1838,19,Bokaro,Jharkhand,Central,23.66934,86.15161,2026-07-15 00:00:00,29.4,6.6
1839,19,Bokaro,Jharkhand,Central,23.66934,86.15161,2026-07-16 00:00:00,28.9,8.4
1840,19,Bokaro,Jharkhand,Central,23.66934,86.15161,2026-07-17 00:00:00,28.4,5.3
1841,19,Bokaro,Jharkhand,Central,23.66934,86.15161,2026-07-18 00:00:00,28.4,3.9
1842,19,Bokaro,Jharkhand,Central,23.66934,86.15161,2026-07-19 00:00:00,28.3,4.5
1843,19,Bokaro,Jharkhand,Central,23.66934,86.15161,2026-07-20 00:00:00,27.1,5.4
1844,19,Bokaro,Jharkhand,Central,23.66934,86.15161,2026-07-21 00:00:00,26.2,11.1
1845,19,Bokaro,Jharkhand,Central,23.66934,86.15161,2026-07-22 00:00:00,26.2,11.0
1846,19,Bokaro,Jharkhand,Central,23.66934,86.15161,2026-07-23 00:00:00,27.3,7.6
1847,19,Bokaro,Jharkhand,Central,23.66934,86.15161,2026-07-24 00:00:00,26.9,7.2
1848,19,Bokaro,Jharkhand,Central,23.66934,86.15161,2026-07-25 00:00:00,28.1,8.4
1849,19,Bokaro,Jharkhand,Central,23.66934,86.15161,2026-07-26 00:00:00,29.0,8.8
1850,19,Bokaro,Jharkhand,Central,23.66934,86.15161,2026-07-27 00:00:00,28.0,8.0
1851,19,Bokaro,Jharkhand,Central,23.66934,86.15161,2026-07-28 00:00:00,26.8,17.7
1852,19,Bokaro,Jharkhand,Central,23.66934,86.15161,2026-07-29 00:00:00,26.9,15.2
1853,19,Bokaro,Jharkhand,Central,23.66934,86.15161,2026-07-30 00:00:00,27.0,15.5
1854,19,Bokaro,Jharkhand,Central,23.66934,86.15161,2026-07-31 00:00:00,27.8,13.3
1855,19,Bokaro,Jharkhand,Central,23.66934,86.15161,2026-08-01 00:00:00,28.9,5.3
1856,19,Bokaro,Jharkhand,Central,23.66934,86.15161,2026-08-02 00:00:00,29.2,4.5
1857,19,Bokaro,Jharkhand,Central,23.66934,86.15161,2026-08-03 00:00:00,28.9,3.7
1858,19,Bokaro,Jharkhand,Central,23.66934,86.15161,2026-08-04 00:00:00,28.8,2.9
1859,19,Bokaro,Jharkhand,Central,23.66934,86.15161,2026-08-05 00:00:00,27.4,5.5
1860,19,Bokaro,Jharkhand,Central,23.66934,86.15161,2026-08-06 00:00:00,26.6,3.8
1861,19,Bokaro,Jharkhand,Central,23.66934,86.15161,2026-08-07 00:00:00,27.3,7.1
1862,19,Bokaro,Jharkhand,Central,23.66934,86.15161,2026-08-08 00:00:00,26.4,12.0
1863,58,Kolkata,West Bengal,East,22.56263,88.36304,2026-07-10 00:00:00,27.4,11.2
1864,58,Kolkata,West Bengal,East,22.56263,88.36304,2026-07-11 00:00:00,28.9,8.8
1865,58,Kolkata,West Bengal,East,22.56263,88.36304,2026-07-12 00:00:00,28.8,8.4
1866,58,Kolkata,West Bengal,East,22.56263,88.36304,2026-07-13 00:00:00,28.8,5.8
1867,58,Kolkata,West Bengal,East,22.56263,88.36304,2026-07-14 00:00:00,28.7,4.3
1868,58,Kolkata,West Bengal,East,22.56263,88.36304,2026-07-15 00:00:00,29.5,9.5
1869,58,Kolkata,West Bengal,East,22.56263,88.36304,2026-07-16 00:00:00,29.0,10.9
1870,58,Kolkata,West Bengal,East,22.56263,88.36304,2026-07-17 00:00:00,28.9,10.9
1871,58,Kolkata,West Bengal,East,22.56263,88.36304,2026-07-18 00:00:00,29.1,11.0
1872,58,Kolkata,West Bengal,East,22.56263,88.36304,2026-07-19 00:00:00,28.7,9.7
1873,58,Kolkata,West Bengal,East,22.56263,88.36304,2026-07-20 00:00:00,27.9,8.5
1874,58,Kolkata,West Bengal,East,22.56263,88.36304,2026-07-21 00:00:00,26.8,9.2
1875,58,Kolkata,West Bengal,East,22.56263,88.36304,2026-07-22 00:00:00,26.2,8.7
1876,58,Kolkata,West Bengal,East,22.56263,88.36304,2026-07-23 00:00:00,26.5,11.4
1877,58,Kolkata,West Bengal,East,22.56263,88.36304,2026-07-24 00:00:00,26.9,8.4
1878,58,Kolkata,West Bengal,East,22.56263,88.36304,2026-07-25 00:00:00,28.1,8.4
1879,58,Kolkata,West Bengal,East,22.56263,88.36304,2026-07-26 00:00:00,28.4,12.6
1880,58,Kolkata,West Bengal,East,22.56263,88.36304,2026-07-27 00:00:00,27.0,16.8
1881,58,Kolkata,West Bengal,East,22.56263,88.36304,2026-07-28 00:00:00,27.9,17.2
1882,58,Kolkata,West Bengal,East,22.56263,88.36304,2026-07-29 00:00:00,27.9,10.7
1883,58,Kolkata,West Bengal,East,22.56263,88.36304,2026-07-30 00:00:00,27.8,12.8
1884,58,Kolkata,West Bengal,East,22.56263,88.36304,2026-07-31 00:00:00,28.5,10.3
1885,58,Kolkata,West Bengal,East,22.56263,88.36304,2026-08-01 00:00:00,28.5,8.3
1886,58,Kolkata,West Bengal,East,22.56263,88.36304,2026-08-02 00:00:00,28.8,7.3
1887,58,Kolkata,West Bengal,East,22.56263,88.36304,2026-08-03 00:00:00,29.2,5.5
1888,58,Kolkata,West Bengal,East,22.56263,88.36304,2026-08-04 00:00:00,29.4,7.4
1889,58,Kolkata,West Bengal,East,22.56263,88.36304,2026-08-05 00:00:00,28.4,6.1
1890,58,Kolkata,West Bengal,East,22.56263,88.36304,2026-08-06 00:00:00,27.7,3.9
1891,58,Kolkata,West Bengal,East,22.56263,88.36304,2026-08-07 00:00:00,27.1,7.5
1892,58,Kolkata,West Bengal,East,22.56263,88.36304,2026-08-08 00:00:00,27.8,10.0
1893,39,Howrah,West Bengal,East,22.57688,88.31857,2026-07-10 00:00:00,27.4,10.5
1894,39,Howrah,West Bengal,East,22.57688,88.31857,2026-07-11 00:00:00,28.8,9.0
1895,39,Howrah,West Bengal,East,22.57688,88.31857,2026-07-12 00:00:00,29.0,8.1
1896,39,Howrah,West Bengal,East,22.57688,88.31857,2026-07-13 00:00:00,28.8,5.6
1897,39,Howrah,West Bengal,East,22.57688,88.31857,2026-07-14 00:00:00,28.7,3.9
1898,39,Howrah,West Bengal,East,22.57688,88.31857,2026-07-15 00:00:00,29.4,9.0
1899,39,Howrah,West Bengal,East,22.57688,88.31857,2026-07-16 00:00:00,28.9,10.5
1900,39,Howrah,West Bengal,East,22.57688,88.31857,2026-07-17 00:00:00,28.9,10.6
1901,39,Howrah,West Bengal,East,22.57688,88.31857,2026-07-18 00:00:00,29.2,10.8
1902,39,Howrah,West Bengal,East,22.57688,88.31857,2026-07-19 00:00:00,28.7,9.7
1903,39,Howrah,West Bengal,East,22.57688,88.31857,2026-07-20 00:00:00,27.9,8.5
1904,39,Howrah,West Bengal,East,22.57688,88.31857,2026-07-21 00:00:00,26.9,9.0
1905,39,Howrah,West Bengal,East,22.57688,88.31857,2026-07-22 00:00:00,26.4,9.0
1906,39,Howrah,West Bengal,East,22.57688,88.31857,2026-07-23 00:00:00,26.6,11.2
1907,39,Howrah,West Bengal,East,22.57688,88.31857,2026-07-24 00:00:00,26.9,8.2
1908,39,Howrah,West Bengal,East,22.57688,88.31857,2026-07-25 00:00:00,28.2,8.6
1909,39,Howrah,West Bengal,East,22.57688,88.31857,2026-07-26 00:00:00,28.4,12.1
1910,39,Howrah,West Bengal,East,22.57688,88.31857,2026-07-27 00:00:00,27.1,16.5
1911,39,Howrah,West Bengal,East,22.57688,88.31857,2026-07-28 00:00:00,27.9,17.1
1912,39,Howrah,West Bengal,East,22.57688,88.31857,2026-07-29 00:00:00,27.9,10.7
1913,39,Howrah,West Bengal,East,22.57688,88.31857,2026-07-30 00:00:00,27.9,12.5
1914,39,Howrah,West Bengal,East,22.57688,88.31857,2026-07-31 00:00:00,28.6,10.1
1915,39,Howrah,West Bengal,East,22.57688,88.31857,2026-08-01 00:00:00,28.4,7.8
1916,39,Howrah,West Bengal,East,22.57688,88.31857,2026-08-02 00:00:00,28.8,6.8
1917,39,Howrah,West Bengal,East,22.57688,88.31857,2026-08-03 00:00:00,29.2,5.6
1918,39,Howrah,West Bengal,East,22.57688,88.31857,2026-08-04 00:00:00,29.4,7.1
1919,39,Howrah,West Bengal,East,22.57688,88.31857,2026-08-05 00:00:00,28.6,5.8
1920,39,Howrah,West Bengal,East,22.57688,88.31857,2026-08-06 00:00:00,27.8,4.0
1921,39,Howrah,West Bengal,East,22.57688,88.31857,2026-08-07 00:00:00,27.2,7.4
1922,39,Howrah,West Bengal,East,22.57688,88.31857,2026-08-08 00:00:00,27.9,9.6
1923,30,Durgapur,West Bengal,East,23.51583,87.30801,2026-07-10 00:00:00,27.3,9.6
1924,30,Durgapur,West Bengal,East,23.51583,87.30801,2026-07-11 00:00:00,28.6,11.4
1925,30,Durgapur,West Bengal,East,23.51583,87.30801,2026-07-12 00:00:00,30.1,8.0
1926,30,Durgapur,West Bengal,East,23.51583,87.30801,2026-07-13 00:00:00,28.5,6.3
1927,30,Durgapur,West Bengal,East,23.51583,87.30801,2026-07-14 00:00:00,28.0,3.6
1928,30,Durgapur,West Bengal,East,23.51583,87.30801,2026-07-15 00:00:00,30.1,7.6
1929,30,Durgapur,West Bengal,East,23.51583,87.30801,2026-07-16 00:00:00,29.3,11.8
1930,30,Durgapur,West Bengal,East,23.51583,87.30801,2026-07-17 00:00:00,28.9,7.2
1931,30,Durgapur,West Bengal,East,23.51583,87.30801,2026-07-18 00:00:00,29.0,8.1
1932,30,Durgapur,West Bengal,East,23.51583,87.30801,2026-07-19 00:00:00,28.5,8.0
1933,30,Durgapur,West Bengal,East,23.51583,87.30801,2026-07-20 00:00:00,27.3,8.2
1934,30,Durgapur,West Bengal,East,23.51583,87.30801,2026-07-21 00:00:00,26.8,11.3
1935,30,Durgapur,West Bengal,East,23.51583,87.30801,2026-07-22 00:00:00,27.2,10.9
1936,30,Durgapur,West Bengal,East,23.51583,87.30801,2026-07-23 00:00:00,27.1,8.6
1937,30,Durgapur,West Bengal,East,23.51583,87.30801,2026-07-24 00:00:00,27.7,5.5
1938,30,Durgapur,West Bengal,East,23.51583,87.30801,2026-07-25 00:00:00,28.4,9.6
1939,30,Durgapur,West Bengal,East,23.51583,87.30801,2026-07-26 00:00:00,29.0,11.9
1940,30,Durgapur,West Bengal,East,23.51583,87.30801,2026-07-27 00:00:00,28.5,14.5
1941,30,Durgapur,West Bengal,East,23.51583,87.30801,2026-07-28 00:00:00,27.9,19.1
1942,30,Durgapur,West Bengal,East,23.51583,87.30801,2026-07-29 00:00:00,28.1,13.0
1943,30,Durgapur,West Bengal,East,23.51583,87.30801,2026-07-30 00:00:00,27.3,13.9
1944,30,Durgapur,West Bengal,East,23.51583,87.30801,2026-07-31 00:00:00,28.6,12.2
1945,30,Durgapur,West Bengal,East,23.51583,87.30801,2026-08-01 00:00:00,28.9,6.0
1946,30,Durgapur,West Bengal,East,23.51583,87.30801,2026-08-02 00:00:00,29.0,5.3
1947,30,Durgapur,West Bengal,East,23.51583,87.30801,2026-08-03 00:00:00,29.0,4.5
1948,30,Durgapur,West Bengal,East,23.51583,87.30801,2026-08-04 00:00:00,29.2,4.5
1949,30,Durgapur,West Bengal,East,23.51583,87.30801,2026-08-05 00:00:00,28.0,5.9
1950,30,Durgapur,West Bengal,East,23.51583,87.30801,2026-08-06 00:00:00,27.9,3.2
1951,30,Durgapur,West Bengal,East,23.51583,87.30801,2026-08-07 00:00:00,28.0,6.8
1952,30,Durgapur,West Bengal,East,23.51583,87.30801,2026-08-08 00:00:00,27.2,11.7
1953,101,Siliguri,West Bengal,East,26.71004,88.42851,2026-07-10 00:00:00,27.3,9.0
1954,101,Siliguri,West Bengal,East,26.71004,88.42851,2026-07-11 00:00:00,27.9,7.3
1955,101,Siliguri,West Bengal,East,26.71004,88.42851,2026-07-12 00:00:00,27.5,6.1
1956,101,Siliguri,West Bengal,East,26.71004,88.42851,2026-07-13 00:00:00,26.9,9.4
1957,101,Siliguri,West Bengal,East,26.71004,88.42851,2026-07-14 00:00:00,28.8,7.0
1958,101,Siliguri,West Bengal,East,26.71004,88.42851,2026-07-15 00:00:00,28.8,4.9
1959,101,Siliguri,West Bengal,East,26.71004,88.42851,2026-07-16 00:00:00,28.1,7.7
1960,101,Siliguri,West Bengal,East,26.71004,88.42851,2026-07-17 00:00:00,28.3,11.9
1961,101,Siliguri,West Bengal,East,26.71004,88.42851,2026-07-18 00:00:00,26.6,12.5
1962,101,Siliguri,West Bengal,East,26.71004,88.42851,2026-07-19 00:00:00,26.7,9.9
1963,101,Siliguri,West Bengal,East,26.71004,88.42851,2026-07-20 00:00:00,26.5,12.2
1964,101,Siliguri,West Bengal,East,26.71004,88.42851,2026-07-21 00:00:00,27.9,11.7
1965,101,Siliguri,West Bengal,East,26.71004,88.42851,2026-07-22 00:00:00,27.4,13.0
1966,101,Siliguri,West Bengal,East,26.71004,88.42851,2026-07-23 00:00:00,27.8,11.6
1967,101,Siliguri,West Bengal,East,26.71004,88.42851,2026-07-24 00:00:00,28.0,10.6
1968,101,Siliguri,West Bengal,East,26.71004,88.42851,2026-07-25 00:00:00,30.3,4.2
1969,101,Siliguri,West Bengal,East,26.71004,88.42851,2026-07-26 00:00:00,30.5,3.8
1970,101,Siliguri,West Bengal,East,26.71004,88.42851,2026-07-27 00:00:00,29.6,8.3
1971,101,Siliguri,West Bengal,East,26.71004,88.42851,2026-07-28 00:00:00,29.8,12.4
1972,101,Siliguri,West Bengal,East,26.71004,88.42851,2026-07-29 00:00:00,27.9,13.4
1973,101,Siliguri,West Bengal,East,26.71004,88.42851,2026-07-30 00:00:00,26.6,13.5
1974,101,Siliguri,West Bengal,East,26.71004,88.42851,2026-07-31 00:00:00,27.4,6.0
1975,101,Siliguri,West Bengal,East,26.71004,88.42851,2026-08-01 00:00:00,27.1,5.4
1976,101,Siliguri,West Bengal,East,26.71004,88.42851,2026-08-02 00:00:00,27.6,6.1
1977,101,Siliguri,West Bengal,East,26.71004,88.42851,2026-08-03 00:00:00,27.6,6.0
1978,101,Siliguri,West Bengal,East,26.71004,88.42851,2026-08-04 00:00:00,27.8,7.4
1979,101,Siliguri,West Bengal,East,26.71004,88.42851,2026-08-05 00:00:00,26.5,9.8
1980,101,Siliguri,West Bengal,East,26.71004,88.42851,2026-08-06 00:00:00,29.2,7.2
1981,101,Siliguri,West Bengal,East,26.71004,88.42851,2026-08-07 00:00:00,28.7,9.8
1982,101,Siliguri,West Bengal,East,26.71004,88.42851,2026-08-08 00:00:00,28.6,10.9
1983,8,Asansol,West Bengal,East,23.68333,86.98333,2026-07-10 00:00:00,27.4,9.3
1984,8,Asansol,West Bengal,East,23.68333,86.98333,2026-07-11 00:00:00,28.4,12.3
1985,8,Asansol,West Bengal,East,23.68333,86.98333,2026-07-12 00:00:00,29.8,8.5
1986,8,Asansol,West Bengal,East,23.68333,86.98333,2026-07-13 00:00:00,28.7,6.5
1987,8,Asansol,West Bengal,East,23.68333,86.98333,2026-07-14 00:00:00,27.7,3.6
1988,8,Asansol,West Bengal,East,23.68333,86.98333,2026-07-15 00:00:00,29.9,7.0
1989,8,Asansol,West Bengal,East,23.68333,86.98333,2026-07-16 00:00:00,29.6,11.1
1990,8,Asansol,West Bengal,East,23.68333,86.98333,2026-07-17 00:00:00,28.8,6.7
1991,8,Asansol,West Bengal,East,23.68333,86.98333,2026-07-18 00:00:00,28.8,6.5
1992,8,Asansol,West Bengal,East,23.68333,86.98333,2026-07-19 00:00:00,28.3,7.2
1993,8,Asansol,West Bengal,East,23.68333,86.98333,2026-07-20 00:00:00,27.2,7.9
1994,8,Asansol,West Bengal,East,23.68333,86.98333,2026-07-21 00:00:00,26.9,12.1
1995,8,Asansol,West Bengal,East,23.68333,86.98333,2026-07-22 00:00:00,26.9,11.3
1996,8,Asansol,West Bengal,East,23.68333,86.98333,2026-07-23 00:00:00,27.5,7.5
1997,8,Asansol,West Bengal,East,23.68333,86.98333,2026-07-24 00:00:00,27.5,7.0
1998,8,Asansol,West Bengal,East,23.68333,86.98333,2026-07-25 00:00:00,28.4,10.0
1999,8,Asansol,West Bengal,East,23.68333,86.98333,2026-07-26 00:00:00,29.3,10.8
2000,8,Asansol,West Bengal,East,23.68333,86.98333,2026-07-27 00:00:00,28.7,13.3
2001,8,Asansol,West Bengal,East,23.68333,86.98333,2026-07-28 00:00:00,27.7,19.4
2002,8,Asansol,West Bengal,East,23.68333,86.98333,2026-07-29 00:00:00,28.1,14.0
2003,8,Asansol,West Bengal,East,23.68333,86.98333,2026-07-30 00:00:00,27.2,15.5
2004,8,Asansol,West Bengal,East,23.68333,86.98333,2026-07-31 00:00:00,28.6,13.5
2005,8,Asansol,West Bengal,East,23.68333,86.98333,2026-08-01 00:00:00,28.9,6.6
2006,8,Asansol,West Bengal,East,23.68333,86.98333,2026-08-02 00:00:00,28.8,5.5
2007,8,Asansol,West Bengal,East,23.68333,86.98333,2026-08-03 00:00:00,29.1,4.1
2008,8,Asansol,West Bengal,East,23.68333,86.98333,2026-08-04 00:00:00,29.0,5.0
2009,8,Asansol,West Bengal,East,23.68333,86.98333,2026-08-05 00:00:00,28.1,5.7
2010,8,Asansol,West Bengal,East,23.68333,86.98333,2026-08-06 00:00:00,27.7,3.6
2011,8,Asansol,West Bengal,East,23.68333,86.98333,2026-08-07 00:00:00,28.0,6.8
2012,8,Asansol,West Bengal,East,23.68333,86.98333,2026-08-08 00:00:00,27.2,12.2
2013,16,Bhubaneswar,Odisha,East,20.27241,85.83385,2026-07-10 00:00:00,28.8,12.4
2014,16,Bhubaneswar,Odisha,East,20.27241,85.83385,2026-07-11 00:00:00,29.9,11.8
2015,16,Bhubaneswar,Odisha,East,20.27241,85.83385,2026-07-12 00:00:00,30.5,11.6
2016,16,Bhubaneswar,Odisha,East,20.27241,85.83385,2026-07-13 00:00:00,30.7,9.6
2017,16,Bhubaneswar,Odisha,East,20.27241,85.83385,2026-07-14 00:00:00,27.5,7.2
2018,16,Bhubaneswar,Odisha,East,20.27241,85.83385,2026-07-15 00:00:00,27.6,11.7
2019,16,Bhubaneswar,Odisha,East,20.27241,85.83385,2026-07-16 00:00:00,26.3,13.7
2020,16,Bhubaneswar,Odisha,East,20.27241,85.83385,2026-07-17 00:00:00,27.4,13.6
2021,16,Bhubaneswar,Odisha,East,20.27241,85.83385,2026-07-18 00:00:00,27.3,10.5
2022,16,Bhubaneswar,Odisha,East,20.27241,85.83385,2026-07-19 00:00:00,28.9,8.1
2023,16,Bhubaneswar,Odisha,East,20.27241,85.83385,2026-07-20 00:00:00,28.3,5.8
2024,16,Bhubaneswar,Odisha,East,20.27241,85.83385,2026-07-21 00:00:00,26.8,6.8
2025,16,Bhubaneswar,Odisha,East,20.27241,85.83385,2026-07-22 00:00:00,26.8,11.1
2026,16,Bhubaneswar,Odisha,East,20.27241,85.83385,2026-07-23 00:00:00,27.4,13.3
2027,16,Bhubaneswar,Odisha,East,20.27241,85.83385,2026-07-24 00:00:00,27.9,10.1
2028,16,Bhubaneswar,Odisha,East,20.27241,85.83385,2026-07-25 00:00:00,26.7,11.7
2029,16,Bhubaneswar,Odisha,East,20.27241,85.83385,2026-07-26 00:00:00,26.6,12.4
2030,16,Bhubaneswar,Odisha,East,20.27241,85.83385,2026-07-27 00:00:00,27.4,15.8
2031,16,Bhubaneswar,Odisha,East,20.27241,85.83385,2026-07-28 00:00:00,26.3,19.5
2032,16,Bhubaneswar,Odisha,East,20.27241,85.83385,2026-07-29 00:00:00,28.6,18.3
2033,16,Bhubaneswar,Odisha,East,20.27241,85.83385,2026-07-30 00:00:00,29.0,20.4
2034,16,Bhubaneswar,Odisha,East,20.27241,85.83385,2026-07-31 00:00:00,29.2,17.9
2035,16,Bhubaneswar,Odisha,East,20.27241,85.83385,2026-08-01 00:00:00,29.0,14.8
2036,16,Bhubaneswar,Odisha,East,20.27241,85.83385,2026-08-02 00:00:00,28.9,8.0
2037,16,Bhubaneswar,Odisha,East,20.27241,85.83385,2026-08-03 00:00:00,29.0,5.7
2038,16,Bhubaneswar,Odisha,East,20.27241,85.83385,2026-08-04 00:00:00,29.1,5.8
2039,16,Bhubaneswar,Odisha,East,20.27241,85.83385,2026-08-05 00:00:00,28.7,5.7
2040,16,Bhubaneswar,Odisha,East,20.27241,85.83385,2026-08-06 00:00:00,27.2,6.9
2041,16,Bhubaneswar,Odisha,East,20.27241,85.83385,2026-08-07 00:00:00,27.2,7.1
2042,16,Bhubaneswar,Odisha,East,20.27241,85.83385,2026-08-08 00:00:00,27.9,7.3
2043,23,Cuttack,Odisha,East,20.46497,85.87927,2026-07-10 00:00:00,28.6,10.9
2044,23,Cuttack,Odisha,East,20.46497,85.87927,2026-07-11 00:00:00,30.4,10.9
2045,23,Cuttack,Odisha,East,20.46497,85.87927,2026-07-12 00:00:00,30.9,10.7
2046,23,Cuttack,Odisha,East,20.46497,85.87927,2026-07-13 00:00:00,30.9,10.1
2047,23,Cuttack,Odisha,East,20.46497,85.87927,2026-07-14 00:00:00,27.7,7.0
2048,23,Cuttack,Odisha,East,20.46497,85.87927,2026-07-15 00:00:00,27.8,12.3
2049,23,Cuttack,Odisha,East,20.46497,85.87927,2026-07-16 00:00:00,26.6,12.9
2050,23,Cuttack,Odisha,East,20.46497,85.87927,2026-07-17 00:00:00,27.6,12.9
2051,23,Cuttack,Odisha,East,20.46497,85.87927,2026-07-18 00:00:00,27.7,10.4
2052,23,Cuttack,Odisha,East,20.46497,85.87927,2026-07-19 00:00:00,28.9,6.5
2053,23,Cuttack,Odisha,East,20.46497,85.87927,2026-07-20 00:00:00,28.6,5.6
2054,23,Cuttack,Odisha,East,20.46497,85.87927,2026-07-21 00:00:00,27.2,6.9
2055,23,Cuttack,Odisha,East,20.46497,85.87927,2026-07-22 00:00:00,27.0,9.6
2056,23,Cuttack,Odisha,East,20.46497,85.87927,2026-07-23 00:00:00,27.3,12.2
2057,23,Cuttack,Odisha,East,20.46497,85.87927,2026-07-24 00:00:00,28.0,8.1
2058,23,Cuttack,Odisha,East,20.46497,85.87927,2026-07-25 00:00:00,26.9,13.0
2059,23,Cuttack,Odisha,East,20.46497,85.87927,2026-07-26 00:00:00,26.7,13.1
2060,23,Cuttack,Odisha,East,20.46497,85.87927,2026-07-27 00:00:00,27.6,17.2
2061,23,Cuttack,Odisha,East,20.46497,85.87927,2026-07-28 00:00:00,26.4,20.3
2062,23,Cuttack,Odisha,East,20.46497,85.87927,2026-07-29 00:00:00,28.7,16.1
2063,23,Cuttack,Odisha,East,20.46497,85.87927,2026-07-30 00:00:00,29.2,17.8
2064,23,Cuttack,Odisha,East,20.46497,85.87927,2026-07-31 00:00:00,29.5,16.0
2065,23,Cuttack,Odisha,East,20.46497,85.87927,2026-08-01 00:00:00,29.2,12.0
2066,23,Cuttack,Odisha,East,20.46497,85.87927,2026-08-02 00:00:00,29.4,7.6
2067,23,Cuttack,Odisha,East,20.46497,85.87927,2026-08-03 00:00:00,29.3,5.8
2068,23,Cuttack,Odisha,East,20.46497,85.87927,2026-08-04 00:00:00,29.6,6.4
2069,23,Cuttack,Odisha,East,20.46497,85.87927,2026-08-05 00:00:00,29.5,5.6
2070,23,Cuttack,Odisha,East,20.46497,85.87927,2026-08-06 00:00:00,27.7,7.4
2071,23,Cuttack,Odisha,East,20.46497,85.87927,2026-08-07 00:00:00,27.8,7.0
2072,23,Cuttack,Odisha,East,20.46497,85.87927,2026-08-08 00:00:00,27.6,5.2
2073,93,Rourkela,Odisha,East,22.22496,84.86414,2026-07-10 00:00:00,27.3,9.4
2074,93,Rourkela,Odisha,East,22.22496,84.86414,2026-07-11 00:00:00,28.5,9.1
2075,93,Rourkela,Odisha,East,22.22496,84.86414,2026-07-12 00:00:00,30.1,9.0
2076,93,Rourkela,Odisha,East,22.22496,84.86414,2026-07-13 00:00:00,30.7,7.0
2077,93,Rourkela,Odisha,East,22.22496,84.86414,2026-07-14 00:00:00,29.2,4.2
2078,93,Rourkela,Odisha,East,22.22496,84.86414,2026-07-15 00:00:00,27.9,6.0
2079,93,Rourkela,Odisha,East,22.22496,84.86414,2026-07-16 00:00:00,27.3,8.1
2080,93,Rourkela,Odisha,East,22.22496,84.86414,2026-07-17 00:00:00,27.3,8.2
2081,93,Rourkela,Odisha,East,22.22496,84.86414,2026-07-18 00:00:00,27.7,6.0
2082,93,Rourkela,Odisha,East,22.22496,84.86414,2026-07-19 00:00:00,27.8,5.4
2083,93,Rourkela,Odisha,East,22.22496,84.86414,2026-07-20 00:00:00,27.4,4.1
2084,93,Rourkela,Odisha,East,22.22496,84.86414,2026-07-21 00:00:00,25.9,4.6
2085,93,Rourkela,Odisha,East,22.22496,84.86414,2026-07-22 00:00:00,25.3,9.9
2086,93,Rourkela,Odisha,East,22.22496,84.86414,2026-07-23 00:00:00,26.1,10.4
2087,93,Rourkela,Odisha,East,22.22496,84.86414,2026-07-24 00:00:00,27.4,8.3
2088,93,Rourkela,Odisha,East,22.22496,84.86414,2026-07-25 00:00:00,27.1,4.7
2089,93,Rourkela,Odisha,East,22.22496,84.86414,2026-07-26 00:00:00,27.9,5.7
2090,93,Rourkela,Odisha,East,22.22496,84.86414,2026-07-27 00:00:00,26.6,6.1
2091,93,Rourkela,Odisha,East,22.22496,84.86414,2026-07-28 00:00:00,26.8,14.7
2092,93,Rourkela,Odisha,East,22.22496,84.86414,2026-07-29 00:00:00,27.3,11.4
2093,93,Rourkela,Odisha,East,22.22496,84.86414,2026-07-30 00:00:00,28.4,7.4
2094,93,Rourkela,Odisha,East,22.22496,84.86414,2026-07-31 00:00:00,29.0,7.0
2095,93,Rourkela,Odisha,East,22.22496,84.86414,2026-08-01 00:00:00,28.3,6.5
2096,93,Rourkela,Odisha,East,22.22496,84.86414,2026-08-02 00:00:00,28.9,6.6
2097,93,Rourkela,Odisha,East,22.22496,84.86414,2026-08-03 00:00:00,28.2,5.2
2098,93,Rourkela,Odisha,East,22.22496,84.86414,2026-08-04 00:00:00,28.5,4.7
2099,93,Rourkela,Odisha,East,22.22496,84.86414,2026-08-05 00:00:00,27.5,5.3
2100,93,Rourkela,Odisha,East,22.22496,84.86414,2026-08-06 00:00:00,26.6,4.5
2101,93,Rourkela,Odisha,East,22.22496,84.86414,2026-08-07 00:00:00,26.8,5.4
2102,93,Rourkela,Odisha,East,22.22496,84.86414,2026-08-08 00:00:00,26.4,6.1
2103,96,Sambalpur,Odisha,East,21.46527,83.97573,2026-07-10 00:00:00,28.1,10.1
2104,96,Sambalpur,Odisha,East,21.46527,83.97573,2026-07-11 00:00:00,29.3,12.2
2105,96,Sambalpur,Odisha,East,21.46527,83.97573,2026-07-12 00:00:00,30.3,13.2
2106,96,Sambalpur,Odisha,East,21.46527,83.97573,2026-07-13 00:00:00,30.9,11.3
2107,96,Sambalpur,Odisha,East,21.46527,83.97573,2026-07-14 00:00:00,30.7,8.0
2108,96,Sambalpur,Odisha,East,21.46527,83.97573,2026-07-15 00:00:00,28.1,7.9
2109,96,Sambalpur,Odisha,East,21.46527,83.97573,2026-07-16 00:00:00,26.6,9.1
2110,96,Sambalpur,Odisha,East,21.46527,83.97573,2026-07-17 00:00:00,27.3,10.8
2111,96,Sambalpur,Odisha,East,21.46527,83.97573,2026-07-18 00:00:00,27.4,9.8
2112,96,Sambalpur,Odisha,East,21.46527,83.97573,2026-07-19 00:00:00,28.1,7.1
2113,96,Sambalpur,Odisha,East,21.46527,83.97573,2026-07-20 00:00:00,27.4,8.2
2114,96,Sambalpur,Odisha,East,21.46527,83.97573,2026-07-21 00:00:00,26.1,8.5
2115,96,Sambalpur,Odisha,East,21.46527,83.97573,2026-07-22 00:00:00,25.3,14.4
2116,96,Sambalpur,Odisha,East,21.46527,83.97573,2026-07-23 00:00:00,27.1,14.0
2117,96,Sambalpur,Odisha,East,21.46527,83.97573,2026-07-24 00:00:00,27.9,8.3
2118,96,Sambalpur,Odisha,East,21.46527,83.97573,2026-07-25 00:00:00,27.1,7.1
2119,96,Sambalpur,Odisha,East,21.46527,83.97573,2026-07-26 00:00:00,27.6,10.5
2120,96,Sambalpur,Odisha,East,21.46527,83.97573,2026-07-27 00:00:00,27.4,9.7
2121,96,Sambalpur,Odisha,East,21.46527,83.97573,2026-07-28 00:00:00,26.0,16.9
2122,96,Sambalpur,Odisha,East,21.46527,83.97573,2026-07-29 00:00:00,26.1,15.0
2123,96,Sambalpur,Odisha,East,21.46527,83.97573,2026-07-30 00:00:00,27.5,12.4
2124,96,Sambalpur,Odisha,East,21.46527,83.97573,2026-07-31 00:00:00,28.5,9.3
2125,96,Sambalpur,Odisha,East,21.46527,83.97573,2026-08-01 00:00:00,28.5,7.7
2126,96,Sambalpur,Odisha,East,21.46527,83.97573,2026-08-02 00:00:00,29.1,7.1
2127,96,Sambalpur,Odisha,East,21.46527,83.97573,2026-08-03 00:00:00,29.5,5.1
2128,96,Sambalpur,Odisha,East,21.46527,83.97573,2026-08-04 00:00:00,28.8,5.0
2129,96,Sambalpur,Odisha,East,21.46527,83.97573,2026-08-05 00:00:00,27.5,7.3
2130,96,Sambalpur,Odisha,East,21.46527,83.97573,2026-08-06 00:00:00,26.9,6.2
2131,96,Sambalpur,Odisha,East,21.46527,83.97573,2026-08-07 00:00:00,26.9,8.0
2132,96,Sambalpur,Odisha,East,21.46527,83.97573,2026-08-08 00:00:00,26.2,6.6
2133,89,Puri,Odisha,East,19.79825,85.82494,2026-07-10 00:00:00,29.1,18.5
2134,89,Puri,Odisha,East,19.79825,85.82494,2026-07-11 00:00:00,29.8,16.0
2135,89,Puri,Odisha,East,19.79825,85.82494,2026-07-12 00:00:00,30.0,14.6
2136,89,Puri,Odisha,East,19.79825,85.82494,2026-07-13 00:00:00,30.3,7.9
2137,89,Puri,Odisha,East,19.79825,85.82494,2026-07-14 00:00:00,27.8,6.5
2138,89,Puri,Odisha,East,19.79825,85.82494,2026-07-15 00:00:00,27.0,11.2
2139,89,Puri,Odisha,East,19.79825,85.82494,2026-07-16 00:00:00,26.3,18.1
2140,89,Puri,Odisha,East,19.79825,85.82494,2026-07-17 00:00:00,27.7,17.5
2141,89,Puri,Odisha,East,19.79825,85.82494,2026-07-18 00:00:00,27.8,14.0
2142,89,Puri,Odisha,East,19.79825,85.82494,2026-07-19 00:00:00,29.2,13.6
2143,89,Puri,Odisha,East,19.79825,85.82494,2026-07-20 00:00:00,28.6,8.2
2144,89,Puri,Odisha,East,19.79825,85.82494,2026-07-21 00:00:00,27.2,6.0
2145,89,Puri,Odisha,East,19.79825,85.82494,2026-07-22 00:00:00,27.4,16.4
2146,89,Puri,Odisha,East,19.79825,85.82494,2026-07-23 00:00:00,28.4,21.9
2147,89,Puri,Odisha,East,19.79825,85.82494,2026-07-24 00:00:00,28.6,16.2
2148,89,Puri,Odisha,East,19.79825,85.82494,2026-07-25 00:00:00,26.9,11.5
2149,89,Puri,Odisha,East,19.79825,85.82494,2026-07-26 00:00:00,26.6,13.7
2150,89,Puri,Odisha,East,19.79825,85.82494,2026-07-27 00:00:00,27.7,14.1
2151,89,Puri,Odisha,East,19.79825,85.82494,2026-07-28 00:00:00,27.0,22.3
2152,89,Puri,Odisha,East,19.79825,85.82494,2026-07-29 00:00:00,28.9,27.5
2153,89,Puri,Odisha,East,19.79825,85.82494,2026-07-30 00:00:00,28.9,28.6
2154,89,Puri,Odisha,East,19.79825,85.82494,2026-07-31 00:00:00,28.9,24.0
2155,89,Puri,Odisha,East,19.79825,85.82494,2026-08-01 00:00:00,29.0,20.9
2156,89,Puri,Odisha,East,19.79825,85.82494,2026-08-02 00:00:00,28.9,12.4
2157,89,Puri,Odisha,East,19.79825,85.82494,2026-08-03 00:00:00,28.9,8.4
2158,89,Puri,Odisha,East,19.79825,85.82494,2026-08-04 00:00:00,29.3,8.1
2159,89,Puri,Odisha,East,19.79825,85.82494,2026-08-05 00:00:00,29.3,8.5
2160,89,Puri,Odisha,East,19.79825,85.82494,2026-08-06 00:00:00,27.1,7.5
2161,89,Puri,Odisha,East,19.79825,85.82494,2026-08-07 00:00:00,27.4,7.0
2162,89,Puri,Odisha,East,19.79825,85.82494,2026-08-08 00:00:00,28.3,10.1
2163,84,Patna,Bihar,East,25.59408,85.13563,2026-07-10 00:00:00,29.1,7.4
2164,84,Patna,Bihar,East,25.59408,85.13563,2026-07-11 00:00:00,28.2,11.3
2165,84,Patna,Bihar,East,25.59408,85.13563,2026-07-12 00:00:00,30.7,12.4
2166,84,Patna,Bihar,East,25.59408,85.13563,2026-07-13 00:00:00,30.3,6.9
2167,84,Patna,Bihar,East,25.59408,85.13563,2026-07-14 00:00:00,30.1,4.0
2168,84,Patna,Bihar,East,25.59408,85.13563,2026-07-15 00:00:00,30.4,5.2
2169,84,Patna,Bihar,East,25.59408,85.13563,2026-07-16 00:00:00,30.5,8.7
2170,84,Patna,Bihar,East,25.59408,85.13563,2026-07-17 00:00:00,30.5,7.7
2171,84,Patna,Bihar,East,25.59408,85.13563,2026-07-18 00:00:00,28.7,6.4
2172,84,Patna,Bihar,East,25.59408,85.13563,2026-07-19 00:00:00,28.3,8.1
2173,84,Patna,Bihar,East,25.59408,85.13563,2026-07-20 00:00:00,27.8,8.4
2174,84,Patna,Bihar,East,25.59408,85.13563,2026-07-21 00:00:00,28.3,13.9
2175,84,Patna,Bihar,East,25.59408,85.13563,2026-07-22 00:00:00,28.6,15.7
2176,84,Patna,Bihar,East,25.59408,85.13563,2026-07-23 00:00:00,28.2,10.5
2177,84,Patna,Bihar,East,25.59408,85.13563,2026-07-24 00:00:00,28.7,4.2
2178,84,Patna,Bihar,East,25.59408,85.13563,2026-07-25 00:00:00,30.4,7.8
2179,84,Patna,Bihar,East,25.59408,85.13563,2026-07-26 00:00:00,31.3,5.8
2180,84,Patna,Bihar,East,25.59408,85.13563,2026-07-27 00:00:00,30.6,5.8
2181,84,Patna,Bihar,East,25.59408,85.13563,2026-07-28 00:00:00,30.4,13.1
2182,84,Patna,Bihar,East,25.59408,85.13563,2026-07-29 00:00:00,30.3,16.1
2183,84,Patna,Bihar,East,25.59408,85.13563,2026-07-30 00:00:00,28.8,17.5
2184,84,Patna,Bihar,East,25.59408,85.13563,2026-07-31 00:00:00,29.5,15.4
2185,84,Patna,Bihar,East,25.59408,85.13563,2026-08-01 00:00:00,30.1,6.3
2186,84,Patna,Bihar,East,25.59408,85.13563,2026-08-02 00:00:00,29.9,4.7
2187,84,Patna,Bihar,East,25.59408,85.13563,2026-08-03 00:00:00,29.7,3.2
2188,84,Patna,Bihar,East,25.59408,85.13563,2026-08-04 00:00:00,29.3,5.4
2189,84,Patna,Bihar,East,25.59408,85.13563,2026-08-05 00:00:00,28.4,4.1
2190,84,Patna,Bihar,East,25.59408,85.13563,2026-08-06 00:00:00,28.3,6.6
2191,84,Patna,Bihar,East,25.59408,85.13563,2026-08-07 00:00:00,29.6,6.0
2192,84,Patna,Bihar,East,25.59408,85.13563,2026-08-08 00:00:00,29.7,13.1
2193,33,Gaya,Bihar,East,24.79686,85.00385,2026-07-10 00:00:00,28.7,11.8
2194,33,Gaya,Bihar,East,24.79686,85.00385,2026-07-11 00:00:00,28.9,12.4
2195,33,Gaya,Bihar,East,24.79686,85.00385,2026-07-12 00:00:00,31.0,12.3
2196,33,Gaya,Bihar,East,24.79686,85.00385,2026-07-13 00:00:00,30.7,8.9
2197,33,Gaya,Bihar,East,24.79686,85.00385,2026-07-14 00:00:00,30.0,4.7
2198,33,Gaya,Bihar,East,24.79686,85.00385,2026-07-15 00:00:00,29.7,6.0
2199,33,Gaya,Bihar,East,24.79686,85.00385,2026-07-16 00:00:00,30.3,6.4
2200,33,Gaya,Bihar,East,24.79686,85.00385,2026-07-17 00:00:00,29.8,5.5
2201,33,Gaya,Bihar,East,24.79686,85.00385,2026-07-18 00:00:00,28.2,5.8
2202,33,Gaya,Bihar,East,24.79686,85.00385,2026-07-19 00:00:00,28.2,4.1
2203,33,Gaya,Bihar,East,24.79686,85.00385,2026-07-20 00:00:00,26.9,5.0
2204,33,Gaya,Bihar,East,24.79686,85.00385,2026-07-21 00:00:00,28.0,13.0
2205,33,Gaya,Bihar,East,24.79686,85.00385,2026-07-22 00:00:00,28.3,14.5
2206,33,Gaya,Bihar,East,24.79686,85.00385,2026-07-23 00:00:00,28.5,5.7
2207,33,Gaya,Bihar,East,24.79686,85.00385,2026-07-24 00:00:00,28.5,5.6
2208,33,Gaya,Bihar,East,24.79686,85.00385,2026-07-25 00:00:00,29.8,7.7
2209,33,Gaya,Bihar,East,24.79686,85.00385,2026-07-26 00:00:00,30.5,6.4
2210,33,Gaya,Bihar,East,24.79686,85.00385,2026-07-27 00:00:00,29.7,6.6
2211,33,Gaya,Bihar,East,24.79686,85.00385,2026-07-28 00:00:00,28.9,12.7
2212,33,Gaya,Bihar,East,24.79686,85.00385,2026-07-29 00:00:00,29.6,16.9
2213,33,Gaya,Bihar,East,24.79686,85.00385,2026-07-30 00:00:00,29.4,16.9
2214,33,Gaya,Bihar,East,24.79686,85.00385,2026-07-31 00:00:00,29.9,14.2
2215,33,Gaya,Bihar,East,24.79686,85.00385,2026-08-01 00:00:00,29.9,5.3
2216,33,Gaya,Bihar,East,24.79686,85.00385,2026-08-02 00:00:00,29.7,5.2
2217,33,Gaya,Bihar,East,24.79686,85.00385,2026-08-03 00:00:00,29.9,3.8
2218,33,Gaya,Bihar,East,24.79686,85.00385,2026-08-04 00:00:00,28.8,6.0
2219,33,Gaya,Bihar,East,24.79686,85.00385,2026-08-05 00:00:00,27.7,6.3
2220,33,Gaya,Bihar,East,24.79686,85.00385,2026-08-06 00:00:00,27.8,4.3
2221,33,Gaya,Bihar,East,24.79686,85.00385,2026-08-07 00:00:00,28.5,5.2
2222,33,Gaya,Bihar,East,24.79686,85.00385,2026-08-08 00:00:00,28.7,11.8
2223,73,Muzaffarpur,Bihar,East,26.12259,85.39055,2026-07-10 00:00:00,28.6,7.3
2224,73,Muzaffarpur,Bihar,East,26.12259,85.39055,2026-07-11 00:00:00,28.8,9.3
2225,73,Muzaffarpur,Bihar,East,26.12259,85.39055,2026-07-12 00:00:00,30.0,11.4
2226,73,Muzaffarpur,Bihar,East,26.12259,85.39055,2026-07-13 00:00:00,29.2,7.3
2227,73,Muzaffarpur,Bihar,East,26.12259,85.39055,2026-07-14 00:00:00,29.8,3.9
2228,73,Muzaffarpur,Bihar,East,26.12259,85.39055,2026-07-15 00:00:00,30.1,5.4
2229,73,Muzaffarpur,Bihar,East,26.12259,85.39055,2026-07-16 00:00:00,30.0,9.0
2230,73,Muzaffarpur,Bihar,East,26.12259,85.39055,2026-07-17 00:00:00,30.5,8.6
2231,73,Muzaffarpur,Bihar,East,26.12259,85.39055,2026-07-18 00:00:00,28.7,9.4
2232,73,Muzaffarpur,Bihar,East,26.12259,85.39055,2026-07-19 00:00:00,28.0,11.0
2233,73,Muzaffarpur,Bihar,East,26.12259,85.39055,2026-07-20 00:00:00,27.8,12.0
2234,73,Muzaffarpur,Bihar,East,26.12259,85.39055,2026-07-21 00:00:00,28.5,15.7
2235,73,Muzaffarpur,Bihar,East,26.12259,85.39055,2026-07-22 00:00:00,28.8,17.7
2236,73,Muzaffarpur,Bihar,East,26.12259,85.39055,2026-07-23 00:00:00,28.5,13.6
2237,73,Muzaffarpur,Bihar,East,26.12259,85.39055,2026-07-24 00:00:00,28.7,7.7
2238,73,Muzaffarpur,Bihar,East,26.12259,85.39055,2026-07-25 00:00:00,30.4,8.1
2239,73,Muzaffarpur,Bihar,East,26.12259,85.39055,2026-07-26 00:00:00,31.3,5.8
2240,73,Muzaffarpur,Bihar,East,26.12259,85.39055,2026-07-27 00:00:00,30.7,5.6
2241,73,Muzaffarpur,Bihar,East,26.12259,85.39055,2026-07-28 00:00:00,30.5,13.3
2242,73,Muzaffarpur,Bihar,East,26.12259,85.39055,2026-07-29 00:00:00,30.6,17.1
2243,73,Muzaffarpur,Bihar,East,26.12259,85.39055,2026-07-30 00:00:00,29.2,19.8
2244,73,Muzaffarpur,Bihar,East,26.12259,85.39055,2026-07-31 00:00:00,29.2,17.0
2245,73,Muzaffarpur,Bihar,East,26.12259,85.39055,2026-08-01 00:00:00,29.5,8.7
2246,73,Muzaffarpur,Bihar,East,26.12259,85.39055,2026-08-02 00:00:00,29.2,6.2
2247,73,Muzaffarpur,Bihar,East,26.12259,85.39055,2026-08-03 00:00:00,29.4,4.6
2248,73,Muzaffarpur,Bihar,East,26.12259,85.39055,2026-08-04 00:00:00,28.7,5.0
2249,73,Muzaffarpur,Bihar,East,26.12259,85.39055,2026-08-05 00:00:00,27.9,6.8
2250,73,Muzaffarpur,Bihar,East,26.12259,85.39055,2026-08-06 00:00:00,28.6,9.2
2251,73,Muzaffarpur,Bihar,East,26.12259,85.39055,2026-08-07 00:00:00,29.7,9.1
2252,73,Muzaffarpur,Bihar,East,26.12259,85.39055,2026-08-08 00:00:00,30.2,14.6
2253,13,Bhagalpur,Bihar,East,25.24446,86.97183,2026-07-10 00:00:00,29.1,5.6
2254,13,Bhagalpur,Bihar,East,25.24446,86.97183,2026-07-11 00:00:00,28.7,10.5
2255,13,Bhagalpur,Bihar,East,25.24446,86.97183,2026-07-12 00:00:00,30.5,8.8
2256,13,Bhagalpur,Bihar,East,25.24446,86.97183,2026-07-13 00:00:00,29.1,4.3
2257,13,Bhagalpur,Bihar,East,25.24446,86.97183,2026-07-14 00:00:00,30.1,5.6
2258,13,Bhagalpur,Bihar,East,25.24446,86.97183,2026-07-15 00:00:00,30.8,5.2
2259,13,Bhagalpur,Bihar,East,25.24446,86.97183,2026-07-16 00:00:00,30.7,9.6
2260,13,Bhagalpur,Bihar,East,25.24446,86.97183,2026-07-17 00:00:00,30.2,10.3
2261,13,Bhagalpur,Bihar,East,25.24446,86.97183,2026-07-18 00:00:00,28.7,8.5
2262,13,Bhagalpur,Bihar,East,25.24446,86.97183,2026-07-19 00:00:00,28.5,8.8
2263,13,Bhagalpur,Bihar,East,25.24446,86.97183,2026-07-20 00:00:00,27.2,10.6
2264,13,Bhagalpur,Bihar,East,25.24446,86.97183,2026-07-21 00:00:00,27.7,13.3
2265,13,Bhagalpur,Bihar,East,25.24446,86.97183,2026-07-22 00:00:00,28.4,14.3
2266,13,Bhagalpur,Bihar,East,25.24446,86.97183,2026-07-23 00:00:00,28.4,9.8
2267,13,Bhagalpur,Bihar,East,25.24446,86.97183,2026-07-24 00:00:00,29.1,7.5
2268,13,Bhagalpur,Bihar,East,25.24446,86.97183,2026-07-25 00:00:00,30.2,10.3
2269,13,Bhagalpur,Bihar,East,25.24446,86.97183,2026-07-26 00:00:00,31.0,6.8
2270,13,Bhagalpur,Bihar,East,25.24446,86.97183,2026-07-27 00:00:00,30.5,9.6
2271,13,Bhagalpur,Bihar,East,25.24446,86.97183,2026-07-28 00:00:00,30.1,17.0
2272,13,Bhagalpur,Bihar,East,25.24446,86.97183,2026-07-29 00:00:00,30.0,16.1
2273,13,Bhagalpur,Bihar,East,25.24446,86.97183,2026-07-30 00:00:00,28.8,16.7
2274,13,Bhagalpur,Bihar,East,25.24446,86.97183,2026-07-31 00:00:00,29.4,12.6
2275,13,Bhagalpur,Bihar,East,25.24446,86.97183,2026-08-01 00:00:00,30.1,6.7
2276,13,Bhagalpur,Bihar,East,25.24446,86.97183,2026-08-02 00:00:00,29.4,5.4
2277,13,Bhagalpur,Bihar,East,25.24446,86.97183,2026-08-03 00:00:00,29.4,4.3
2278,13,Bhagalpur,Bihar,East,25.24446,86.97183,2026-08-04 00:00:00,29.0,3.5
2279,13,Bhagalpur,Bihar,East,25.24446,86.97183,2026-08-05 00:00:00,28.1,5.4
2280,13,Bhagalpur,Bihar,East,25.24446,86.97183,2026-08-06 00:00:00,28.7,6.3
2281,13,Bhagalpur,Bihar,East,25.24446,86.97183,2026-08-07 00:00:00,29.6,10.0
2282,13,Bhagalpur,Bihar,East,25.24446,86.97183,2026-08-08 00:00:00,29.1,13.1
2283,24,Darbhanga,Bihar,East,26.15216,85.89707,2026-07-10 00:00:00,28.8,6.1
2284,24,Darbhanga,Bihar,East,26.15216,85.89707,2026-07-11 00:00:00,28.7,8.9
2285,24,Darbhanga,Bihar,East,26.15216,85.89707,2026-07-12 00:00:00,29.8,11.4
2286,24,Darbhanga,Bihar,East,26.15216,85.89707,2026-07-13 00:00:00,28.7,7.0
2287,24,Darbhanga,Bihar,East,26.15216,85.89707,2026-07-14 00:00:00,29.5,4.0
2288,24,Darbhanga,Bihar,East,26.15216,85.89707,2026-07-15 00:00:00,30.5,5.4
2289,24,Darbhanga,Bihar,East,26.15216,85.89707,2026-07-16 00:00:00,30.3,9.3
2290,24,Darbhanga,Bihar,East,26.15216,85.89707,2026-07-17 00:00:00,30.5,9.8
2291,24,Darbhanga,Bihar,East,26.15216,85.89707,2026-07-18 00:00:00,28.7,11.5
2292,24,Darbhanga,Bihar,East,26.15216,85.89707,2026-07-19 00:00:00,28.1,11.7
2293,24,Darbhanga,Bihar,East,26.15216,85.89707,2026-07-20 00:00:00,27.7,13.3
2294,24,Darbhanga,Bihar,East,26.15216,85.89707,2026-07-21 00:00:00,28.4,15.0
2295,24,Darbhanga,Bihar,East,26.15216,85.89707,2026-07-22 00:00:00,28.6,17.9
2296,24,Darbhanga,Bihar,East,26.15216,85.89707,2026-07-23 00:00:00,28.4,13.7
2297,24,Darbhanga,Bihar,East,26.15216,85.89707,2026-07-24 00:00:00,28.8,8.8
2298,24,Darbhanga,Bihar,East,26.15216,85.89707,2026-07-25 00:00:00,30.5,8.6
2299,24,Darbhanga,Bihar,East,26.15216,85.89707,2026-07-26 00:00:00,31.4,5.6
2300,24,Darbhanga,Bihar,East,26.15216,85.89707,2026-07-27 00:00:00,30.3,5.2
2301,24,Darbhanga,Bihar,East,26.15216,85.89707,2026-07-28 00:00:00,31.0,14.3
2302,24,Darbhanga,Bihar,East,26.15216,85.89707,2026-07-29 00:00:00,30.5,17.5
2303,24,Darbhanga,Bihar,East,26.15216,85.89707,2026-07-30 00:00:00,29.0,20.8
2304,24,Darbhanga,Bihar,East,26.15216,85.89707,2026-07-31 00:00:00,29.0,16.2
2305,24,Darbhanga,Bihar,East,26.15216,85.89707,2026-08-01 00:00:00,29.2,8.6
2306,24,Darbhanga,Bihar,East,26.15216,85.89707,2026-08-02 00:00:00,28.9,7.0
2307,24,Darbhanga,Bihar,East,26.15216,85.89707,2026-08-03 00:00:00,29.2,4.8
2308,24,Darbhanga,Bihar,East,26.15216,85.89707,2026-08-04 00:00:00,28.3,5.0
2309,24,Darbhanga,Bihar,East,26.15216,85.89707,2026-08-05 00:00:00,27.6,7.7
2310,24,Darbhanga,Bihar,East,26.15216,85.89707,2026-08-06 00:00:00,28.8,8.9
2311,24,Darbhanga,Bihar,East,26.15216,85.89707,2026-08-07 00:00:00,29.9,9.4
2312,24,Darbhanga,Bihar,East,26.15216,85.89707,2026-08-08 00:00:00,30.1,14.3
2314,36,Guwahati,Assam,Northeast,26.1844,91.7458,2026-07-11 00:00:00,28.1,4.9
2315,36,Guwahati,Assam,Northeast,26.1844,91.7458,2026-07-12 00:00:00,27.8,3.5
2316,36,Guwahati,Assam,Northeast,26.1844,91.7458,2026-07-13 00:00:00,28.4,6.8
2317,36,Guwahati,Assam,Northeast,26.1844,91.7458,2026-07-14 00:00:00,29.1,5.5
2318,36,Guwahati,Assam,Northeast,26.1844,91.7458,2026-07-15 00:00:00,28.2,6.1
2319,36,Guwahati,Assam,Northeast,26.1844,91.7458,2026-07-16 00:00:00,29.0,3.7
2320,36,Guwahati,Assam,Northeast,26.1844,91.7458,2026-07-17 00:00:00,27.7,4.5
2321,36,Guwahati,Assam,Northeast,26.1844,91.7458,2026-07-18 00:00:00,27.3,5.1
2322,36,Guwahati,Assam,Northeast,26.1844,91.7458,2026-07-19 00:00:00,27.4,6.4
2323,36,Guwahati,Assam,Northeast,26.1844,91.7458,2026-07-20 00:00:00,26.7,4.6
2324,36,Guwahati,Assam,Northeast,26.1844,91.7458,2026-07-21 00:00:00,28.7,4.1
2325,36,Guwahati,Assam,Northeast,26.1844,91.7458,2026-07-22 00:00:00,27.8,5.9
2326,36,Guwahati,Assam,Northeast,26.1844,91.7458,2026-07-23 00:00:00,27.9,4.4
2327,36,Guwahati,Assam,Northeast,26.1844,91.7458,2026-07-24 00:00:00,28.4,3.9
2328,36,Guwahati,Assam,Northeast,26.1844,91.7458,2026-07-25 00:00:00,29.9,4.3
2329,36,Guwahati,Assam,Northeast,26.1844,91.7458,2026-07-26 00:00:00,29.9,3.4
2330,36,Guwahati,Assam,Northeast,26.1844,91.7458,2026-07-27 00:00:00,29.8,4.4
2331,36,Guwahati,Assam,Northeast,26.1844,91.7458,2026-07-28 00:00:00,29.2,4.1
2332,36,Guwahati,Assam,Northeast,26.1844,91.7458,2026-07-29 00:00:00,28.5,7.4
2333,36,Guwahati,Assam,Northeast,26.1844,91.7458,2026-07-30 00:00:00,27.4,4.0
2334,36,Guwahati,Assam,Northeast,26.1844,91.7458,2026-07-31 00:00:00,27.8,4.9
2335,36,Guwahati,Assam,Northeast,26.1844,91.7458,2026-08-01 00:00:00,28.1,7.1
2336,36,Guwahati,Assam,Northeast,26.1844,91.7458,2026-08-02 00:00:00,28.4,4.7
2337,36,Guwahati,Assam,Northeast,26.1844,91.7458,2026-08-03 00:00:00,28.0,4.6
2338,36,Guwahati,Assam,Northeast,26.1844,91.7458,2026-08-04 00:00:00,28.0,3.0
2339,36,Guwahati,Assam,Northeast,26.1844,91.7458,2026-08-05 00:00:00,26.9,5.5
2340,36,Guwahati,Assam,Northeast,26.1844,91.7458,2026-08-06 00:00:00,29.6,5.1
2341,36,Guwahati,Assam,Northeast,26.1844,91.7458,2026-08-07 00:00:00,29.9,4.6
2342,36,Guwahati,Assam,Northeast,26.1844,91.7458,2026-08-08 00:00:00,28.5,5.4
2343,100,Silchar,Assam,Northeast,24.82733,92.79787,2026-07-10 00:00:00,27.8,4.5
2344,100,Silchar,Assam,Northeast,24.82733,92.79787,2026-07-11 00:00:00,27.9,5.8
2345,100,Silchar,Assam,Northeast,24.82733,92.79787,2026-07-12 00:00:00,28.2,4.7
2346,100,Silchar,Assam,Northeast,24.82733,92.79787,2026-07-13 00:00:00,29.8,3.8
2347,100,Silchar,Assam,Northeast,24.82733,92.79787,2026-07-14 00:00:00,29.5,3.6
2348,100,Silchar,Assam,Northeast,24.82733,92.79787,2026-07-15 00:00:00,29.9,6.6
2349,100,Silchar,Assam,Northeast,24.82733,92.79787,2026-07-16 00:00:00,29.0,6.6
2350,100,Silchar,Assam,Northeast,24.82733,92.79787,2026-07-17 00:00:00,27.5,3.8
2351,100,Silchar,Assam,Northeast,24.82733,92.79787,2026-07-18 00:00:00,28.4,5.0
2352,100,Silchar,Assam,Northeast,24.82733,92.79787,2026-07-19 00:00:00,26.7,4.4
2353,100,Silchar,Assam,Northeast,24.82733,92.79787,2026-07-20 00:00:00,25.4,4.9
2354,100,Silchar,Assam,Northeast,24.82733,92.79787,2026-07-21 00:00:00,28.2,5.1
2355,100,Silchar,Assam,Northeast,24.82733,92.79787,2026-07-22 00:00:00,28.2,5.2
2356,100,Silchar,Assam,Northeast,24.82733,92.79787,2026-07-23 00:00:00,27.7,6.0
2357,100,Silchar,Assam,Northeast,24.82733,92.79787,2026-07-24 00:00:00,28.8,4.3
2358,100,Silchar,Assam,Northeast,24.82733,92.79787,2026-07-25 00:00:00,30.1,4.1
2359,100,Silchar,Assam,Northeast,24.82733,92.79787,2026-07-26 00:00:00,29.3,4.6
2360,100,Silchar,Assam,Northeast,24.82733,92.79787,2026-07-27 00:00:00,30.0,4.0
2361,100,Silchar,Assam,Northeast,24.82733,92.79787,2026-07-28 00:00:00,28.8,5.3
2362,100,Silchar,Assam,Northeast,24.82733,92.79787,2026-07-29 00:00:00,28.5,5.6
2363,100,Silchar,Assam,Northeast,24.82733,92.79787,2026-07-30 00:00:00,27.9,5.9
2364,100,Silchar,Assam,Northeast,24.82733,92.79787,2026-07-31 00:00:00,28.8,4.3
2365,100,Silchar,Assam,Northeast,24.82733,92.79787,2026-08-01 00:00:00,28.0,4.9
2366,100,Silchar,Assam,Northeast,24.82733,92.79787,2026-08-02 00:00:00,28.1,4.9
2367,100,Silchar,Assam,Northeast,24.82733,92.79787,2026-08-03 00:00:00,28.3,4.5
2368,100,Silchar,Assam,Northeast,24.82733,92.79787,2026-08-04 00:00:00,27.7,3.8
2369,100,Silchar,Assam,Northeast,24.82733,92.79787,2026-08-05 00:00:00,26.9,3.6
2370,100,Silchar,Assam,Northeast,24.82733,92.79787,2026-08-06 00:00:00,28.4,3.1
2371,100,Silchar,Assam,Northeast,24.82733,92.79787,2026-08-07 00:00:00,29.3,3.4
2372,100,Silchar,Assam,Northeast,24.82733,92.79787,2026-08-08 00:00:00,29.0,6.5
2373,27,Dibrugarh,Assam,Northeast,27.47989,94.90837,2026-07-10 00:00:00,28.1,5.8
2374,27,Dibrugarh,Assam,Northeast,27.47989,94.90837,2026-07-11 00:00:00,28.8,6.1
2375,27,Dibrugarh,Assam,Northeast,27.47989,94.90837,2026-07-12 00:00:00,27.7,5.5
2376,27,Dibrugarh,Assam,Northeast,27.47989,94.90837,2026-07-13 00:00:00,28.4,4.2
2377,27,Dibrugarh,Assam,Northeast,27.47989,94.90837,2026-07-14 00:00:00,30.1,4.0
2378,27,Dibrugarh,Assam,Northeast,27.47989,94.90837,2026-07-15 00:00:00,29.0,5.0
2379,27,Dibrugarh,Assam,Northeast,27.47989,94.90837,2026-07-16 00:00:00,28.0,7.4
2380,27,Dibrugarh,Assam,Northeast,27.47989,94.90837,2026-07-17 00:00:00,27.5,8.5
2381,27,Dibrugarh,Assam,Northeast,27.47989,94.90837,2026-07-18 00:00:00,26.7,7.5
2382,27,Dibrugarh,Assam,Northeast,27.47989,94.90837,2026-07-19 00:00:00,26.0,7.4
2383,27,Dibrugarh,Assam,Northeast,27.47989,94.90837,2026-07-20 00:00:00,28.2,5.8
2384,27,Dibrugarh,Assam,Northeast,27.47989,94.90837,2026-07-21 00:00:00,29.6,4.1
2385,27,Dibrugarh,Assam,Northeast,27.47989,94.90837,2026-07-22 00:00:00,28.0,6.4
2386,27,Dibrugarh,Assam,Northeast,27.47989,94.90837,2026-07-23 00:00:00,27.9,7.1
2387,27,Dibrugarh,Assam,Northeast,27.47989,94.90837,2026-07-24 00:00:00,29.1,5.2
2388,27,Dibrugarh,Assam,Northeast,27.47989,94.90837,2026-07-25 00:00:00,30.9,3.3
2389,27,Dibrugarh,Assam,Northeast,27.47989,94.90837,2026-07-26 00:00:00,30.1,3.9
2390,27,Dibrugarh,Assam,Northeast,27.47989,94.90837,2026-07-27 00:00:00,29.9,4.3
2391,27,Dibrugarh,Assam,Northeast,27.47989,94.90837,2026-07-28 00:00:00,29.0,4.2
2392,27,Dibrugarh,Assam,Northeast,27.47989,94.90837,2026-07-29 00:00:00,29.3,5.3
2393,27,Dibrugarh,Assam,Northeast,27.47989,94.90837,2026-07-30 00:00:00,26.5,4.8
2394,27,Dibrugarh,Assam,Northeast,27.47989,94.90837,2026-07-31 00:00:00,27.2,4.8
2395,27,Dibrugarh,Assam,Northeast,27.47989,94.90837,2026-08-01 00:00:00,26.8,5.9
2396,27,Dibrugarh,Assam,Northeast,27.47989,94.90837,2026-08-02 00:00:00,27.4,4.5
2397,27,Dibrugarh,Assam,Northeast,27.47989,94.90837,2026-08-03 00:00:00,26.8,4.6
2398,27,Dibrugarh,Assam,Northeast,27.47989,94.90837,2026-08-04 00:00:00,27.0,3.9
2399,27,Dibrugarh,Assam,Northeast,27.47989,94.90837,2026-08-05 00:00:00,28.6,3.1
2400,27,Dibrugarh,Assam,Northeast,27.47989,94.90837,2026-08-06 00:00:00,30.6,3.0
2401,27,Dibrugarh,Assam,Northeast,27.47989,94.90837,2026-08-07 00:00:00,29.6,4.7
2402,27,Dibrugarh,Assam,Northeast,27.47989,94.90837,2026-08-08 00:00:00,28.4,4.3
2403,52,Jorhat,Assam,Northeast,26.75751,94.20306,2026-07-10 00:00:00,29.0,5.9
2404,52,Jorhat,Assam,Northeast,26.75751,94.20306,2026-07-11 00:00:00,29.1,5.7
2405,52,Jorhat,Assam,Northeast,26.75751,94.20306,2026-07-12 00:00:00,28.7,6.6
2406,52,Jorhat,Assam,Northeast,26.75751,94.20306,2026-07-13 00:00:00,28.4,5.4
2407,52,Jorhat,Assam,Northeast,26.75751,94.20306,2026-07-14 00:00:00,30.3,3.8
2408,52,Jorhat,Assam,Northeast,26.75751,94.20306,2026-07-15 00:00:00,29.6,5.9
2409,52,Jorhat,Assam,Northeast,26.75751,94.20306,2026-07-16 00:00:00,28.5,4.7
2410,52,Jorhat,Assam,Northeast,26.75751,94.20306,2026-07-17 00:00:00,28.7,11.7
2411,52,Jorhat,Assam,Northeast,26.75751,94.20306,2026-07-18 00:00:00,28.0,6.7
2412,52,Jorhat,Assam,Northeast,26.75751,94.20306,2026-07-19 00:00:00,26.0,9.6
2413,52,Jorhat,Assam,Northeast,26.75751,94.20306,2026-07-20 00:00:00,27.5,6.3
2414,52,Jorhat,Assam,Northeast,26.75751,94.20306,2026-07-21 00:00:00,29.3,4.6
2415,52,Jorhat,Assam,Northeast,26.75751,94.20306,2026-07-22 00:00:00,27.8,6.1
2416,52,Jorhat,Assam,Northeast,26.75751,94.20306,2026-07-23 00:00:00,27.6,5.6
2417,52,Jorhat,Assam,Northeast,26.75751,94.20306,2026-07-24 00:00:00,29.2,5.0
2418,52,Jorhat,Assam,Northeast,26.75751,94.20306,2026-07-25 00:00:00,30.8,4.5
2419,52,Jorhat,Assam,Northeast,26.75751,94.20306,2026-07-26 00:00:00,29.7,4.2
2420,52,Jorhat,Assam,Northeast,26.75751,94.20306,2026-07-27 00:00:00,29.8,4.0
2421,52,Jorhat,Assam,Northeast,26.75751,94.20306,2026-07-28 00:00:00,28.8,6.3
2422,52,Jorhat,Assam,Northeast,26.75751,94.20306,2026-07-29 00:00:00,28.9,5.7
2423,52,Jorhat,Assam,Northeast,26.75751,94.20306,2026-07-30 00:00:00,28.3,4.3
2424,52,Jorhat,Assam,Northeast,26.75751,94.20306,2026-07-31 00:00:00,27.7,3.9
2425,52,Jorhat,Assam,Northeast,26.75751,94.20306,2026-08-01 00:00:00,27.8,5.3
2426,52,Jorhat,Assam,Northeast,26.75751,94.20306,2026-08-02 00:00:00,28.4,7.2
2427,52,Jorhat,Assam,Northeast,26.75751,94.20306,2026-08-03 00:00:00,28.2,6.0
2428,52,Jorhat,Assam,Northeast,26.75751,94.20306,2026-08-04 00:00:00,27.3,4.7
2429,52,Jorhat,Assam,Northeast,26.75751,94.20306,2026-08-05 00:00:00,27.6,4.6
2430,52,Jorhat,Assam,Northeast,26.75751,94.20306,2026-08-06 00:00:00,29.7,4.5
2431,52,Jorhat,Assam,Northeast,26.75751,94.20306,2026-08-07 00:00:00,29.3,4.5
2432,52,Jorhat,Assam,Northeast,26.75751,94.20306,2026-08-08 00:00:00,27.9,5.5
2433,108,Tinsukia,Assam,Northeast,27.48905,95.35992,2026-07-10 00:00:00,28.0,4.7
2434,108,Tinsukia,Assam,Northeast,27.48905,95.35992,2026-07-11 00:00:00,29.1,5.8
2435,108,Tinsukia,Assam,Northeast,27.48905,95.35992,2026-07-12 00:00:00,28.2,4.1
2436,108,Tinsukia,Assam,Northeast,27.48905,95.35992,2026-07-13 00:00:00,29.2,3.5
2437,108,Tinsukia,Assam,Northeast,27.48905,95.35992,2026-07-14 00:00:00,29.9,3.7
2438,108,Tinsukia,Assam,Northeast,27.48905,95.35992,2026-07-15 00:00:00,28.8,4.4
2439,108,Tinsukia,Assam,Northeast,27.48905,95.35992,2026-07-16 00:00:00,27.8,7.0
2440,108,Tinsukia,Assam,Northeast,27.48905,95.35992,2026-07-17 00:00:00,27.1,8.6
2441,108,Tinsukia,Assam,Northeast,27.48905,95.35992,2026-07-18 00:00:00,26.4,4.8
2442,108,Tinsukia,Assam,Northeast,27.48905,95.35992,2026-07-19 00:00:00,26.2,6.6
2443,108,Tinsukia,Assam,Northeast,27.48905,95.35992,2026-07-20 00:00:00,28.1,5.3
2444,108,Tinsukia,Assam,Northeast,27.48905,95.35992,2026-07-21 00:00:00,29.5,3.8
2445,108,Tinsukia,Assam,Northeast,27.48905,95.35992,2026-07-22 00:00:00,27.5,5.3
2446,108,Tinsukia,Assam,Northeast,27.48905,95.35992,2026-07-23 00:00:00,27.8,5.2
2447,108,Tinsukia,Assam,Northeast,27.48905,95.35992,2026-07-24 00:00:00,28.8,4.0
2448,108,Tinsukia,Assam,Northeast,27.48905,95.35992,2026-07-25 00:00:00,30.7,3.2
2449,108,Tinsukia,Assam,Northeast,27.48905,95.35992,2026-07-26 00:00:00,29.9,3.7
2450,108,Tinsukia,Assam,Northeast,27.48905,95.35992,2026-07-27 00:00:00,30.0,3.7
2451,108,Tinsukia,Assam,Northeast,27.48905,95.35992,2026-07-28 00:00:00,29.2,3.9
2452,108,Tinsukia,Assam,Northeast,27.48905,95.35992,2026-07-29 00:00:00,29.3,5.9
2453,108,Tinsukia,Assam,Northeast,27.48905,95.35992,2026-07-30 00:00:00,27.3,4.2
2454,108,Tinsukia,Assam,Northeast,27.48905,95.35992,2026-07-31 00:00:00,27.0,3.6
2455,108,Tinsukia,Assam,Northeast,27.48905,95.35992,2026-08-01 00:00:00,26.8,3.8
2456,108,Tinsukia,Assam,Northeast,27.48905,95.35992,2026-08-02 00:00:00,27.4,3.7
2457,108,Tinsukia,Assam,Northeast,27.48905,95.35992,2026-08-03 00:00:00,27.0,4.6
2458,108,Tinsukia,Assam,Northeast,27.48905,95.35992,2026-08-04 00:00:00,26.9,3.6
2459,108,Tinsukia,Assam,Northeast,27.48905,95.35992,2026-08-05 00:00:00,28.7,3.7
2460,108,Tinsukia,Assam,Northeast,27.48905,95.35992,2026-08-06 00:00:00,30.1,4.4
2461,108,Tinsukia,Assam,Northeast,27.48905,95.35992,2026-08-07 00:00:00,29.5,3.8
2462,108,Tinsukia,Assam,Northeast,27.48905,95.35992,2026-08-08 00:00:00,28.1,4.0
2463,105,Tezpur,Assam,Northeast,26.63333,92.8,2026-07-10 00:00:00,28.5,5.5
2464,105,Tezpur,Assam,Northeast,26.63333,92.8,2026-07-11 00:00:00,29.0,8.9
2465,105,Tezpur,Assam,Northeast,26.63333,92.8,2026-07-12 00:00:00,28.8,9.3
2466,105,Tezpur,Assam,Northeast,26.63333,92.8,2026-07-13 00:00:00,28.8,10.4
2467,105,Tezpur,Assam,Northeast,26.63333,92.8,2026-07-14 00:00:00,30.7,4.3
2468,105,Tezpur,Assam,Northeast,26.63333,92.8,2026-07-15 00:00:00,29.7,6.1
2469,105,Tezpur,Assam,Northeast,26.63333,92.8,2026-07-16 00:00:00,29.3,6.6
2470,105,Tezpur,Assam,Northeast,26.63333,92.8,2026-07-17 00:00:00,28.2,7.1
2471,105,Tezpur,Assam,Northeast,26.63333,92.8,2026-07-18 00:00:00,27.7,5.3
2472,105,Tezpur,Assam,Northeast,26.63333,92.8,2026-07-19 00:00:00,27.1,9.6
2473,105,Tezpur,Assam,Northeast,26.63333,92.8,2026-07-20 00:00:00,27.4,7.1
2474,105,Tezpur,Assam,Northeast,26.63333,92.8,2026-07-21 00:00:00,29.9,3.8
2475,105,Tezpur,Assam,Northeast,26.63333,92.8,2026-07-22 00:00:00,28.4,5.3
2476,105,Tezpur,Assam,Northeast,26.63333,92.8,2026-07-23 00:00:00,28.7,5.0
2477,105,Tezpur,Assam,Northeast,26.63333,92.8,2026-07-24 00:00:00,29.5,4.1
2478,105,Tezpur,Assam,Northeast,26.63333,92.8,2026-07-25 00:00:00,31.2,3.5
2479,105,Tezpur,Assam,Northeast,26.63333,92.8,2026-07-26 00:00:00,30.9,4.3
2480,105,Tezpur,Assam,Northeast,26.63333,92.8,2026-07-27 00:00:00,31.0,4.4
2481,105,Tezpur,Assam,Northeast,26.63333,92.8,2026-07-28 00:00:00,29.2,5.9
2482,105,Tezpur,Assam,Northeast,26.63333,92.8,2026-07-29 00:00:00,28.9,9.2
2483,105,Tezpur,Assam,Northeast,26.63333,92.8,2026-07-30 00:00:00,29.0,6.9
2484,105,Tezpur,Assam,Northeast,26.63333,92.8,2026-07-31 00:00:00,27.5,5.3
2485,105,Tezpur,Assam,Northeast,26.63333,92.8,2026-08-01 00:00:00,28.0,10.2
2486,105,Tezpur,Assam,Northeast,26.63333,92.8,2026-08-02 00:00:00,28.9,5.9
2487,105,Tezpur,Assam,Northeast,26.63333,92.8,2026-08-03 00:00:00,28.7,6.1
2488,105,Tezpur,Assam,Northeast,26.63333,92.8,2026-08-04 00:00:00,27.9,6.6
2489,105,Tezpur,Assam,Northeast,26.63333,92.8,2026-08-05 00:00:00,27.3,5.6
2490,105,Tezpur,Assam,Northeast,26.63333,92.8,2026-08-06 00:00:00,30.1,3.1
2491,105,Tezpur,Assam,Northeast,26.63333,92.8,2026-08-07 00:00:00,30.2,5.1
2492,105,Tezpur,Assam,Northeast,26.63333,92.8,2026-08-08 00:00:00,28.8,6.2
2493,75,Nagaon,Assam,Northeast,26.35,92.66667,2026-07-10 00:00:00,28.9,4.9
2494,75,Nagaon,Assam,Northeast,26.35,92.66667,2026-07-11 00:00:00,29.3,5.5
2495,75,Nagaon,Assam,Northeast,26.35,92.66667,2026-07-12 00:00:00,29.1,6.7
2496,75,Nagaon,Assam,Northeast,26.35,92.66667,2026-07-13 00:00:00,29.2,7.1
2497,75,Nagaon,Assam,Northeast,26.35,92.66667,2026-07-14 00:00:00,30.3,3.9
2498,75,Nagaon,Assam,Northeast,26.35,92.66667,2026-07-15 00:00:00,29.4,5.5
2499,75,Nagaon,Assam,Northeast,26.35,92.66667,2026-07-16 00:00:00,29.5,4.9
2500,75,Nagaon,Assam,Northeast,26.35,92.66667,2026-07-17 00:00:00,28.2,6.4
2501,75,Nagaon,Assam,Northeast,26.35,92.66667,2026-07-18 00:00:00,27.7,4.4
2502,75,Nagaon,Assam,Northeast,26.35,92.66667,2026-07-19 00:00:00,26.9,7.3
2503,75,Nagaon,Assam,Northeast,26.35,92.66667,2026-07-20 00:00:00,26.6,6.8
2504,75,Nagaon,Assam,Northeast,26.35,92.66667,2026-07-21 00:00:00,29.6,3.2
2505,75,Nagaon,Assam,Northeast,26.35,92.66667,2026-07-22 00:00:00,28.3,4.7
2506,75,Nagaon,Assam,Northeast,26.35,92.66667,2026-07-23 00:00:00,28.3,4.4
2507,75,Nagaon,Assam,Northeast,26.35,92.66667,2026-07-24 00:00:00,29.3,4.2
2508,75,Nagaon,Assam,Northeast,26.35,92.66667,2026-07-25 00:00:00,30.7,2.7
2509,75,Nagaon,Assam,Northeast,26.35,92.66667,2026-07-26 00:00:00,30.4,3.8
2510,75,Nagaon,Assam,Northeast,26.35,92.66667,2026-07-27 00:00:00,30.8,4.1
2511,75,Nagaon,Assam,Northeast,26.35,92.66667,2026-07-28 00:00:00,29.3,4.0
2512,75,Nagaon,Assam,Northeast,26.35,92.66667,2026-07-29 00:00:00,28.9,6.3
2513,75,Nagaon,Assam,Northeast,26.35,92.66667,2026-07-30 00:00:00,29.0,4.4
2514,75,Nagaon,Assam,Northeast,26.35,92.66667,2026-07-31 00:00:00,27.4,3.8
2515,75,Nagaon,Assam,Northeast,26.35,92.66667,2026-08-01 00:00:00,27.9,6.1
2516,75,Nagaon,Assam,Northeast,26.35,92.66667,2026-08-02 00:00:00,28.8,5.0
2517,75,Nagaon,Assam,Northeast,26.35,92.66667,2026-08-03 00:00:00,28.8,3.9
2518,75,Nagaon,Assam,Northeast,26.35,92.66667,2026-08-04 00:00:00,27.9,4.9
2519,75,Nagaon,Assam,Northeast,26.35,92.66667,2026-08-05 00:00:00,27.2,3.4
2520,75,Nagaon,Assam,Northeast,26.35,92.66667,2026-08-06 00:00:00,30.0,3.8
2521,75,Nagaon,Assam,Northeast,26.35,92.66667,2026-08-07 00:00:00,30.2,3.2
2522,75,Nagaon,Assam,Northeast,26.35,92.66667,2026-08-08 00:00:00,28.1,4.7
2523,99,Sibsagar,Assam,Northeast,26.98427,94.63784,2026-07-10 00:00:00,28.8,6.0
2524,99,Sibsagar,Assam,Northeast,26.98427,94.63784,2026-07-11 00:00:00,29.4,5.4
2525,99,Sibsagar,Assam,Northeast,26.98427,94.63784,2026-07-12 00:00:00,28.8,5.8
2526,99,Sibsagar,Assam,Northeast,26.98427,94.63784,2026-07-13 00:00:00,28.3,3.8
2527,99,Sibsagar,Assam,Northeast,26.98427,94.63784,2026-07-14 00:00:00,30.4,4.2
2528,99,Sibsagar,Assam,Northeast,26.98427,94.63784,2026-07-15 00:00:00,29.3,5.3
2529,99,Sibsagar,Assam,Northeast,26.98427,94.63784,2026-07-16 00:00:00,28.5,6.1
2530,99,Sibsagar,Assam,Northeast,26.98427,94.63784,2026-07-17 00:00:00,28.6,11.8
2531,99,Sibsagar,Assam,Northeast,26.98427,94.63784,2026-07-18 00:00:00,28.1,7.2
2532,99,Sibsagar,Assam,Northeast,26.98427,94.63784,2026-07-19 00:00:00,26.1,9.3
2533,99,Sibsagar,Assam,Northeast,26.98427,94.63784,2026-07-20 00:00:00,28.1,5.6
2534,99,Sibsagar,Assam,Northeast,26.98427,94.63784,2026-07-21 00:00:00,29.6,3.7
2535,99,Sibsagar,Assam,Northeast,26.98427,94.63784,2026-07-22 00:00:00,28.0,7.1
2536,99,Sibsagar,Assam,Northeast,26.98427,94.63784,2026-07-23 00:00:00,27.6,6.5
2537,99,Sibsagar,Assam,Northeast,26.98427,94.63784,2026-07-24 00:00:00,29.3,4.8
2538,99,Sibsagar,Assam,Northeast,26.98427,94.63784,2026-07-25 00:00:00,31.1,3.5
2539,99,Sibsagar,Assam,Northeast,26.98427,94.63784,2026-07-26 00:00:00,30.1,4.1
2540,99,Sibsagar,Assam,Northeast,26.98427,94.63784,2026-07-27 00:00:00,29.9,3.9
2541,99,Sibsagar,Assam,Northeast,26.98427,94.63784,2026-07-28 00:00:00,28.8,4.7
2542,99,Sibsagar,Assam,Northeast,26.98427,94.63784,2026-07-29 00:00:00,29.0,5.2
2543,99,Sibsagar,Assam,Northeast,26.98427,94.63784,2026-07-30 00:00:00,27.6,3.9
2544,99,Sibsagar,Assam,Northeast,26.98427,94.63784,2026-07-31 00:00:00,27.9,4.8
2545,99,Sibsagar,Assam,Northeast,26.98427,94.63784,2026-08-01 00:00:00,27.5,5.9
2546,99,Sibsagar,Assam,Northeast,26.98427,94.63784,2026-08-02 00:00:00,28.3,5.9
2547,99,Sibsagar,Assam,Northeast,26.98427,94.63784,2026-08-03 00:00:00,27.6,4.5
2548,99,Sibsagar,Assam,Northeast,26.98427,94.63784,2026-08-04 00:00:00,27.4,4.8
2549,99,Sibsagar,Assam,Northeast,26.98427,94.63784,2026-08-05 00:00:00,28.5,3.6
2550,99,Sibsagar,Assam,Northeast,26.98427,94.63784,2026-08-06 00:00:00,30.0,4.1
2551,99,Sibsagar,Assam,Northeast,26.98427,94.63784,2026-08-07 00:00:00,29.7,4.4
2552,99,Sibsagar,Assam,Northeast,26.98427,94.63784,2026-08-08 00:00:00,28.0,4.5
2553,97,Shillong,Meghalaya,Northeast,25.56892,91.88313,2026-07-10 00:00:00,21.8,9.0
2554,97,Shillong,Meghalaya,Northeast,25.56892,91.88313,2026-07-11 00:00:00,22.0,6.6
2555,97,Shillong,Meghalaya,Northeast,25.56892,91.88313,2026-07-12 00:00:00,21.6,6.9
2556,97,Shillong,Meghalaya,Northeast,25.56892,91.88313,2026-07-13 00:00:00,21.5,5.4
2557,97,Shillong,Meghalaya,Northeast,25.56892,91.88313,2026-07-14 00:00:00,21.7,4.6
2558,97,Shillong,Meghalaya,Northeast,25.56892,91.88313,2026-07-15 00:00:00,22.2,5.2
2559,97,Shillong,Meghalaya,Northeast,25.56892,91.88313,2026-07-16 00:00:00,22.1,7.7
2560,97,Shillong,Meghalaya,Northeast,25.56892,91.88313,2026-07-17 00:00:00,21.4,11.8
2561,97,Shillong,Meghalaya,Northeast,25.56892,91.88313,2026-07-18 00:00:00,21.5,13.2
2562,97,Shillong,Meghalaya,Northeast,25.56892,91.88313,2026-07-19 00:00:00,21.0,10.2
2563,97,Shillong,Meghalaya,Northeast,25.56892,91.88313,2026-07-20 00:00:00,19.6,4.5
2564,97,Shillong,Meghalaya,Northeast,25.56892,91.88313,2026-07-21 00:00:00,21.3,5.4
2565,97,Shillong,Meghalaya,Northeast,25.56892,91.88313,2026-07-22 00:00:00,21.3,6.2
2566,97,Shillong,Meghalaya,Northeast,25.56892,91.88313,2026-07-23 00:00:00,21.4,5.1
2567,97,Shillong,Meghalaya,Northeast,25.56892,91.88313,2026-07-24 00:00:00,21.8,5.8
2568,97,Shillong,Meghalaya,Northeast,25.56892,91.88313,2026-07-25 00:00:00,22.4,5.4
2569,97,Shillong,Meghalaya,Northeast,25.56892,91.88313,2026-07-26 00:00:00,21.9,5.7
2570,97,Shillong,Meghalaya,Northeast,25.56892,91.88313,2026-07-27 00:00:00,22.5,7.6
2571,97,Shillong,Meghalaya,Northeast,25.56892,91.88313,2026-07-28 00:00:00,21.8,6.4
2572,97,Shillong,Meghalaya,Northeast,25.56892,91.88313,2026-07-29 00:00:00,22.2,7.5
2573,97,Shillong,Meghalaya,Northeast,25.56892,91.88313,2026-07-30 00:00:00,21.6,5.8
2574,97,Shillong,Meghalaya,Northeast,25.56892,91.88313,2026-07-31 00:00:00,21.5,5.4
2575,97,Shillong,Meghalaya,Northeast,25.56892,91.88313,2026-08-01 00:00:00,21.6,8.1
2576,97,Shillong,Meghalaya,Northeast,25.56892,91.88313,2026-08-02 00:00:00,21.9,5.8
2577,97,Shillong,Meghalaya,Northeast,25.56892,91.88313,2026-08-03 00:00:00,21.8,5.6
2578,97,Shillong,Meghalaya,Northeast,25.56892,91.88313,2026-08-04 00:00:00,21.3,5.1
2579,97,Shillong,Meghalaya,Northeast,25.56892,91.88313,2026-08-05 00:00:00,20.1,2.8
2580,97,Shillong,Meghalaya,Northeast,25.56892,91.88313,2026-08-06 00:00:00,21.4,6.1
2581,97,Shillong,Meghalaya,Northeast,25.56892,91.88313,2026-08-07 00:00:00,21.9,5.5
2582,97,Shillong,Meghalaya,Northeast,25.56892,91.88313,2026-08-08 00:00:00,21.4,5.5
2583,42,Imphal,Manipur,Northeast,24.80805,93.9442,2026-07-10 00:00:00,25.1,4.1
2584,42,Imphal,Manipur,Northeast,24.80805,93.9442,2026-07-11 00:00:00,25.6,4.0
2585,42,Imphal,Manipur,Northeast,24.80805,93.9442,2026-07-12 00:00:00,25.3,2.3
2586,42,Imphal,Manipur,Northeast,24.80805,93.9442,2026-07-13 00:00:00,25.9,4.2
2587,42,Imphal,Manipur,Northeast,24.80805,93.9442,2026-07-14 00:00:00,26.7,4.9
2588,42,Imphal,Manipur,Northeast,24.80805,93.9442,2026-07-15 00:00:00,26.6,6.5
2589,42,Imphal,Manipur,Northeast,24.80805,93.9442,2026-07-16 00:00:00,25.8,4.3
2590,42,Imphal,Manipur,Northeast,24.80805,93.9442,2026-07-17 00:00:00,24.3,2.4
2591,42,Imphal,Manipur,Northeast,24.80805,93.9442,2026-07-18 00:00:00,25.5,4.2
2592,42,Imphal,Manipur,Northeast,24.80805,93.9442,2026-07-19 00:00:00,23.5,2.7
2593,42,Imphal,Manipur,Northeast,24.80805,93.9442,2026-07-20 00:00:00,23.0,2.2
2594,42,Imphal,Manipur,Northeast,24.80805,93.9442,2026-07-21 00:00:00,25.2,4.1
2595,42,Imphal,Manipur,Northeast,24.80805,93.9442,2026-07-22 00:00:00,24.4,3.1
2596,42,Imphal,Manipur,Northeast,24.80805,93.9442,2026-07-23 00:00:00,25.0,4.2
2597,42,Imphal,Manipur,Northeast,24.80805,93.9442,2026-07-24 00:00:00,25.2,2.5
2598,42,Imphal,Manipur,Northeast,24.80805,93.9442,2026-07-25 00:00:00,26.2,4.4
2599,42,Imphal,Manipur,Northeast,24.80805,93.9442,2026-07-26 00:00:00,26.4,5.3
2600,42,Imphal,Manipur,Northeast,24.80805,93.9442,2026-07-27 00:00:00,25.8,4.1
2601,42,Imphal,Manipur,Northeast,24.80805,93.9442,2026-07-28 00:00:00,25.8,4.3
2602,42,Imphal,Manipur,Northeast,24.80805,93.9442,2026-07-29 00:00:00,25.4,5.0
2603,42,Imphal,Manipur,Northeast,24.80805,93.9442,2026-07-30 00:00:00,24.8,3.4
2604,42,Imphal,Manipur,Northeast,24.80805,93.9442,2026-07-31 00:00:00,25.3,3.6
2605,42,Imphal,Manipur,Northeast,24.80805,93.9442,2026-08-01 00:00:00,25.5,5.3
2606,42,Imphal,Manipur,Northeast,24.80805,93.9442,2026-08-02 00:00:00,25.7,4.4
2607,42,Imphal,Manipur,Northeast,24.80805,93.9442,2026-08-03 00:00:00,25.9,3.8
2608,42,Imphal,Manipur,Northeast,24.80805,93.9442,2026-08-04 00:00:00,25.1,3.6
2609,42,Imphal,Manipur,Northeast,24.80805,93.9442,2026-08-05 00:00:00,23.8,1.9
2610,42,Imphal,Manipur,Northeast,24.80805,93.9442,2026-08-06 00:00:00,25.0,4.4
2611,42,Imphal,Manipur,Northeast,24.80805,93.9442,2026-08-07 00:00:00,25.3,3.3
2612,42,Imphal,Manipur,Northeast,24.80805,93.9442,2026-08-08 00:00:00,24.4,3.0
2613,4,Aizawl,Mizoram,Northeast,23.72894,92.71791,2026-07-10 00:00:00,20.7,11.3
2614,4,Aizawl,Mizoram,Northeast,23.72894,92.71791,2026-07-11 00:00:00,21.2,10.5
2615,4,Aizawl,Mizoram,Northeast,23.72894,92.71791,2026-07-12 00:00:00,21.8,9.6
2616,4,Aizawl,Mizoram,Northeast,23.72894,92.71791,2026-07-13 00:00:00,22.0,3.0
2617,4,Aizawl,Mizoram,Northeast,23.72894,92.71791,2026-07-14 00:00:00,22.3,2.8
2618,4,Aizawl,Mizoram,Northeast,23.72894,92.71791,2026-07-15 00:00:00,22.6,3.4
2619,4,Aizawl,Mizoram,Northeast,23.72894,92.71791,2026-07-16 00:00:00,22.7,6.2
2620,4,Aizawl,Mizoram,Northeast,23.72894,92.71791,2026-07-17 00:00:00,21.0,10.2
2621,4,Aizawl,Mizoram,Northeast,23.72894,92.71791,2026-07-18 00:00:00,22.0,10.4
2622,4,Aizawl,Mizoram,Northeast,23.72894,92.71791,2026-07-19 00:00:00,21.1,9.2
2623,4,Aizawl,Mizoram,Northeast,23.72894,92.71791,2026-07-20 00:00:00,20.2,2.1
2624,4,Aizawl,Mizoram,Northeast,23.72894,92.71791,2026-07-21 00:00:00,21.2,3.5
2625,4,Aizawl,Mizoram,Northeast,23.72894,92.71791,2026-07-22 00:00:00,21.6,4.5
2626,4,Aizawl,Mizoram,Northeast,23.72894,92.71791,2026-07-23 00:00:00,20.6,9.4
2627,4,Aizawl,Mizoram,Northeast,23.72894,92.71791,2026-07-24 00:00:00,21.7,6.7
2628,4,Aizawl,Mizoram,Northeast,23.72894,92.71791,2026-07-25 00:00:00,22.5,2.2
2629,4,Aizawl,Mizoram,Northeast,23.72894,92.71791,2026-07-26 00:00:00,22.1,3.3
2630,4,Aizawl,Mizoram,Northeast,23.72894,92.71791,2026-07-27 00:00:00,22.5,2.6
2631,4,Aizawl,Mizoram,Northeast,23.72894,92.71791,2026-07-28 00:00:00,22.0,2.5
2632,4,Aizawl,Mizoram,Northeast,23.72894,92.71791,2026-07-29 00:00:00,21.9,4.9
2633,4,Aizawl,Mizoram,Northeast,23.72894,92.71791,2026-07-30 00:00:00,21.8,5.3
2634,4,Aizawl,Mizoram,Northeast,23.72894,92.71791,2026-07-31 00:00:00,22.5,4.5
2635,4,Aizawl,Mizoram,Northeast,23.72894,92.71791,2026-08-01 00:00:00,22.0,6.6
2636,4,Aizawl,Mizoram,Northeast,23.72894,92.71791,2026-08-02 00:00:00,21.8,6.4
2637,4,Aizawl,Mizoram,Northeast,23.72894,92.71791,2026-08-03 00:00:00,21.9,6.2
2638,4,Aizawl,Mizoram,Northeast,23.72894,92.71791,2026-08-04 00:00:00,21.7,6.4
2639,4,Aizawl,Mizoram,Northeast,23.72894,92.71791,2026-08-05 00:00:00,20.4,3.3
2640,4,Aizawl,Mizoram,Northeast,23.72894,92.71791,2026-08-06 00:00:00,20.0,3.8
2641,4,Aizawl,Mizoram,Northeast,23.72894,92.71791,2026-08-07 00:00:00,22.1,2.4
2642,4,Aizawl,Mizoram,Northeast,23.72894,92.71791,2026-08-08 00:00:00,22.0,2.8
2643,1,Agartala,Tripura,Northeast,23.83605,91.27939,2026-07-10 00:00:00,26.8,15.9
2644,1,Agartala,Tripura,Northeast,23.83605,91.27939,2026-07-11 00:00:00,27.2,12.8
2645,1,Agartala,Tripura,Northeast,23.83605,91.27939,2026-07-12 00:00:00,27.1,12.0
2646,1,Agartala,Tripura,Northeast,23.83605,91.27939,2026-07-13 00:00:00,27.5,7.9
2647,1,Agartala,Tripura,Northeast,23.83605,91.27939,2026-07-14 00:00:00,29.7,7.2
2648,1,Agartala,Tripura,Northeast,23.83605,91.27939,2026-07-15 00:00:00,29.2,6.2
2649,1,Agartala,Tripura,Northeast,23.83605,91.27939,2026-07-16 00:00:00,29.4,14.9
2650,1,Agartala,Tripura,Northeast,23.83605,91.27939,2026-07-17 00:00:00,27.8,18.9
2651,1,Agartala,Tripura,Northeast,23.83605,91.27939,2026-07-18 00:00:00,28.6,17.8
2652,1,Agartala,Tripura,Northeast,23.83605,91.27939,2026-07-19 00:00:00,27.2,16.4
2653,1,Agartala,Tripura,Northeast,23.83605,91.27939,2026-07-20 00:00:00,26.4,10.2
2654,1,Agartala,Tripura,Northeast,23.83605,91.27939,2026-07-21 00:00:00,27.5,10.9
2655,1,Agartala,Tripura,Northeast,23.83605,91.27939,2026-07-22 00:00:00,27.1,13.3
2656,1,Agartala,Tripura,Northeast,23.83605,91.27939,2026-07-23 00:00:00,26.5,12.4
2657,1,Agartala,Tripura,Northeast,23.83605,91.27939,2026-07-24 00:00:00,27.8,12.5
2658,1,Agartala,Tripura,Northeast,23.83605,91.27939,2026-07-25 00:00:00,28.9,11.0
2659,1,Agartala,Tripura,Northeast,23.83605,91.27939,2026-07-26 00:00:00,29.4,9.9
2660,1,Agartala,Tripura,Northeast,23.83605,91.27939,2026-07-27 00:00:00,29.1,15.2
2661,1,Agartala,Tripura,Northeast,23.83605,91.27939,2026-07-28 00:00:00,28.5,14.8
2662,1,Agartala,Tripura,Northeast,23.83605,91.27939,2026-07-29 00:00:00,27.9,14.7
2663,1,Agartala,Tripura,Northeast,23.83605,91.27939,2026-07-30 00:00:00,26.9,12.8
2664,1,Agartala,Tripura,Northeast,23.83605,91.27939,2026-07-31 00:00:00,28.8,9.7
2665,1,Agartala,Tripura,Northeast,23.83605,91.27939,2026-08-01 00:00:00,28.7,10.8
2666,1,Agartala,Tripura,Northeast,23.83605,91.27939,2026-08-02 00:00:00,28.2,11.2
2667,1,Agartala,Tripura,Northeast,23.83605,91.27939,2026-08-03 00:00:00,28.1,10.9
2668,1,Agartala,Tripura,Northeast,23.83605,91.27939,2026-08-04 00:00:00,28.0,10.4
2669,1,Agartala,Tripura,Northeast,23.83605,91.27939,2026-08-05 00:00:00,26.5,5.8
2670,1,Agartala,Tripura,Northeast,23.83605,91.27939,2026-08-06 00:00:00,26.6,9.4
2671,1,Agartala,Tripura,Northeast,23.83605,91.27939,2026-08-07 00:00:00,27.6,10.5
2672,1,Agartala,Tripura,Northeast,23.83605,91.27939,2026-08-08 00:00:00,27.5,10.0
2673,56,Kohima,Nagaland,Northeast,25.67467,94.11099,2026-07-10 00:00:00,21.6,3.2
2674,56,Kohima,Nagaland,Northeast,25.67467,94.11099,2026-07-11 00:00:00,22.0,2.7
2675,56,Kohima,Nagaland,Northeast,25.67467,94.11099,2026-07-12 00:00:00,21.9,2.3
2676,56,Kohima,Nagaland,Northeast,25.67467,94.11099,2026-07-13 00:00:00,21.6,3.2
2677,56,Kohima,Nagaland,Northeast,25.67467,94.11099,2026-07-14 00:00:00,22.3,3.3
2678,56,Kohima,Nagaland,Northeast,25.67467,94.11099,2026-07-15 00:00:00,22.4,3.5
2679,56,Kohima,Nagaland,Northeast,25.67467,94.11099,2026-07-16 00:00:00,21.5,2.6
2680,56,Kohima,Nagaland,Northeast,25.67467,94.11099,2026-07-17 00:00:00,21.2,2.1
2681,56,Kohima,Nagaland,Northeast,25.67467,94.11099,2026-07-18 00:00:00,21.6,2.8
2682,56,Kohima,Nagaland,Northeast,25.67467,94.11099,2026-07-19 00:00:00,20.4,1.6
2683,56,Kohima,Nagaland,Northeast,25.67467,94.11099,2026-07-20 00:00:00,20.4,2.5
2684,56,Kohima,Nagaland,Northeast,25.67467,94.11099,2026-07-21 00:00:00,21.6,2.5
2685,56,Kohima,Nagaland,Northeast,25.67467,94.11099,2026-07-22 00:00:00,21.4,3.0
2686,56,Kohima,Nagaland,Northeast,25.67467,94.11099,2026-07-23 00:00:00,21.0,2.8
2687,56,Kohima,Nagaland,Northeast,25.67467,94.11099,2026-07-24 00:00:00,21.7,2.6
2688,56,Kohima,Nagaland,Northeast,25.67467,94.11099,2026-07-25 00:00:00,22.5,4.3
2689,56,Kohima,Nagaland,Northeast,25.67467,94.11099,2026-07-26 00:00:00,22.3,4.0
2690,56,Kohima,Nagaland,Northeast,25.67467,94.11099,2026-07-27 00:00:00,21.9,3.7
2691,56,Kohima,Nagaland,Northeast,25.67467,94.11099,2026-07-28 00:00:00,22.0,2.8
2692,56,Kohima,Nagaland,Northeast,25.67467,94.11099,2026-07-29 00:00:00,22.0,2.5
2693,56,Kohima,Nagaland,Northeast,25.67467,94.11099,2026-07-30 00:00:00,20.8,3.0
2694,56,Kohima,Nagaland,Northeast,25.67467,94.11099,2026-07-31 00:00:00,20.7,2.9
2695,56,Kohima,Nagaland,Northeast,25.67467,94.11099,2026-08-01 00:00:00,20.8,2.5
2696,56,Kohima,Nagaland,Northeast,25.67467,94.11099,2026-08-02 00:00:00,21.1,2.7
2697,56,Kohima,Nagaland,Northeast,25.67467,94.11099,2026-08-03 00:00:00,21.2,2.4
2698,56,Kohima,Nagaland,Northeast,25.67467,94.11099,2026-08-04 00:00:00,21.0,2.7
2699,56,Kohima,Nagaland,Northeast,25.67467,94.11099,2026-08-05 00:00:00,20.6,1.7
2700,56,Kohima,Nagaland,Northeast,25.67467,94.11099,2026-08-06 00:00:00,22.3,4.3
2701,56,Kohima,Nagaland,Northeast,25.67467,94.11099,2026-08-07 00:00:00,21.8,3.3
2702,56,Kohima,Nagaland,Northeast,25.67467,94.11099,2026-08-08 00:00:00,20.9,2.7
2703,28,Dimapur,Nagaland,Northeast,25.91174,93.7217,2026-07-10 00:00:00,29.9,7.7
2704,28,Dimapur,Nagaland,Northeast,25.91174,93.7217,2026-07-11 00:00:00,29.9,3.6
2705,28,Dimapur,Nagaland,Northeast,25.91174,93.7217,2026-07-12 00:00:00,29.2,5.0
2706,28,Dimapur,Nagaland,Northeast,25.91174,93.7217,2026-07-13 00:00:00,28.6,8.3
2707,28,Dimapur,Nagaland,Northeast,25.91174,93.7217,2026-07-14 00:00:00,29.5,3.8
2708,28,Dimapur,Nagaland,Northeast,25.91174,93.7217,2026-07-15 00:00:00,29.2,5.8
2709,28,Dimapur,Nagaland,Northeast,25.91174,93.7217,2026-07-16 00:00:00,29.5,5.4
2710,28,Dimapur,Nagaland,Northeast,25.91174,93.7217,2026-07-17 00:00:00,28.7,12.5
2711,28,Dimapur,Nagaland,Northeast,25.91174,93.7217,2026-07-18 00:00:00,29.6,11.6
2712,28,Dimapur,Nagaland,Northeast,25.91174,93.7217,2026-07-19 00:00:00,25.9,5.3
2713,28,Dimapur,Nagaland,Northeast,25.91174,93.7217,2026-07-20 00:00:00,26.5,3.8
2714,28,Dimapur,Nagaland,Northeast,25.91174,93.7217,2026-07-21 00:00:00,28.3,4.6
2715,28,Dimapur,Nagaland,Northeast,25.91174,93.7217,2026-07-22 00:00:00,27.8,4.5
2716,28,Dimapur,Nagaland,Northeast,25.91174,93.7217,2026-07-23 00:00:00,28.1,4.3
2717,28,Dimapur,Nagaland,Northeast,25.91174,93.7217,2026-07-24 00:00:00,29.0,4.2
2718,28,Dimapur,Nagaland,Northeast,25.91174,93.7217,2026-07-25 00:00:00,30.1,4.2
2719,28,Dimapur,Nagaland,Northeast,25.91174,93.7217,2026-07-26 00:00:00,29.6,4.8
2720,28,Dimapur,Nagaland,Northeast,25.91174,93.7217,2026-07-27 00:00:00,29.5,4.7
2721,28,Dimapur,Nagaland,Northeast,25.91174,93.7217,2026-07-28 00:00:00,28.6,4.5
2722,28,Dimapur,Nagaland,Northeast,25.91174,93.7217,2026-07-29 00:00:00,28.1,6.4
2723,28,Dimapur,Nagaland,Northeast,25.91174,93.7217,2026-07-30 00:00:00,28.4,3.5
2724,28,Dimapur,Nagaland,Northeast,25.91174,93.7217,2026-07-31 00:00:00,28.3,5.1
2725,28,Dimapur,Nagaland,Northeast,25.91174,93.7217,2026-08-01 00:00:00,28.5,6.7
2726,28,Dimapur,Nagaland,Northeast,25.91174,93.7217,2026-08-02 00:00:00,29.0,4.8
2727,28,Dimapur,Nagaland,Northeast,25.91174,93.7217,2026-08-03 00:00:00,28.4,4.8
2728,28,Dimapur,Nagaland,Northeast,25.91174,93.7217,2026-08-04 00:00:00,27.3,5.6
2729,28,Dimapur,Nagaland,Northeast,25.91174,93.7217,2026-08-05 00:00:00,26.0,5.9
2730,28,Dimapur,Nagaland,Northeast,25.91174,93.7217,2026-08-06 00:00:00,28.6,4.7
2731,28,Dimapur,Nagaland,Northeast,25.91174,93.7217,2026-08-07 00:00:00,28.9,4.1
2732,28,Dimapur,Nagaland,Northeast,25.91174,93.7217,2026-08-08 00:00:00,27.5,4.2
2733,44,Itanagar,Arunachal Pradesh,Northeast,27.08694,93.60987,2026-07-10 00:00:00,26.6,7.1
2734,44,Itanagar,Arunachal Pradesh,Northeast,27.08694,93.60987,2026-07-11 00:00:00,27.0,3.8
2735,44,Itanagar,Arunachal Pradesh,Northeast,27.08694,93.60987,2026-07-12 00:00:00,26.3,4.4
2736,44,Itanagar,Arunachal Pradesh,Northeast,27.08694,93.60987,2026-07-13 00:00:00,26.6,3.7
2737,44,Itanagar,Arunachal Pradesh,Northeast,27.08694,93.60987,2026-07-14 00:00:00,29.0,4.4
2738,44,Itanagar,Arunachal Pradesh,Northeast,27.08694,93.60987,2026-07-15 00:00:00,27.8,4.9
2739,44,Itanagar,Arunachal Pradesh,Northeast,27.08694,93.60987,2026-07-16 00:00:00,26.9,7.4
2740,44,Itanagar,Arunachal Pradesh,Northeast,27.08694,93.60987,2026-07-17 00:00:00,26.1,10.4
2741,44,Itanagar,Arunachal Pradesh,Northeast,27.08694,93.60987,2026-07-18 00:00:00,26.2,11.0
2742,44,Itanagar,Arunachal Pradesh,Northeast,27.08694,93.60987,2026-07-19 00:00:00,24.9,4.6
2743,44,Itanagar,Arunachal Pradesh,Northeast,27.08694,93.60987,2026-07-20 00:00:00,26.0,5.2
2744,44,Itanagar,Arunachal Pradesh,Northeast,27.08694,93.60987,2026-07-21 00:00:00,28.1,4.6
2745,44,Itanagar,Arunachal Pradesh,Northeast,27.08694,93.60987,2026-07-22 00:00:00,26.2,3.7
2746,44,Itanagar,Arunachal Pradesh,Northeast,27.08694,93.60987,2026-07-23 00:00:00,26.3,4.8
2747,44,Itanagar,Arunachal Pradesh,Northeast,27.08694,93.60987,2026-07-24 00:00:00,27.4,4.2
2748,44,Itanagar,Arunachal Pradesh,Northeast,27.08694,93.60987,2026-07-25 00:00:00,29.4,4.7
2749,44,Itanagar,Arunachal Pradesh,Northeast,27.08694,93.60987,2026-07-26 00:00:00,28.4,4.1
2750,44,Itanagar,Arunachal Pradesh,Northeast,27.08694,93.60987,2026-07-27 00:00:00,28.3,3.7
2751,44,Itanagar,Arunachal Pradesh,Northeast,27.08694,93.60987,2026-07-28 00:00:00,27.2,5.6
2752,44,Itanagar,Arunachal Pradesh,Northeast,27.08694,93.60987,2026-07-29 00:00:00,26.9,4.6
2753,44,Itanagar,Arunachal Pradesh,Northeast,27.08694,93.60987,2026-07-30 00:00:00,26.3,3.4
2754,44,Itanagar,Arunachal Pradesh,Northeast,27.08694,93.60987,2026-07-31 00:00:00,26.0,4.3
2755,44,Itanagar,Arunachal Pradesh,Northeast,27.08694,93.60987,2026-08-01 00:00:00,25.5,8.7
2756,44,Itanagar,Arunachal Pradesh,Northeast,27.08694,93.60987,2026-08-02 00:00:00,27.1,8.3
2757,44,Itanagar,Arunachal Pradesh,Northeast,27.08694,93.60987,2026-08-03 00:00:00,26.6,4.3
2758,44,Itanagar,Arunachal Pradesh,Northeast,27.08694,93.60987,2026-08-04 00:00:00,25.6,3.5
2759,44,Itanagar,Arunachal Pradesh,Northeast,27.08694,93.60987,2026-08-05 00:00:00,26.1,3.9
2760,44,Itanagar,Arunachal Pradesh,Northeast,27.08694,93.60987,2026-08-06 00:00:00,28.6,4.0
2761,44,Itanagar,Arunachal Pradesh,Northeast,27.08694,93.60987,2026-08-07 00:00:00,28.0,4.3
2762,44,Itanagar,Arunachal Pradesh,Northeast,27.08694,93.60987,2026-08-08 00:00:00,26.5,5.3
2763,32,Gangtok,Sikkim,Northeast,27.32574,88.61216,2026-07-10 00:00:00,20.5,2.7
2764,32,Gangtok,Sikkim,Northeast,27.32574,88.61216,2026-07-11 00:00:00,20.8,2.4
2765,32,Gangtok,Sikkim,Northeast,27.32574,88.61216,2026-07-12 00:00:00,20.7,2.2
2766,32,Gangtok,Sikkim,Northeast,27.32574,88.61216,2026-07-13 00:00:00,19.7,2.5
2767,32,Gangtok,Sikkim,Northeast,27.32574,88.61216,2026-07-14 00:00:00,20.3,1.7
2768,32,Gangtok,Sikkim,Northeast,27.32574,88.61216,2026-07-15 00:00:00,21.0,2.3
2769,32,Gangtok,Sikkim,Northeast,27.32574,88.61216,2026-07-16 00:00:00,20.7,2.6
2770,32,Gangtok,Sikkim,Northeast,27.32574,88.61216,2026-07-17 00:00:00,20.5,2.5
2771,32,Gangtok,Sikkim,Northeast,27.32574,88.61216,2026-07-18 00:00:00,20.0,2.5
2772,32,Gangtok,Sikkim,Northeast,27.32574,88.61216,2026-07-19 00:00:00,19.8,2.0
2773,32,Gangtok,Sikkim,Northeast,27.32574,88.61216,2026-07-20 00:00:00,19.2,2.1
2774,32,Gangtok,Sikkim,Northeast,27.32574,88.61216,2026-07-21 00:00:00,18.7,2.2
2775,32,Gangtok,Sikkim,Northeast,27.32574,88.61216,2026-07-22 00:00:00,19.1,2.5
2776,32,Gangtok,Sikkim,Northeast,27.32574,88.61216,2026-07-23 00:00:00,19.7,2.7
2777,32,Gangtok,Sikkim,Northeast,27.32574,88.61216,2026-07-24 00:00:00,20.0,2.5
2778,32,Gangtok,Sikkim,Northeast,27.32574,88.61216,2026-07-25 00:00:00,21.0,2.5
2779,32,Gangtok,Sikkim,Northeast,27.32574,88.61216,2026-07-26 00:00:00,21.9,2.2
2780,32,Gangtok,Sikkim,Northeast,27.32574,88.61216,2026-07-27 00:00:00,21.1,2.5
2781,32,Gangtok,Sikkim,Northeast,27.32574,88.61216,2026-07-28 00:00:00,20.1,2.4
2782,32,Gangtok,Sikkim,Northeast,27.32574,88.61216,2026-07-29 00:00:00,20.3,2.6
2783,32,Gangtok,Sikkim,Northeast,27.32574,88.61216,2026-07-30 00:00:00,19.5,2.3
2784,32,Gangtok,Sikkim,Northeast,27.32574,88.61216,2026-07-31 00:00:00,19.7,2.4
2785,32,Gangtok,Sikkim,Northeast,27.32574,88.61216,2026-08-01 00:00:00,19.4,2.1
2786,32,Gangtok,Sikkim,Northeast,27.32574,88.61216,2026-08-02 00:00:00,20.5,2.3
2787,32,Gangtok,Sikkim,Northeast,27.32574,88.61216,2026-08-03 00:00:00,20.3,2.0
2788,32,Gangtok,Sikkim,Northeast,27.32574,88.61216,2026-08-04 00:00:00,20.3,2.3
2789,32,Gangtok,Sikkim,Northeast,27.32574,88.61216,2026-08-05 00:00:00,19.7,2.3
2790,32,Gangtok,Sikkim,Northeast,27.32574,88.61216,2026-08-06 00:00:00,20.4,2.2
2791,32,Gangtok,Sikkim,Northeast,27.32574,88.61216,2026-08-07 00:00:00,20.7,2.3
2792,32,Gangtok,Sikkim,Northeast,27.32574,88.61216,2026-08-08 00:00:00,19.8,2.1
2793,77,Naharlagun,Arunachal Pradesh,Northeast,27.10467,93.69518,2026-07-10 00:00:00,27.4,5.0
2794,77,Naharlagun,Arunachal Pradesh,Northeast,27.10467,93.69518,2026-07-11 00:00:00,27.6,2.9
2795,77,Naharlagun,Arunachal Pradesh,Northeast,27.10467,93.69518,2026-07-12 00:00:00,26.9,3.4
2796,77,Naharlagun,Arunachal Pradesh,Northeast,27.10467,93.69518,2026-07-13 00:00:00,27.5,2.4
2797,77,Naharlagun,Arunachal Pradesh,Northeast,27.10467,93.69518,2026-07-14 00:00:00,29.7,2.9
2798,77,Naharlagun,Arunachal Pradesh,Northeast,27.10467,93.69518,2026-07-15 00:00:00,28.4,3.8
2799,77,Naharlagun,Arunachal Pradesh,Northeast,27.10467,93.69518,2026-07-16 00:00:00,27.4,6.0
2800,77,Naharlagun,Arunachal Pradesh,Northeast,27.10467,93.69518,2026-07-17 00:00:00,27.2,8.0
2801,77,Naharlagun,Arunachal Pradesh,Northeast,27.10467,93.69518,2026-07-18 00:00:00,27.1,8.6
2802,77,Naharlagun,Arunachal Pradesh,Northeast,27.10467,93.69518,2026-07-19 00:00:00,25.4,2.7
2803,77,Naharlagun,Arunachal Pradesh,Northeast,27.10467,93.69518,2026-07-20 00:00:00,26.7,4.3
2804,77,Naharlagun,Arunachal Pradesh,Northeast,27.10467,93.69518,2026-07-21 00:00:00,28.9,3.3
2805,77,Naharlagun,Arunachal Pradesh,Northeast,27.10467,93.69518,2026-07-22 00:00:00,26.9,2.7
2806,77,Naharlagun,Arunachal Pradesh,Northeast,27.10467,93.69518,2026-07-23 00:00:00,26.9,3.6
2807,77,Naharlagun,Arunachal Pradesh,Northeast,27.10467,93.69518,2026-07-24 00:00:00,28.1,3.9
2808,77,Naharlagun,Arunachal Pradesh,Northeast,27.10467,93.69518,2026-07-25 00:00:00,30.1,3.2
2809,77,Naharlagun,Arunachal Pradesh,Northeast,27.10467,93.69518,2026-07-26 00:00:00,29.1,3.7
2810,77,Naharlagun,Arunachal Pradesh,Northeast,27.10467,93.69518,2026-07-27 00:00:00,29.0,3.0
2811,77,Naharlagun,Arunachal Pradesh,Northeast,27.10467,93.69518,2026-07-28 00:00:00,27.8,4.1
2812,77,Naharlagun,Arunachal Pradesh,Northeast,27.10467,93.69518,2026-07-29 00:00:00,27.6,3.1
2813,77,Naharlagun,Arunachal Pradesh,Northeast,27.10467,93.69518,2026-07-30 00:00:00,26.9,2.5
2814,77,Naharlagun,Arunachal Pradesh,Northeast,27.10467,93.69518,2026-07-31 00:00:00,26.4,3.2
2815,77,Naharlagun,Arunachal Pradesh,Northeast,27.10467,93.69518,2026-08-01 00:00:00,26.5,7.1
2816,77,Naharlagun,Arunachal Pradesh,Northeast,27.10467,93.69518,2026-08-02 00:00:00,27.8,5.9
2817,77,Naharlagun,Arunachal Pradesh,Northeast,27.10467,93.69518,2026-08-03 00:00:00,26.8,2.3
2818,77,Naharlagun,Arunachal Pradesh,Northeast,27.10467,93.69518,2026-08-04 00:00:00,25.9,2.6
2819,77,Naharlagun,Arunachal Pradesh,Northeast,27.10467,93.69518,2026-08-05 00:00:00,26.9,2.6
2820,77,Naharlagun,Arunachal Pradesh,Northeast,27.10467,93.69518,2026-08-06 00:00:00,29.4,2.4
2821,77,Naharlagun,Arunachal Pradesh,Northeast,27.10467,93.69518,2026-08-07 00:00:00,28.7,3.2
2822,77,Naharlagun,Arunachal Pradesh,Northeast,27.10467,93.69518,2026-08-08 00:00:00,27.1,3.6
2823,12,Bengaluru,Karnataka,South,12.97194,77.59369,2026-07-10 00:00:00,24.3,13.2
2824,12,Bengaluru,Karnataka,South,12.97194,77.59369,2026-07-11 00:00:00,25.3,14.0
2825,12,Bengaluru,Karnataka,South,12.97194,77.59369,2026-07-12 00:00:00,25.6,13.8
2826,12,Bengaluru,Karnataka,South,12.97194,77.59369,2026-07-13 00:00:00,25.8,14.4
2827,12,Bengaluru,Karnataka,South,12.97194,77.59369,2026-07-14 00:00:00,25.8,11.9
2828,12,Bengaluru,Karnataka,South,12.97194,77.59369,2026-07-15 00:00:00,25.4,12.5
2829,12,Bengaluru,Karnataka,South,12.97194,77.59369,2026-07-16 00:00:00,25.0,11.6
2830,12,Bengaluru,Karnataka,South,12.97194,77.59369,2026-07-17 00:00:00,22.8,12.7
2831,12,Bengaluru,Karnataka,South,12.97194,77.59369,2026-07-18 00:00:00,22.8,13.5
2832,12,Bengaluru,Karnataka,South,12.97194,77.59369,2026-07-19 00:00:00,23.7,11.7
2833,12,Bengaluru,Karnataka,South,12.97194,77.59369,2026-07-20 00:00:00,22.9,13.8
2834,12,Bengaluru,Karnataka,South,12.97194,77.59369,2026-07-21 00:00:00,24.0,14.3
2835,12,Bengaluru,Karnataka,South,12.97194,77.59369,2026-07-22 00:00:00,22.5,14.6
2836,12,Bengaluru,Karnataka,South,12.97194,77.59369,2026-07-23 00:00:00,24.0,14.7
2837,12,Bengaluru,Karnataka,South,12.97194,77.59369,2026-07-24 00:00:00,24.0,13.8
2838,12,Bengaluru,Karnataka,South,12.97194,77.59369,2026-07-25 00:00:00,23.4,13.9
2839,12,Bengaluru,Karnataka,South,12.97194,77.59369,2026-07-26 00:00:00,23.6,14.9
2840,12,Bengaluru,Karnataka,South,12.97194,77.59369,2026-07-27 00:00:00,24.4,17.1
2841,12,Bengaluru,Karnataka,South,12.97194,77.59369,2026-07-28 00:00:00,24.5,18.1
2842,12,Bengaluru,Karnataka,South,12.97194,77.59369,2026-07-29 00:00:00,24.2,18.6
2843,12,Bengaluru,Karnataka,South,12.97194,77.59369,2026-07-30 00:00:00,24.0,19.5
2844,12,Bengaluru,Karnataka,South,12.97194,77.59369,2026-07-31 00:00:00,24.4,18.0
2845,12,Bengaluru,Karnataka,South,12.97194,77.59369,2026-08-01 00:00:00,23.2,15.3
2846,12,Bengaluru,Karnataka,South,12.97194,77.59369,2026-08-02 00:00:00,24.3,15.0
2847,12,Bengaluru,Karnataka,South,12.97194,77.59369,2026-08-03 00:00:00,23.3,12.4
2848,12,Bengaluru,Karnataka,South,12.97194,77.59369,2026-08-04 00:00:00,22.8,12.5
2849,12,Bengaluru,Karnataka,South,12.97194,77.59369,2026-08-05 00:00:00,22.8,13.8
2850,12,Bengaluru,Karnataka,South,12.97194,77.59369,2026-08-06 00:00:00,22.5,14.6
2851,12,Bengaluru,Karnataka,South,12.97194,77.59369,2026-08-07 00:00:00,22.1,14.5
2852,12,Bengaluru,Karnataka,South,12.97194,77.59369,2026-08-08 00:00:00,22.7,13.9
2853,74,Mysuru,Karnataka,South,12.29791,76.63925,2026-07-10 00:00:00,23.8,14.6
2854,74,Mysuru,Karnataka,South,12.29791,76.63925,2026-07-11 00:00:00,25.1,16.3
2855,74,Mysuru,Karnataka,South,12.29791,76.63925,2026-07-12 00:00:00,25.0,16.0
2856,74,Mysuru,Karnataka,South,12.29791,76.63925,2026-07-13 00:00:00,25.5,15.0
2857,74,Mysuru,Karnataka,South,12.29791,76.63925,2026-07-14 00:00:00,25.3,12.7
2858,74,Mysuru,Karnataka,South,12.29791,76.63925,2026-07-15 00:00:00,24.7,14.4
2859,74,Mysuru,Karnataka,South,12.29791,76.63925,2026-07-16 00:00:00,24.1,14.5
2860,74,Mysuru,Karnataka,South,12.29791,76.63925,2026-07-17 00:00:00,22.9,16.2
2861,74,Mysuru,Karnataka,South,12.29791,76.63925,2026-07-18 00:00:00,24.4,17.7
2862,74,Mysuru,Karnataka,South,12.29791,76.63925,2026-07-19 00:00:00,24.0,15.5
2863,74,Mysuru,Karnataka,South,12.29791,76.63925,2026-07-20 00:00:00,23.7,17.1
2864,74,Mysuru,Karnataka,South,12.29791,76.63925,2026-07-21 00:00:00,24.6,16.7
2865,74,Mysuru,Karnataka,South,12.29791,76.63925,2026-07-22 00:00:00,23.6,16.7
2866,74,Mysuru,Karnataka,South,12.29791,76.63925,2026-07-23 00:00:00,24.7,17.9
2867,74,Mysuru,Karnataka,South,12.29791,76.63925,2026-07-24 00:00:00,24.4,16.7
2868,74,Mysuru,Karnataka,South,12.29791,76.63925,2026-07-25 00:00:00,24.0,15.3
2869,74,Mysuru,Karnataka,South,12.29791,76.63925,2026-07-26 00:00:00,24.3,19.1
2870,74,Mysuru,Karnataka,South,12.29791,76.63925,2026-07-27 00:00:00,24.6,19.0
2871,74,Mysuru,Karnataka,South,12.29791,76.63925,2026-07-28 00:00:00,24.4,20.5
2872,74,Mysuru,Karnataka,South,12.29791,76.63925,2026-07-29 00:00:00,24.3,21.3
2873,74,Mysuru,Karnataka,South,12.29791,76.63925,2026-07-30 00:00:00,24.4,22.4
2874,74,Mysuru,Karnataka,South,12.29791,76.63925,2026-07-31 00:00:00,24.5,20.7
2875,74,Mysuru,Karnataka,South,12.29791,76.63925,2026-08-01 00:00:00,23.3,17.9
2876,74,Mysuru,Karnataka,South,12.29791,76.63925,2026-08-02 00:00:00,23.9,17.1
2877,74,Mysuru,Karnataka,South,12.29791,76.63925,2026-08-03 00:00:00,23.7,16.3
2878,74,Mysuru,Karnataka,South,12.29791,76.63925,2026-08-04 00:00:00,23.3,15.0
2879,74,Mysuru,Karnataka,South,12.29791,76.63925,2026-08-05 00:00:00,23.5,16.8
2880,74,Mysuru,Karnataka,South,12.29791,76.63925,2026-08-06 00:00:00,23.6,17.5
2881,74,Mysuru,Karnataka,South,12.29791,76.63925,2026-08-07 00:00:00,22.5,17.4
2882,74,Mysuru,Karnataka,South,12.29791,76.63925,2026-08-08 00:00:00,23.8,17.9
2883,68,Mangaluru,Karnataka,South,12.91723,74.85603,2026-07-10 00:00:00,26.7,7.2
2884,68,Mangaluru,Karnataka,South,12.91723,74.85603,2026-07-11 00:00:00,26.9,10.6
2885,68,Mangaluru,Karnataka,South,12.91723,74.85603,2026-07-12 00:00:00,27.3,11.9
2886,68,Mangaluru,Karnataka,South,12.91723,74.85603,2026-07-13 00:00:00,27.5,14.0
2887,68,Mangaluru,Karnataka,South,12.91723,74.85603,2026-07-14 00:00:00,27.7,10.5
2888,68,Mangaluru,Karnataka,South,12.91723,74.85603,2026-07-15 00:00:00,27.7,9.8
2889,68,Mangaluru,Karnataka,South,12.91723,74.85603,2026-07-16 00:00:00,26.6,6.6
2890,68,Mangaluru,Karnataka,South,12.91723,74.85603,2026-07-17 00:00:00,24.8,5.8
2891,68,Mangaluru,Karnataka,South,12.91723,74.85603,2026-07-18 00:00:00,25.6,8.0
2892,68,Mangaluru,Karnataka,South,12.91723,74.85603,2026-07-19 00:00:00,25.7,5.5
2893,68,Mangaluru,Karnataka,South,12.91723,74.85603,2026-07-20 00:00:00,24.9,7.5
2894,68,Mangaluru,Karnataka,South,12.91723,74.85603,2026-07-21 00:00:00,25.9,7.3
2895,68,Mangaluru,Karnataka,South,12.91723,74.85603,2026-07-22 00:00:00,24.9,7.1
2896,68,Mangaluru,Karnataka,South,12.91723,74.85603,2026-07-23 00:00:00,25.5,8.9
2897,68,Mangaluru,Karnataka,South,12.91723,74.85603,2026-07-24 00:00:00,25.9,8.0
2898,68,Mangaluru,Karnataka,South,12.91723,74.85603,2026-07-25 00:00:00,25.5,7.0
2899,68,Mangaluru,Karnataka,South,12.91723,74.85603,2026-07-26 00:00:00,25.8,6.2
2900,68,Mangaluru,Karnataka,South,12.91723,74.85603,2026-07-27 00:00:00,25.4,6.5
2901,68,Mangaluru,Karnataka,South,12.91723,74.85603,2026-07-28 00:00:00,25.8,7.0
2902,68,Mangaluru,Karnataka,South,12.91723,74.85603,2026-07-29 00:00:00,25.8,8.5
2903,68,Mangaluru,Karnataka,South,12.91723,74.85603,2026-07-30 00:00:00,26.7,15.9
2904,68,Mangaluru,Karnataka,South,12.91723,74.85603,2026-07-31 00:00:00,25.3,9.2
2905,68,Mangaluru,Karnataka,South,12.91723,74.85603,2026-08-01 00:00:00,24.5,6.8
2906,68,Mangaluru,Karnataka,South,12.91723,74.85603,2026-08-02 00:00:00,25.0,7.5
2907,68,Mangaluru,Karnataka,South,12.91723,74.85603,2026-08-03 00:00:00,25.1,5.9
2908,68,Mangaluru,Karnataka,South,12.91723,74.85603,2026-08-04 00:00:00,25.1,8.3
2909,68,Mangaluru,Karnataka,South,12.91723,74.85603,2026-08-05 00:00:00,25.4,5.3
2910,68,Mangaluru,Karnataka,South,12.91723,74.85603,2026-08-06 00:00:00,25.7,7.5
2911,68,Mangaluru,Karnataka,South,12.91723,74.85603,2026-08-07 00:00:00,24.6,6.3
2912,68,Mangaluru,Karnataka,South,12.91723,74.85603,2026-08-08 00:00:00,25.4,7.2
2913,40,Hubballi,Karnataka,South,15.34776,75.13378,2026-07-10 00:00:00,25.2,18.9
2914,40,Hubballi,Karnataka,South,15.34776,75.13378,2026-07-11 00:00:00,25.0,19.0
2915,40,Hubballi,Karnataka,South,15.34776,75.13378,2026-07-12 00:00:00,25.1,19.4
2916,40,Hubballi,Karnataka,South,15.34776,75.13378,2026-07-13 00:00:00,25.2,18.9
2917,40,Hubballi,Karnataka,South,15.34776,75.13378,2026-07-14 00:00:00,25.2,16.9
2918,40,Hubballi,Karnataka,South,15.34776,75.13378,2026-07-15 00:00:00,24.8,17.6
2919,40,Hubballi,Karnataka,South,15.34776,75.13378,2026-07-16 00:00:00,24.4,16.5
2920,40,Hubballi,Karnataka,South,15.34776,75.13378,2026-07-17 00:00:00,23.3,17.2
2921,40,Hubballi,Karnataka,South,15.34776,75.13378,2026-07-18 00:00:00,24.0,18.2
2922,40,Hubballi,Karnataka,South,15.34776,75.13378,2026-07-19 00:00:00,24.1,18.4
2923,40,Hubballi,Karnataka,South,15.34776,75.13378,2026-07-20 00:00:00,23.2,19.9
2924,40,Hubballi,Karnataka,South,15.34776,75.13378,2026-07-21 00:00:00,23.9,19.9
2925,40,Hubballi,Karnataka,South,15.34776,75.13378,2026-07-22 00:00:00,23.2,22.0
2926,40,Hubballi,Karnataka,South,15.34776,75.13378,2026-07-23 00:00:00,23.3,23.3
2927,40,Hubballi,Karnataka,South,15.34776,75.13378,2026-07-24 00:00:00,23.4,22.8
2928,40,Hubballi,Karnataka,South,15.34776,75.13378,2026-07-25 00:00:00,24.1,21.4
2929,40,Hubballi,Karnataka,South,15.34776,75.13378,2026-07-26 00:00:00,24.4,20.1
2930,40,Hubballi,Karnataka,South,15.34776,75.13378,2026-07-27 00:00:00,23.7,19.5
2931,40,Hubballi,Karnataka,South,15.34776,75.13378,2026-07-28 00:00:00,23.7,20.6
2932,40,Hubballi,Karnataka,South,15.34776,75.13378,2026-07-29 00:00:00,23.9,23.8
2933,40,Hubballi,Karnataka,South,15.34776,75.13378,2026-07-30 00:00:00,24.1,25.5
2934,40,Hubballi,Karnataka,South,15.34776,75.13378,2026-07-31 00:00:00,23.5,23.5
2935,40,Hubballi,Karnataka,South,15.34776,75.13378,2026-08-01 00:00:00,23.9,21.5
2936,40,Hubballi,Karnataka,South,15.34776,75.13378,2026-08-02 00:00:00,24.0,18.8
2937,40,Hubballi,Karnataka,South,15.34776,75.13378,2026-08-03 00:00:00,23.8,18.5
2938,40,Hubballi,Karnataka,South,15.34776,75.13378,2026-08-04 00:00:00,23.6,16.9
2939,40,Hubballi,Karnataka,South,15.34776,75.13378,2026-08-05 00:00:00,23.8,18.8
2940,40,Hubballi,Karnataka,South,15.34776,75.13378,2026-08-06 00:00:00,23.7,19.2
2941,40,Hubballi,Karnataka,South,15.34776,75.13378,2026-08-07 00:00:00,24.5,19.9
2942,40,Hubballi,Karnataka,South,15.34776,75.13378,2026-08-08 00:00:00,23.9,19.2
2943,11,Belagavi,Karnataka,South,15.85212,74.50447,2026-07-10 00:00:00,23.8,18.8
2944,11,Belagavi,Karnataka,South,15.85212,74.50447,2026-07-11 00:00:00,23.6,19.0
2945,11,Belagavi,Karnataka,South,15.85212,74.50447,2026-07-12 00:00:00,23.4,19.4
2946,11,Belagavi,Karnataka,South,15.85212,74.50447,2026-07-13 00:00:00,23.4,18.7
2947,11,Belagavi,Karnataka,South,15.85212,74.50447,2026-07-14 00:00:00,23.4,16.4
2948,11,Belagavi,Karnataka,South,15.85212,74.50447,2026-07-15 00:00:00,22.8,16.4
2949,11,Belagavi,Karnataka,South,15.85212,74.50447,2026-07-16 00:00:00,23.1,17.5
2950,11,Belagavi,Karnataka,South,15.85212,74.50447,2026-07-17 00:00:00,22.1,17.4
2951,11,Belagavi,Karnataka,South,15.85212,74.50447,2026-07-18 00:00:00,22.2,17.7
2952,11,Belagavi,Karnataka,South,15.85212,74.50447,2026-07-19 00:00:00,22.6,18.7
2953,11,Belagavi,Karnataka,South,15.85212,74.50447,2026-07-20 00:00:00,22.0,19.2
2954,11,Belagavi,Karnataka,South,15.85212,74.50447,2026-07-21 00:00:00,22.3,20.4
2955,11,Belagavi,Karnataka,South,15.85212,74.50447,2026-07-22 00:00:00,21.6,22.6
2956,11,Belagavi,Karnataka,South,15.85212,74.50447,2026-07-23 00:00:00,21.8,23.3
2957,11,Belagavi,Karnataka,South,15.85212,74.50447,2026-07-24 00:00:00,22.2,23.7
2958,11,Belagavi,Karnataka,South,15.85212,74.50447,2026-07-25 00:00:00,22.7,21.0
2959,11,Belagavi,Karnataka,South,15.85212,74.50447,2026-07-26 00:00:00,23.1,19.4
2960,11,Belagavi,Karnataka,South,15.85212,74.50447,2026-07-27 00:00:00,22.6,18.7
2961,11,Belagavi,Karnataka,South,15.85212,74.50447,2026-07-28 00:00:00,22.5,20.7
2962,11,Belagavi,Karnataka,South,15.85212,74.50447,2026-07-29 00:00:00,22.4,23.1
2963,11,Belagavi,Karnataka,South,15.85212,74.50447,2026-07-30 00:00:00,22.6,26.0
2964,11,Belagavi,Karnataka,South,15.85212,74.50447,2026-07-31 00:00:00,22.4,25.0
2965,11,Belagavi,Karnataka,South,15.85212,74.50447,2026-08-01 00:00:00,22.6,22.1
2966,11,Belagavi,Karnataka,South,15.85212,74.50447,2026-08-02 00:00:00,22.3,18.7
2967,11,Belagavi,Karnataka,South,15.85212,74.50447,2026-08-03 00:00:00,22.6,18.1
2968,11,Belagavi,Karnataka,South,15.85212,74.50447,2026-08-04 00:00:00,22.6,17.7
2969,11,Belagavi,Karnataka,South,15.85212,74.50447,2026-08-05 00:00:00,22.3,17.8
2970,11,Belagavi,Karnataka,South,15.85212,74.50447,2026-08-06 00:00:00,22.2,19.8
2971,11,Belagavi,Karnataka,South,15.85212,74.50447,2026-08-07 00:00:00,23.0,21.3
2972,11,Belagavi,Karnataka,South,15.85212,74.50447,2026-08-08 00:00:00,22.6,18.7
2973,21,Chennai,Tamil Nadu,South,13.08784,80.27847,2026-07-10 00:00:00,30.5,8.8
2974,21,Chennai,Tamil Nadu,South,13.08784,80.27847,2026-07-11 00:00:00,31.5,10.5
2975,21,Chennai,Tamil Nadu,South,13.08784,80.27847,2026-07-12 00:00:00,32.4,11.0
2976,21,Chennai,Tamil Nadu,South,13.08784,80.27847,2026-07-13 00:00:00,33.0,12.4
2977,21,Chennai,Tamil Nadu,South,13.08784,80.27847,2026-07-14 00:00:00,33.1,10.8
2978,21,Chennai,Tamil Nadu,South,13.08784,80.27847,2026-07-15 00:00:00,32.7,11.6
2979,21,Chennai,Tamil Nadu,South,13.08784,80.27847,2026-07-16 00:00:00,32.6,10.7
2980,21,Chennai,Tamil Nadu,South,13.08784,80.27847,2026-07-17 00:00:00,31.7,10.2
2981,21,Chennai,Tamil Nadu,South,13.08784,80.27847,2026-07-18 00:00:00,29.0,7.6
2982,21,Chennai,Tamil Nadu,South,13.08784,80.27847,2026-07-19 00:00:00,29.0,9.3
2983,21,Chennai,Tamil Nadu,South,13.08784,80.27847,2026-07-20 00:00:00,29.4,8.9
2984,21,Chennai,Tamil Nadu,South,13.08784,80.27847,2026-07-21 00:00:00,30.2,8.7
2985,21,Chennai,Tamil Nadu,South,13.08784,80.27847,2026-07-22 00:00:00,30.3,10.4
2986,21,Chennai,Tamil Nadu,South,13.08784,80.27847,2026-07-23 00:00:00,30.0,10.6
2987,21,Chennai,Tamil Nadu,South,13.08784,80.27847,2026-07-24 00:00:00,29.6,7.8
2988,21,Chennai,Tamil Nadu,South,13.08784,80.27847,2026-07-25 00:00:00,30.3,9.4
2989,21,Chennai,Tamil Nadu,South,13.08784,80.27847,2026-07-26 00:00:00,31.6,11.3
2990,21,Chennai,Tamil Nadu,South,13.08784,80.27847,2026-07-27 00:00:00,32.3,11.6
2991,21,Chennai,Tamil Nadu,South,13.08784,80.27847,2026-07-28 00:00:00,32.4,14.4
2992,21,Chennai,Tamil Nadu,South,13.08784,80.27847,2026-07-29 00:00:00,32.5,14.3
2993,21,Chennai,Tamil Nadu,South,13.08784,80.27847,2026-07-30 00:00:00,32.4,15.8
2994,21,Chennai,Tamil Nadu,South,13.08784,80.27847,2026-07-31 00:00:00,31.5,13.7
2995,21,Chennai,Tamil Nadu,South,13.08784,80.27847,2026-08-01 00:00:00,30.4,10.6
2996,21,Chennai,Tamil Nadu,South,13.08784,80.27847,2026-08-02 00:00:00,29.8,10.0
2997,21,Chennai,Tamil Nadu,South,13.08784,80.27847,2026-08-03 00:00:00,29.7,7.7
2998,21,Chennai,Tamil Nadu,South,13.08784,80.27847,2026-08-04 00:00:00,30.1,10.6
2999,21,Chennai,Tamil Nadu,South,13.08784,80.27847,2026-08-05 00:00:00,29.4,10.0
3000,21,Chennai,Tamil Nadu,South,13.08784,80.27847,2026-08-06 00:00:00,29.8,9.0
3001,21,Chennai,Tamil Nadu,South,13.08784,80.27847,2026-08-07 00:00:00,28.7,10.3
3002,21,Chennai,Tamil Nadu,South,13.08784,80.27847,2026-08-08 00:00:00,29.2,11.1
3003,22,Coimbatore,Tamil Nadu,South,11.00555,76.96612,2026-07-10 00:00:00,25.7,12.0
3004,22,Coimbatore,Tamil Nadu,South,11.00555,76.96612,2026-07-11 00:00:00,26.3,13.5
3005,22,Coimbatore,Tamil Nadu,South,11.00555,76.96612,2026-07-12 00:00:00,26.6,16.7
3006,22,Coimbatore,Tamil Nadu,South,11.00555,76.96612,2026-07-13 00:00:00,27.0,15.8
3007,22,Coimbatore,Tamil Nadu,South,11.00555,76.96612,2026-07-14 00:00:00,27.5,15.0
3008,22,Coimbatore,Tamil Nadu,South,11.00555,76.96612,2026-07-15 00:00:00,27.4,16.1
3009,22,Coimbatore,Tamil Nadu,South,11.00555,76.96612,2026-07-16 00:00:00,26.7,13.9
3010,22,Coimbatore,Tamil Nadu,South,11.00555,76.96612,2026-07-17 00:00:00,24.6,16.2
3011,22,Coimbatore,Tamil Nadu,South,11.00555,76.96612,2026-07-18 00:00:00,25.9,14.1
3012,22,Coimbatore,Tamil Nadu,South,11.00555,76.96612,2026-07-19 00:00:00,26.0,13.4
3013,22,Coimbatore,Tamil Nadu,South,11.00555,76.96612,2026-07-20 00:00:00,25.1,15.4
3014,22,Coimbatore,Tamil Nadu,South,11.00555,76.96612,2026-07-21 00:00:00,26.7,15.0
3015,22,Coimbatore,Tamil Nadu,South,11.00555,76.96612,2026-07-22 00:00:00,26.5,15.1
3016,22,Coimbatore,Tamil Nadu,South,11.00555,76.96612,2026-07-23 00:00:00,26.9,15.7
3017,22,Coimbatore,Tamil Nadu,South,11.00555,76.96612,2026-07-24 00:00:00,26.7,14.5
3018,22,Coimbatore,Tamil Nadu,South,11.00555,76.96612,2026-07-25 00:00:00,26.9,13.0
3019,22,Coimbatore,Tamil Nadu,South,11.00555,76.96612,2026-07-26 00:00:00,26.4,17.4
3020,22,Coimbatore,Tamil Nadu,South,11.00555,76.96612,2026-07-27 00:00:00,26.1,18.0
3021,22,Coimbatore,Tamil Nadu,South,11.00555,76.96612,2026-07-28 00:00:00,26.4,19.8
3022,22,Coimbatore,Tamil Nadu,South,11.00555,76.96612,2026-07-29 00:00:00,26.0,19.9
3023,22,Coimbatore,Tamil Nadu,South,11.00555,76.96612,2026-07-30 00:00:00,26.1,20.3
3024,22,Coimbatore,Tamil Nadu,South,11.00555,76.96612,2026-07-31 00:00:00,26.4,18.4
3025,22,Coimbatore,Tamil Nadu,South,11.00555,76.96612,2026-08-01 00:00:00,23.4,16.3
3026,22,Coimbatore,Tamil Nadu,South,11.00555,76.96612,2026-08-02 00:00:00,24.6,15.8
3027,22,Coimbatore,Tamil Nadu,South,11.00555,76.96612,2026-08-03 00:00:00,24.8,15.2
3028,22,Coimbatore,Tamil Nadu,South,11.00555,76.96612,2026-08-04 00:00:00,25.0,12.7
3029,22,Coimbatore,Tamil Nadu,South,11.00555,76.96612,2026-08-05 00:00:00,25.2,13.9
3030,22,Coimbatore,Tamil Nadu,South,11.00555,76.96612,2026-08-06 00:00:00,25.0,15.3
3031,22,Coimbatore,Tamil Nadu,South,11.00555,76.96612,2026-08-07 00:00:00,23.9,15.7
3032,22,Coimbatore,Tamil Nadu,South,11.00555,76.96612,2026-08-08 00:00:00,24.2,15.6
3033,67,Madurai,Tamil Nadu,South,9.919,78.11953,2026-07-10 00:00:00,30.9,9.2
3034,67,Madurai,Tamil Nadu,South,9.919,78.11953,2026-07-11 00:00:00,31.7,4.4
3035,67,Madurai,Tamil Nadu,South,9.919,78.11953,2026-07-12 00:00:00,32.4,10.0
3036,67,Madurai,Tamil Nadu,South,9.919,78.11953,2026-07-13 00:00:00,32.8,8.4
3037,67,Madurai,Tamil Nadu,South,9.919,78.11953,2026-07-14 00:00:00,33.1,8.9
3038,67,Madurai,Tamil Nadu,South,9.919,78.11953,2026-07-15 00:00:00,32.7,9.3
3039,67,Madurai,Tamil Nadu,South,9.919,78.11953,2026-07-16 00:00:00,32.4,9.6
3040,67,Madurai,Tamil Nadu,South,9.919,78.11953,2026-07-17 00:00:00,31.3,13.2
3041,67,Madurai,Tamil Nadu,South,9.919,78.11953,2026-07-18 00:00:00,31.5,5.8
3042,67,Madurai,Tamil Nadu,South,9.919,78.11953,2026-07-19 00:00:00,31.6,6.7
3043,67,Madurai,Tamil Nadu,South,9.919,78.11953,2026-07-20 00:00:00,31.4,9.8
3044,67,Madurai,Tamil Nadu,South,9.919,78.11953,2026-07-21 00:00:00,32.5,7.1
3045,67,Madurai,Tamil Nadu,South,9.919,78.11953,2026-07-22 00:00:00,32.4,8.4
3046,67,Madurai,Tamil Nadu,South,9.919,78.11953,2026-07-23 00:00:00,32.2,6.2
3047,67,Madurai,Tamil Nadu,South,9.919,78.11953,2026-07-24 00:00:00,32.7,7.2
3048,67,Madurai,Tamil Nadu,South,9.919,78.11953,2026-07-25 00:00:00,32.6,6.7
3049,67,Madurai,Tamil Nadu,South,9.919,78.11953,2026-07-26 00:00:00,32.6,11.9
3050,67,Madurai,Tamil Nadu,South,9.919,78.11953,2026-07-27 00:00:00,32.0,8.0
3051,67,Madurai,Tamil Nadu,South,9.919,78.11953,2026-07-28 00:00:00,32.3,18.6
3052,67,Madurai,Tamil Nadu,South,9.919,78.11953,2026-07-29 00:00:00,32.3,16.0
3053,67,Madurai,Tamil Nadu,South,9.919,78.11953,2026-07-30 00:00:00,32.4,9.9
3054,67,Madurai,Tamil Nadu,South,9.919,78.11953,2026-07-31 00:00:00,31.5,7.3
3055,67,Madurai,Tamil Nadu,South,9.919,78.11953,2026-08-01 00:00:00,29.7,16.6
3056,67,Madurai,Tamil Nadu,South,9.919,78.11953,2026-08-02 00:00:00,30.8,9.9
3057,67,Madurai,Tamil Nadu,South,9.919,78.11953,2026-08-03 00:00:00,31.5,9.7
3058,67,Madurai,Tamil Nadu,South,9.919,78.11953,2026-08-04 00:00:00,29.6,9.2
3059,67,Madurai,Tamil Nadu,South,9.919,78.11953,2026-08-05 00:00:00,31.5,6.1
3060,67,Madurai,Tamil Nadu,South,9.919,78.11953,2026-08-06 00:00:00,30.9,8.6
3061,67,Madurai,Tamil Nadu,South,9.919,78.11953,2026-08-07 00:00:00,31.0,6.7
3062,67,Madurai,Tamil Nadu,South,9.919,78.11953,2026-08-08 00:00:00,30.8,8.4
3063,109,Tiruchirappalli,Tamil Nadu,South,10.8155,78.69651,2026-07-10 00:00:00,31.0,16.2
3064,109,Tiruchirappalli,Tamil Nadu,South,10.8155,78.69651,2026-07-11 00:00:00,32.0,17.0
3065,109,Tiruchirappalli,Tamil Nadu,South,10.8155,78.69651,2026-07-12 00:00:00,32.5,19.5
3066,109,Tiruchirappalli,Tamil Nadu,South,10.8155,78.69651,2026-07-13 00:00:00,32.7,20.0
3067,109,Tiruchirappalli,Tamil Nadu,South,10.8155,78.69651,2026-07-14 00:00:00,33.1,15.5
3068,109,Tiruchirappalli,Tamil Nadu,South,10.8155,78.69651,2026-07-15 00:00:00,32.6,14.9
3069,109,Tiruchirappalli,Tamil Nadu,South,10.8155,78.69651,2026-07-16 00:00:00,32.4,14.6
3070,109,Tiruchirappalli,Tamil Nadu,South,10.8155,78.69651,2026-07-17 00:00:00,31.5,20.4
3071,109,Tiruchirappalli,Tamil Nadu,South,10.8155,78.69651,2026-07-18 00:00:00,31.7,15.4
3072,109,Tiruchirappalli,Tamil Nadu,South,10.8155,78.69651,2026-07-19 00:00:00,31.3,14.3
3073,109,Tiruchirappalli,Tamil Nadu,South,10.8155,78.69651,2026-07-20 00:00:00,31.2,20.2
3074,109,Tiruchirappalli,Tamil Nadu,South,10.8155,78.69651,2026-07-21 00:00:00,32.1,15.1
3075,109,Tiruchirappalli,Tamil Nadu,South,10.8155,78.69651,2026-07-22 00:00:00,31.6,14.0
3076,109,Tiruchirappalli,Tamil Nadu,South,10.8155,78.69651,2026-07-23 00:00:00,31.8,13.2
3077,109,Tiruchirappalli,Tamil Nadu,South,10.8155,78.69651,2026-07-24 00:00:00,32.5,15.3
3078,109,Tiruchirappalli,Tamil Nadu,South,10.8155,78.69651,2026-07-25 00:00:00,33.0,12.4
3079,109,Tiruchirappalli,Tamil Nadu,South,10.8155,78.69651,2026-07-26 00:00:00,33.0,22.1
3080,109,Tiruchirappalli,Tamil Nadu,South,10.8155,78.69651,2026-07-27 00:00:00,32.1,21.8
3081,109,Tiruchirappalli,Tamil Nadu,South,10.8155,78.69651,2026-07-28 00:00:00,32.5,19.8
3082,109,Tiruchirappalli,Tamil Nadu,South,10.8155,78.69651,2026-07-29 00:00:00,32.4,26.1
3083,109,Tiruchirappalli,Tamil Nadu,South,10.8155,78.69651,2026-07-30 00:00:00,32.6,25.3
3084,109,Tiruchirappalli,Tamil Nadu,South,10.8155,78.69651,2026-07-31 00:00:00,32.0,18.9
3085,109,Tiruchirappalli,Tamil Nadu,South,10.8155,78.69651,2026-08-01 00:00:00,31.3,24.8
3086,109,Tiruchirappalli,Tamil Nadu,South,10.8155,78.69651,2026-08-02 00:00:00,31.1,20.1
3087,109,Tiruchirappalli,Tamil Nadu,South,10.8155,78.69651,2026-08-03 00:00:00,31.8,20.0
3088,109,Tiruchirappalli,Tamil Nadu,South,10.8155,78.69651,2026-08-04 00:00:00,31.2,19.1
3089,109,Tiruchirappalli,Tamil Nadu,South,10.8155,78.69651,2026-08-05 00:00:00,31.7,19.5
3090,109,Tiruchirappalli,Tamil Nadu,South,10.8155,78.69651,2026-08-06 00:00:00,31.5,17.6
3091,109,Tiruchirappalli,Tamil Nadu,South,10.8155,78.69651,2026-08-07 00:00:00,30.6,24.0
3092,109,Tiruchirappalli,Tamil Nadu,South,10.8155,78.69651,2026-08-08 00:00:00,31.3,20.4
3093,95,Salem,Tamil Nadu,South,11.65376,78.15538,2026-07-10 00:00:00,27.5,5.0
3094,95,Salem,Tamil Nadu,South,11.65376,78.15538,2026-07-11 00:00:00,28.5,6.8
3095,95,Salem,Tamil Nadu,South,11.65376,78.15538,2026-07-12 00:00:00,28.7,6.1
3096,95,Salem,Tamil Nadu,South,11.65376,78.15538,2026-07-13 00:00:00,29.1,8.2
3097,95,Salem,Tamil Nadu,South,11.65376,78.15538,2026-07-14 00:00:00,29.7,8.6
3098,95,Salem,Tamil Nadu,South,11.65376,78.15538,2026-07-15 00:00:00,29.4,6.9
3099,95,Salem,Tamil Nadu,South,11.65376,78.15538,2026-07-16 00:00:00,28.8,5.6
3100,95,Salem,Tamil Nadu,South,11.65376,78.15538,2026-07-17 00:00:00,27.5,7.0
3101,95,Salem,Tamil Nadu,South,11.65376,78.15538,2026-07-18 00:00:00,29.1,9.0
3102,95,Salem,Tamil Nadu,South,11.65376,78.15538,2026-07-19 00:00:00,29.1,7.6
3103,95,Salem,Tamil Nadu,South,11.65376,78.15538,2026-07-20 00:00:00,28.3,7.1
3104,95,Salem,Tamil Nadu,South,11.65376,78.15538,2026-07-21 00:00:00,28.8,5.2
3105,95,Salem,Tamil Nadu,South,11.65376,78.15538,2026-07-22 00:00:00,28.7,5.6
3106,95,Salem,Tamil Nadu,South,11.65376,78.15538,2026-07-23 00:00:00,29.8,5.3
3107,95,Salem,Tamil Nadu,South,11.65376,78.15538,2026-07-24 00:00:00,29.7,8.3
3108,95,Salem,Tamil Nadu,South,11.65376,78.15538,2026-07-25 00:00:00,30.5,7.9
3109,95,Salem,Tamil Nadu,South,11.65376,78.15538,2026-07-26 00:00:00,29.7,7.1
3110,95,Salem,Tamil Nadu,South,11.65376,78.15538,2026-07-27 00:00:00,29.1,7.5
3111,95,Salem,Tamil Nadu,South,11.65376,78.15538,2026-07-28 00:00:00,29.5,7.8
3112,95,Salem,Tamil Nadu,South,11.65376,78.15538,2026-07-29 00:00:00,29.2,10.6
3113,95,Salem,Tamil Nadu,South,11.65376,78.15538,2026-07-30 00:00:00,29.2,10.0
3114,95,Salem,Tamil Nadu,South,11.65376,78.15538,2026-07-31 00:00:00,29.2,6.9
3115,95,Salem,Tamil Nadu,South,11.65376,78.15538,2026-08-01 00:00:00,27.4,9.4
3116,95,Salem,Tamil Nadu,South,11.65376,78.15538,2026-08-02 00:00:00,28.2,7.5
3117,95,Salem,Tamil Nadu,South,11.65376,78.15538,2026-08-03 00:00:00,27.9,8.0
3118,95,Salem,Tamil Nadu,South,11.65376,78.15538,2026-08-04 00:00:00,27.8,10.1
3119,95,Salem,Tamil Nadu,South,11.65376,78.15538,2026-08-05 00:00:00,27.2,8.2
3120,95,Salem,Tamil Nadu,South,11.65376,78.15538,2026-08-06 00:00:00,27.0,5.9
3121,95,Salem,Tamil Nadu,South,11.65376,78.15538,2026-08-07 00:00:00,26.6,8.2
3122,95,Salem,Tamil Nadu,South,11.65376,78.15538,2026-08-08 00:00:00,26.7,6.4
3123,110,Tirunelveli,Tamil Nadu,South,8.72742,77.6838,2026-07-10 00:00:00,30.2,16.1
3124,110,Tirunelveli,Tamil Nadu,South,8.72742,77.6838,2026-07-11 00:00:00,31.2,15.4
3125,110,Tirunelveli,Tamil Nadu,South,8.72742,77.6838,2026-07-12 00:00:00,31.2,18.2
3126,110,Tirunelveli,Tamil Nadu,South,8.72742,77.6838,2026-07-13 00:00:00,31.5,19.4
3127,110,Tirunelveli,Tamil Nadu,South,8.72742,77.6838,2026-07-14 00:00:00,32.3,16.6
3128,110,Tirunelveli,Tamil Nadu,South,8.72742,77.6838,2026-07-15 00:00:00,31.7,16.4
3129,110,Tirunelveli,Tamil Nadu,South,8.72742,77.6838,2026-07-16 00:00:00,31.2,14.8
3130,110,Tirunelveli,Tamil Nadu,South,8.72742,77.6838,2026-07-17 00:00:00,30.5,16.0
3131,110,Tirunelveli,Tamil Nadu,South,8.72742,77.6838,2026-07-18 00:00:00,30.6,16.9
3132,110,Tirunelveli,Tamil Nadu,South,8.72742,77.6838,2026-07-19 00:00:00,31.0,15.4
3133,110,Tirunelveli,Tamil Nadu,South,8.72742,77.6838,2026-07-20 00:00:00,30.6,15.1
3134,110,Tirunelveli,Tamil Nadu,South,8.72742,77.6838,2026-07-21 00:00:00,31.5,15.4
3135,110,Tirunelveli,Tamil Nadu,South,8.72742,77.6838,2026-07-22 00:00:00,31.6,13.7
3136,110,Tirunelveli,Tamil Nadu,South,8.72742,77.6838,2026-07-23 00:00:00,31.4,16.4
3137,110,Tirunelveli,Tamil Nadu,South,8.72742,77.6838,2026-07-24 00:00:00,31.4,17.4
3138,110,Tirunelveli,Tamil Nadu,South,8.72742,77.6838,2026-07-25 00:00:00,32.5,17.5
3139,110,Tirunelveli,Tamil Nadu,South,8.72742,77.6838,2026-07-26 00:00:00,31.4,18.6
3140,110,Tirunelveli,Tamil Nadu,South,8.72742,77.6838,2026-07-27 00:00:00,31.0,17.5
3141,110,Tirunelveli,Tamil Nadu,South,8.72742,77.6838,2026-07-28 00:00:00,30.6,14.5
3142,110,Tirunelveli,Tamil Nadu,South,8.72742,77.6838,2026-07-29 00:00:00,30.7,18.1
3143,110,Tirunelveli,Tamil Nadu,South,8.72742,77.6838,2026-07-30 00:00:00,31.0,16.5
3144,110,Tirunelveli,Tamil Nadu,South,8.72742,77.6838,2026-07-31 00:00:00,30.8,14.2
3145,110,Tirunelveli,Tamil Nadu,South,8.72742,77.6838,2026-08-01 00:00:00,27.9,15.6
3146,110,Tirunelveli,Tamil Nadu,South,8.72742,77.6838,2026-08-02 00:00:00,28.6,12.7
3147,110,Tirunelveli,Tamil Nadu,South,8.72742,77.6838,2026-08-03 00:00:00,28.1,14.4
3148,110,Tirunelveli,Tamil Nadu,South,8.72742,77.6838,2026-08-04 00:00:00,28.5,19.7
3149,110,Tirunelveli,Tamil Nadu,South,8.72742,77.6838,2026-08-05 00:00:00,29.2,17.0
3150,110,Tirunelveli,Tamil Nadu,South,8.72742,77.6838,2026-08-06 00:00:00,28.5,14.5
3151,110,Tirunelveli,Tamil Nadu,South,8.72742,77.6838,2026-08-07 00:00:00,28.4,14.1
3152,110,Tirunelveli,Tamil Nadu,South,8.72742,77.6838,2026-08-08 00:00:00,28.5,11.3
3153,41,Hyderabad,Telangana,South,17.38405,78.45636,2026-07-10 00:00:00,28.8,13.3
3154,41,Hyderabad,Telangana,South,17.38405,78.45636,2026-07-11 00:00:00,29.4,14.3
3155,41,Hyderabad,Telangana,South,17.38405,78.45636,2026-07-12 00:00:00,29.4,15.3
3156,41,Hyderabad,Telangana,South,17.38405,78.45636,2026-07-13 00:00:00,29.7,15.0
3157,41,Hyderabad,Telangana,South,17.38405,78.45636,2026-07-14 00:00:00,29.5,13.7
3158,41,Hyderabad,Telangana,South,17.38405,78.45636,2026-07-15 00:00:00,29.0,13.3
3159,41,Hyderabad,Telangana,South,17.38405,78.45636,2026-07-16 00:00:00,28.4,12.2
3160,41,Hyderabad,Telangana,South,17.38405,78.45636,2026-07-17 00:00:00,25.5,9.6
3161,41,Hyderabad,Telangana,South,17.38405,78.45636,2026-07-18 00:00:00,25.7,12.8
3162,41,Hyderabad,Telangana,South,17.38405,78.45636,2026-07-19 00:00:00,26.1,12.5
3163,41,Hyderabad,Telangana,South,17.38405,78.45636,2026-07-20 00:00:00,25.6,14.2
3164,41,Hyderabad,Telangana,South,17.38405,78.45636,2026-07-21 00:00:00,24.2,14.2
3165,41,Hyderabad,Telangana,South,17.38405,78.45636,2026-07-22 00:00:00,24.0,17.3
3166,41,Hyderabad,Telangana,South,17.38405,78.45636,2026-07-23 00:00:00,25.3,16.6
3167,41,Hyderabad,Telangana,South,17.38405,78.45636,2026-07-24 00:00:00,26.2,17.4
3168,41,Hyderabad,Telangana,South,17.38405,78.45636,2026-07-25 00:00:00,26.3,13.9
3169,41,Hyderabad,Telangana,South,17.38405,78.45636,2026-07-26 00:00:00,26.4,13.9
3170,41,Hyderabad,Telangana,South,17.38405,78.45636,2026-07-27 00:00:00,25.4,14.5
3171,41,Hyderabad,Telangana,South,17.38405,78.45636,2026-07-28 00:00:00,25.7,16.2
3172,41,Hyderabad,Telangana,South,17.38405,78.45636,2026-07-29 00:00:00,23.8,17.7
3173,41,Hyderabad,Telangana,South,17.38405,78.45636,2026-07-30 00:00:00,24.0,19.3
3174,41,Hyderabad,Telangana,South,17.38405,78.45636,2026-07-31 00:00:00,25.9,17.9
3175,41,Hyderabad,Telangana,South,17.38405,78.45636,2026-08-01 00:00:00,26.6,12.8
3176,41,Hyderabad,Telangana,South,17.38405,78.45636,2026-08-02 00:00:00,26.8,12.6
3177,41,Hyderabad,Telangana,South,17.38405,78.45636,2026-08-03 00:00:00,26.3,11.6
3178,41,Hyderabad,Telangana,South,17.38405,78.45636,2026-08-04 00:00:00,25.4,11.0
3179,41,Hyderabad,Telangana,South,17.38405,78.45636,2026-08-05 00:00:00,25.8,11.8
3180,41,Hyderabad,Telangana,South,17.38405,78.45636,2026-08-06 00:00:00,26.2,12.9
3181,41,Hyderabad,Telangana,South,17.38405,78.45636,2026-08-07 00:00:00,25.7,13.9
3182,41,Hyderabad,Telangana,South,17.38405,78.45636,2026-08-08 00:00:00,25.5,12.4
3183,120,Warangal,Telangana,South,18.0,79.58333,2026-07-10 00:00:00,29.6,12.4
3184,120,Warangal,Telangana,South,18.0,79.58333,2026-07-11 00:00:00,29.8,12.8
3185,120,Warangal,Telangana,South,18.0,79.58333,2026-07-12 00:00:00,29.8,12.7
3186,120,Warangal,Telangana,South,18.0,79.58333,2026-07-13 00:00:00,30.4,14.1
3187,120,Warangal,Telangana,South,18.0,79.58333,2026-07-14 00:00:00,30.1,15.1
3188,120,Warangal,Telangana,South,18.0,79.58333,2026-07-15 00:00:00,30.2,13.1
3189,120,Warangal,Telangana,South,18.0,79.58333,2026-07-16 00:00:00,29.7,13.6
3190,120,Warangal,Telangana,South,18.0,79.58333,2026-07-17 00:00:00,27.7,10.0
3191,120,Warangal,Telangana,South,18.0,79.58333,2026-07-18 00:00:00,26.6,10.3
3192,120,Warangal,Telangana,South,18.0,79.58333,2026-07-19 00:00:00,28.1,9.6
3193,120,Warangal,Telangana,South,18.0,79.58333,2026-07-20 00:00:00,27.7,12.7
3194,120,Warangal,Telangana,South,18.0,79.58333,2026-07-21 00:00:00,26.1,13.8
3195,120,Warangal,Telangana,South,18.0,79.58333,2026-07-22 00:00:00,25.9,15.0
3196,120,Warangal,Telangana,South,18.0,79.58333,2026-07-23 00:00:00,26.9,14.4
3197,120,Warangal,Telangana,South,18.0,79.58333,2026-07-24 00:00:00,28.3,14.2
3198,120,Warangal,Telangana,South,18.0,79.58333,2026-07-25 00:00:00,28.8,12.7
3199,120,Warangal,Telangana,South,18.0,79.58333,2026-07-26 00:00:00,28.5,13.0
3200,120,Warangal,Telangana,South,18.0,79.58333,2026-07-27 00:00:00,28.1,12.7
3201,120,Warangal,Telangana,South,18.0,79.58333,2026-07-28 00:00:00,27.1,13.1
3202,120,Warangal,Telangana,South,18.0,79.58333,2026-07-29 00:00:00,25.3,16.8
3203,120,Warangal,Telangana,South,18.0,79.58333,2026-07-30 00:00:00,25.1,20.0
3204,120,Warangal,Telangana,South,18.0,79.58333,2026-07-31 00:00:00,27.9,15.6
3205,120,Warangal,Telangana,South,18.0,79.58333,2026-08-01 00:00:00,28.5,9.2
3206,120,Warangal,Telangana,South,18.0,79.58333,2026-08-02 00:00:00,29.0,9.7
3207,120,Warangal,Telangana,South,18.0,79.58333,2026-08-03 00:00:00,29.1,10.8
3208,120,Warangal,Telangana,South,18.0,79.58333,2026-08-04 00:00:00,27.1,10.5
3209,120,Warangal,Telangana,South,18.0,79.58333,2026-08-05 00:00:00,27.9,11.6
3210,120,Warangal,Telangana,South,18.0,79.58333,2026-08-06 00:00:00,28.7,11.9
3211,120,Warangal,Telangana,South,18.0,79.58333,2026-08-07 00:00:00,27.2,13.5
3212,120,Warangal,Telangana,South,18.0,79.58333,2026-08-08 00:00:00,26.5,11.5
3213,118,Vijayawada,Andhra Pradesh,South,16.50745,80.6466,2026-07-10 00:00:00,32.3,12.8
3214,118,Vijayawada,Andhra Pradesh,South,16.50745,80.6466,2026-07-11 00:00:00,32.9,13.4
3215,118,Vijayawada,Andhra Pradesh,South,16.50745,80.6466,2026-07-12 00:00:00,33.1,13.2
3216,118,Vijayawada,Andhra Pradesh,South,16.50745,80.6466,2026-07-13 00:00:00,33.6,15.4
3217,118,Vijayawada,Andhra Pradesh,South,16.50745,80.6466,2026-07-14 00:00:00,32.8,15.9
3218,118,Vijayawada,Andhra Pradesh,South,16.50745,80.6466,2026-07-15 00:00:00,33.2,15.0
3219,118,Vijayawada,Andhra Pradesh,South,16.50745,80.6466,2026-07-16 00:00:00,31.3,13.0
3220,118,Vijayawada,Andhra Pradesh,South,16.50745,80.6466,2026-07-17 00:00:00,30.0,11.3
3221,118,Vijayawada,Andhra Pradesh,South,16.50745,80.6466,2026-07-18 00:00:00,28.4,10.5
3222,118,Vijayawada,Andhra Pradesh,South,16.50745,80.6466,2026-07-19 00:00:00,30.4,12.1
3223,118,Vijayawada,Andhra Pradesh,South,16.50745,80.6466,2026-07-20 00:00:00,30.4,13.1
3224,118,Vijayawada,Andhra Pradesh,South,16.50745,80.6466,2026-07-21 00:00:00,29.1,15.6
3225,118,Vijayawada,Andhra Pradesh,South,16.50745,80.6466,2026-07-22 00:00:00,29.4,13.9
3226,118,Vijayawada,Andhra Pradesh,South,16.50745,80.6466,2026-07-23 00:00:00,30.1,12.7
3227,118,Vijayawada,Andhra Pradesh,South,16.50745,80.6466,2026-07-24 00:00:00,31.0,13.7
3228,118,Vijayawada,Andhra Pradesh,South,16.50745,80.6466,2026-07-25 00:00:00,31.5,14.3
3229,118,Vijayawada,Andhra Pradesh,South,16.50745,80.6466,2026-07-26 00:00:00,31.7,13.8
3230,118,Vijayawada,Andhra Pradesh,South,16.50745,80.6466,2026-07-27 00:00:00,29.4,13.3
3231,118,Vijayawada,Andhra Pradesh,South,16.50745,80.6466,2026-07-28 00:00:00,29.5,13.4
3232,118,Vijayawada,Andhra Pradesh,South,16.50745,80.6466,2026-07-29 00:00:00,28.8,18.2
3233,118,Vijayawada,Andhra Pradesh,South,16.50745,80.6466,2026-07-30 00:00:00,28.9,19.1
3234,118,Vijayawada,Andhra Pradesh,South,16.50745,80.6466,2026-07-31 00:00:00,28.6,12.1
3235,118,Vijayawada,Andhra Pradesh,South,16.50745,80.6466,2026-08-01 00:00:00,29.5,8.5
3236,118,Vijayawada,Andhra Pradesh,South,16.50745,80.6466,2026-08-02 00:00:00,30.3,9.1
3237,118,Vijayawada,Andhra Pradesh,South,16.50745,80.6466,2026-08-03 00:00:00,30.7,9.8
3238,118,Vijayawada,Andhra Pradesh,South,16.50745,80.6466,2026-08-04 00:00:00,29.3,13.3
3239,118,Vijayawada,Andhra Pradesh,South,16.50745,80.6466,2026-08-05 00:00:00,30.4,11.3
3240,118,Vijayawada,Andhra Pradesh,South,16.50745,80.6466,2026-08-06 00:00:00,30.2,11.6
3241,118,Vijayawada,Andhra Pradesh,South,16.50745,80.6466,2026-08-07 00:00:00,29.9,15.4
3242,118,Vijayawada,Andhra Pradesh,South,16.50745,80.6466,2026-08-08 00:00:00,30.1,12.1
3243,119,Visakhapatnam,Andhra Pradesh,South,17.68009,83.20161,2026-07-10 00:00:00,29.3,12.5
3244,119,Visakhapatnam,Andhra Pradesh,South,17.68009,83.20161,2026-07-11 00:00:00,31.5,10.5
3245,119,Visakhapatnam,Andhra Pradesh,South,17.68009,83.20161,2026-07-12 00:00:00,32.2,11.5
3246,119,Visakhapatnam,Andhra Pradesh,South,17.68009,83.20161,2026-07-13 00:00:00,31.7,9.9
3247,119,Visakhapatnam,Andhra Pradesh,South,17.68009,83.20161,2026-07-14 00:00:00,32.3,7.6
3248,119,Visakhapatnam,Andhra Pradesh,South,17.68009,83.20161,2026-07-15 00:00:00,32.2,9.1
3249,119,Visakhapatnam,Andhra Pradesh,South,17.68009,83.20161,2026-07-16 00:00:00,31.2,9.5
3250,119,Visakhapatnam,Andhra Pradesh,South,17.68009,83.20161,2026-07-17 00:00:00,29.2,13.5
3251,119,Visakhapatnam,Andhra Pradesh,South,17.68009,83.20161,2026-07-18 00:00:00,29.3,9.6
3252,119,Visakhapatnam,Andhra Pradesh,South,17.68009,83.20161,2026-07-19 00:00:00,29.6,8.7
3253,119,Visakhapatnam,Andhra Pradesh,South,17.68009,83.20161,2026-07-20 00:00:00,28.4,8.6
3254,119,Visakhapatnam,Andhra Pradesh,South,17.68009,83.20161,2026-07-21 00:00:00,27.8,12.9
3255,119,Visakhapatnam,Andhra Pradesh,South,17.68009,83.20161,2026-07-22 00:00:00,28.9,17.1
3256,119,Visakhapatnam,Andhra Pradesh,South,17.68009,83.20161,2026-07-23 00:00:00,28.8,15.2
3257,119,Visakhapatnam,Andhra Pradesh,South,17.68009,83.20161,2026-07-24 00:00:00,28.5,11.9
3258,119,Visakhapatnam,Andhra Pradesh,South,17.68009,83.20161,2026-07-25 00:00:00,31.0,13.3
3259,119,Visakhapatnam,Andhra Pradesh,South,17.68009,83.20161,2026-07-26 00:00:00,30.8,13.3
3260,119,Visakhapatnam,Andhra Pradesh,South,17.68009,83.20161,2026-07-27 00:00:00,29.4,12.3
3261,119,Visakhapatnam,Andhra Pradesh,South,17.68009,83.20161,2026-07-28 00:00:00,27.3,17.0
3262,119,Visakhapatnam,Andhra Pradesh,South,17.68009,83.20161,2026-07-29 00:00:00,26.8,20.9
3263,119,Visakhapatnam,Andhra Pradesh,South,17.68009,83.20161,2026-07-30 00:00:00,28.6,21.5
3264,119,Visakhapatnam,Andhra Pradesh,South,17.68009,83.20161,2026-07-31 00:00:00,28.1,14.9
3265,119,Visakhapatnam,Andhra Pradesh,South,17.68009,83.20161,2026-08-01 00:00:00,27.0,11.2
3266,119,Visakhapatnam,Andhra Pradesh,South,17.68009,83.20161,2026-08-02 00:00:00,28.7,7.6
3267,119,Visakhapatnam,Andhra Pradesh,South,17.68009,83.20161,2026-08-03 00:00:00,29.5,4.7
3268,119,Visakhapatnam,Andhra Pradesh,South,17.68009,83.20161,2026-08-04 00:00:00,28.8,4.7
3269,119,Visakhapatnam,Andhra Pradesh,South,17.68009,83.20161,2026-08-05 00:00:00,30.1,5.9
3270,119,Visakhapatnam,Andhra Pradesh,South,17.68009,83.20161,2026-08-06 00:00:00,29.2,5.3
3271,119,Visakhapatnam,Andhra Pradesh,South,17.68009,83.20161,2026-08-07 00:00:00,28.0,5.9
3272,119,Visakhapatnam,Andhra Pradesh,South,17.68009,83.20161,2026-08-08 00:00:00,28.8,7.2
3273,111,Tirupati,Andhra Pradesh,South,13.63551,79.41989,2026-07-10 00:00:00,30.9,8.1
3274,111,Tirupati,Andhra Pradesh,South,13.63551,79.41989,2026-07-11 00:00:00,31.5,9.5
3275,111,Tirupati,Andhra Pradesh,South,13.63551,79.41989,2026-07-12 00:00:00,32.3,9.2
3276,111,Tirupati,Andhra Pradesh,South,13.63551,79.41989,2026-07-13 00:00:00,32.5,12.8
3277,111,Tirupati,Andhra Pradesh,South,13.63551,79.41989,2026-07-14 00:00:00,32.9,13.2
3278,111,Tirupati,Andhra Pradesh,South,13.63551,79.41989,2026-07-15 00:00:00,32.3,10.0
3279,111,Tirupati,Andhra Pradesh,South,13.63551,79.41989,2026-07-16 00:00:00,31.9,7.2
3280,111,Tirupati,Andhra Pradesh,South,13.63551,79.41989,2026-07-17 00:00:00,30.7,9.0
3281,111,Tirupati,Andhra Pradesh,South,13.63551,79.41989,2026-07-18 00:00:00,28.0,7.7
3282,111,Tirupati,Andhra Pradesh,South,13.63551,79.41989,2026-07-19 00:00:00,28.7,6.4
3283,111,Tirupati,Andhra Pradesh,South,13.63551,79.41989,2026-07-20 00:00:00,28.3,7.0
3284,111,Tirupati,Andhra Pradesh,South,13.63551,79.41989,2026-07-21 00:00:00,29.1,7.5
3285,111,Tirupati,Andhra Pradesh,South,13.63551,79.41989,2026-07-22 00:00:00,28.8,7.5
3286,111,Tirupati,Andhra Pradesh,South,13.63551,79.41989,2026-07-23 00:00:00,29.8,8.2
3287,111,Tirupati,Andhra Pradesh,South,13.63551,79.41989,2026-07-24 00:00:00,29.9,7.6
3288,111,Tirupati,Andhra Pradesh,South,13.63551,79.41989,2026-07-25 00:00:00,30.3,7.8
3289,111,Tirupati,Andhra Pradesh,South,13.63551,79.41989,2026-07-26 00:00:00,30.8,9.6
3290,111,Tirupati,Andhra Pradesh,South,13.63551,79.41989,2026-07-27 00:00:00,32.0,10.9
3291,111,Tirupati,Andhra Pradesh,South,13.63551,79.41989,2026-07-28 00:00:00,32.3,14.8
3292,111,Tirupati,Andhra Pradesh,South,13.63551,79.41989,2026-07-29 00:00:00,32.0,14.7
3293,111,Tirupati,Andhra Pradesh,South,13.63551,79.41989,2026-07-30 00:00:00,32.0,15.1
3294,111,Tirupati,Andhra Pradesh,South,13.63551,79.41989,2026-07-31 00:00:00,31.6,11.8
3295,111,Tirupati,Andhra Pradesh,South,13.63551,79.41989,2026-08-01 00:00:00,30.4,9.6
3296,111,Tirupati,Andhra Pradesh,South,13.63551,79.41989,2026-08-02 00:00:00,30.1,7.8
3297,111,Tirupati,Andhra Pradesh,South,13.63551,79.41989,2026-08-03 00:00:00,28.6,7.3
3298,111,Tirupati,Andhra Pradesh,South,13.63551,79.41989,2026-08-04 00:00:00,28.8,6.4
3299,111,Tirupati,Andhra Pradesh,South,13.63551,79.41989,2026-08-05 00:00:00,29.2,8.2
3300,111,Tirupati,Andhra Pradesh,South,13.63551,79.41989,2026-08-06 00:00:00,29.0,8.6
3301,111,Tirupati,Andhra Pradesh,South,13.63551,79.41989,2026-08-07 00:00:00,28.5,9.4
3302,111,Tirupati,Andhra Pradesh,South,13.63551,79.41989,2026-08-08 00:00:00,28.7,9.4
3303,55,Kochi,Kerala,South,9.93988,76.26022,2026-07-10 00:00:00,26.6,6.7
3304,55,Kochi,Kerala,South,9.93988,76.26022,2026-07-11 00:00:00,27.2,9.5
3305,55,Kochi,Kerala,South,9.93988,76.26022,2026-07-12 00:00:00,27.9,14.8
3306,55,Kochi,Kerala,South,9.93988,76.26022,2026-07-13 00:00:00,28.2,15.0
3307,55,Kochi,Kerala,South,9.93988,76.26022,2026-07-14 00:00:00,28.2,13.0
3308,55,Kochi,Kerala,South,9.93988,76.26022,2026-07-15 00:00:00,28.0,9.8
3309,55,Kochi,Kerala,South,9.93988,76.26022,2026-07-16 00:00:00,27.8,8.6
3310,55,Kochi,Kerala,South,9.93988,76.26022,2026-07-17 00:00:00,26.9,4.9
3311,55,Kochi,Kerala,South,9.93988,76.26022,2026-07-18 00:00:00,26.6,7.0
3312,55,Kochi,Kerala,South,9.93988,76.26022,2026-07-19 00:00:00,26.6,7.0
3313,55,Kochi,Kerala,South,9.93988,76.26022,2026-07-20 00:00:00,26.1,5.9
3314,55,Kochi,Kerala,South,9.93988,76.26022,2026-07-21 00:00:00,27.7,5.4
3315,55,Kochi,Kerala,South,9.93988,76.26022,2026-07-22 00:00:00,27.2,6.8
3316,55,Kochi,Kerala,South,9.93988,76.26022,2026-07-23 00:00:00,27.4,5.6
3317,55,Kochi,Kerala,South,9.93988,76.26022,2026-07-24 00:00:00,27.4,7.2
3318,55,Kochi,Kerala,South,9.93988,76.26022,2026-07-25 00:00:00,27.9,7.9
3319,55,Kochi,Kerala,South,9.93988,76.26022,2026-07-26 00:00:00,27.7,8.1
3320,55,Kochi,Kerala,South,9.93988,76.26022,2026-07-27 00:00:00,27.6,9.0
3321,55,Kochi,Kerala,South,9.93988,76.26022,2026-07-28 00:00:00,26.9,7.3
3322,55,Kochi,Kerala,South,9.93988,76.26022,2026-07-29 00:00:00,28.1,14.8
3323,55,Kochi,Kerala,South,9.93988,76.26022,2026-07-30 00:00:00,27.6,12.4
3324,55,Kochi,Kerala,South,9.93988,76.26022,2026-07-31 00:00:00,26.2,10.7
3325,55,Kochi,Kerala,South,9.93988,76.26022,2026-08-01 00:00:00,25.4,16.8
3326,55,Kochi,Kerala,South,9.93988,76.26022,2026-08-02 00:00:00,25.6,9.3
3327,55,Kochi,Kerala,South,9.93988,76.26022,2026-08-03 00:00:00,25.5,8.9
3328,55,Kochi,Kerala,South,9.93988,76.26022,2026-08-04 00:00:00,25.7,8.6
3329,55,Kochi,Kerala,South,9.93988,76.26022,2026-08-05 00:00:00,26.3,7.3
3330,55,Kochi,Kerala,South,9.93988,76.26022,2026-08-06 00:00:00,25.5,9.3
3331,55,Kochi,Kerala,South,9.93988,76.26022,2026-08-07 00:00:00,25.7,13.1
3332,55,Kochi,Kerala,South,9.93988,76.26022,2026-08-08 00:00:00,25.1,9.1
3333,62,Kozhikode,Kerala,South,11.24802,75.7804,2026-07-10 00:00:00,26.2,6.7
3334,62,Kozhikode,Kerala,South,11.24802,75.7804,2026-07-11 00:00:00,27.0,10.8
3335,62,Kozhikode,Kerala,South,11.24802,75.7804,2026-07-12 00:00:00,27.3,13.6
3336,62,Kozhikode,Kerala,South,11.24802,75.7804,2026-07-13 00:00:00,27.2,14.0
3337,62,Kozhikode,Kerala,South,11.24802,75.7804,2026-07-14 00:00:00,27.6,14.0
3338,62,Kozhikode,Kerala,South,11.24802,75.7804,2026-07-15 00:00:00,27.4,10.3
3339,62,Kozhikode,Kerala,South,11.24802,75.7804,2026-07-16 00:00:00,26.8,7.4
3340,62,Kozhikode,Kerala,South,11.24802,75.7804,2026-07-17 00:00:00,25.4,4.6
3341,62,Kozhikode,Kerala,South,11.24802,75.7804,2026-07-18 00:00:00,26.0,5.4
3342,62,Kozhikode,Kerala,South,11.24802,75.7804,2026-07-19 00:00:00,25.9,5.8
3343,62,Kozhikode,Kerala,South,11.24802,75.7804,2026-07-20 00:00:00,25.5,3.7
3344,62,Kozhikode,Kerala,South,11.24802,75.7804,2026-07-21 00:00:00,26.7,4.9
3345,62,Kozhikode,Kerala,South,11.24802,75.7804,2026-07-22 00:00:00,26.4,4.2
3346,62,Kozhikode,Kerala,South,11.24802,75.7804,2026-07-23 00:00:00,26.5,6.6
3347,62,Kozhikode,Kerala,South,11.24802,75.7804,2026-07-24 00:00:00,26.1,5.3
3348,62,Kozhikode,Kerala,South,11.24802,75.7804,2026-07-25 00:00:00,27.1,6.1
3349,62,Kozhikode,Kerala,South,11.24802,75.7804,2026-07-26 00:00:00,26.3,5.4
3350,62,Kozhikode,Kerala,South,11.24802,75.7804,2026-07-27 00:00:00,26.0,4.6
3351,62,Kozhikode,Kerala,South,11.24802,75.7804,2026-07-28 00:00:00,25.7,4.7
3352,62,Kozhikode,Kerala,South,11.24802,75.7804,2026-07-29 00:00:00,25.4,7.6
3353,62,Kozhikode,Kerala,South,11.24802,75.7804,2026-07-30 00:00:00,25.4,6.6
3354,62,Kozhikode,Kerala,South,11.24802,75.7804,2026-07-31 00:00:00,25.6,6.9
3355,62,Kozhikode,Kerala,South,11.24802,75.7804,2026-08-01 00:00:00,24.3,9.1
3356,62,Kozhikode,Kerala,South,11.24802,75.7804,2026-08-02 00:00:00,25.0,7.3
3357,62,Kozhikode,Kerala,South,11.24802,75.7804,2026-08-03 00:00:00,24.8,6.6
3358,62,Kozhikode,Kerala,South,11.24802,75.7804,2026-08-04 00:00:00,25.0,7.3
3359,62,Kozhikode,Kerala,South,11.24802,75.7804,2026-08-05 00:00:00,25.7,7.0
3360,62,Kozhikode,Kerala,South,11.24802,75.7804,2026-08-06 00:00:00,25.5,6.4
3361,62,Kozhikode,Kerala,South,11.24802,75.7804,2026-08-07 00:00:00,24.4,8.6
3362,62,Kozhikode,Kerala,South,11.24802,75.7804,2026-08-08 00:00:00,24.7,7.1
3363,107,Thiruvananthapuram,Kerala,South,8.4855,76.94924,2026-07-10 00:00:00,26.7,15.4
3364,107,Thiruvananthapuram,Kerala,South,8.4855,76.94924,2026-07-11 00:00:00,27.0,17.8
3365,107,Thiruvananthapuram,Kerala,South,8.4855,76.94924,2026-07-12 00:00:00,27.4,19.2
3366,107,Thiruvananthapuram,Kerala,South,8.4855,76.94924,2026-07-13 00:00:00,27.5,21.4
3367,107,Thiruvananthapuram,Kerala,South,8.4855,76.94924,2026-07-14 00:00:00,27.7,21.5
3368,107,Thiruvananthapuram,Kerala,South,8.4855,76.94924,2026-07-15 00:00:00,27.3,19.0
3369,107,Thiruvananthapuram,Kerala,South,8.4855,76.94924,2026-07-16 00:00:00,27.1,14.8
3370,107,Thiruvananthapuram,Kerala,South,8.4855,76.94924,2026-07-17 00:00:00,26.8,13.7
3371,107,Thiruvananthapuram,Kerala,South,8.4855,76.94924,2026-07-18 00:00:00,27.0,14.3
3372,107,Thiruvananthapuram,Kerala,South,8.4855,76.94924,2026-07-19 00:00:00,26.8,15.1
3373,107,Thiruvananthapuram,Kerala,South,8.4855,76.94924,2026-07-20 00:00:00,26.8,15.4
3374,107,Thiruvananthapuram,Kerala,South,8.4855,76.94924,2026-07-21 00:00:00,27.8,11.9
3375,107,Thiruvananthapuram,Kerala,South,8.4855,76.94924,2026-07-22 00:00:00,27.7,12.9
3376,107,Thiruvananthapuram,Kerala,South,8.4855,76.94924,2026-07-23 00:00:00,27.7,13.9
3377,107,Thiruvananthapuram,Kerala,South,8.4855,76.94924,2026-07-24 00:00:00,27.8,16.1
3378,107,Thiruvananthapuram,Kerala,South,8.4855,76.94924,2026-07-25 00:00:00,28.1,18.6
3379,107,Thiruvananthapuram,Kerala,South,8.4855,76.94924,2026-07-26 00:00:00,28.4,18.9
3380,107,Thiruvananthapuram,Kerala,South,8.4855,76.94924,2026-07-27 00:00:00,28.0,18.8
3381,107,Thiruvananthapuram,Kerala,South,8.4855,76.94924,2026-07-28 00:00:00,27.3,16.0
3382,107,Thiruvananthapuram,Kerala,South,8.4855,76.94924,2026-07-29 00:00:00,27.8,18.7
3383,107,Thiruvananthapuram,Kerala,South,8.4855,76.94924,2026-07-30 00:00:00,27.3,18.7
3384,107,Thiruvananthapuram,Kerala,South,8.4855,76.94924,2026-07-31 00:00:00,26.7,19.4
3385,107,Thiruvananthapuram,Kerala,South,8.4855,76.94924,2026-08-01 00:00:00,25.5,22.0
3386,107,Thiruvananthapuram,Kerala,South,8.4855,76.94924,2026-08-02 00:00:00,25.2,18.2
3387,107,Thiruvananthapuram,Kerala,South,8.4855,76.94924,2026-08-03 00:00:00,25.4,18.9
3388,107,Thiruvananthapuram,Kerala,South,8.4855,76.94924,2026-08-04 00:00:00,25.7,20.0
3389,107,Thiruvananthapuram,Kerala,South,8.4855,76.94924,2026-08-05 00:00:00,25.9,19.3
3390,107,Thiruvananthapuram,Kerala,South,8.4855,76.94924,2026-08-06 00:00:00,24.9,16.0
3391,107,Thiruvananthapuram,Kerala,South,8.4855,76.94924,2026-08-07 00:00:00,25.3,19.4
3392,107,Thiruvananthapuram,Kerala,South,8.4855,76.94924,2026-08-08 00:00:00,24.7,16.5
3393,59,Kollam,Kerala,South,8.88113,76.58469,2026-07-10 00:00:00,26.7,12.1
3394,59,Kollam,Kerala,South,8.88113,76.58469,2026-07-11 00:00:00,27.2,15.7
3395,59,Kollam,Kerala,South,8.88113,76.58469,2026-07-12 00:00:00,27.6,18.2
3396,59,Kollam,Kerala,South,8.88113,76.58469,2026-07-13 00:00:00,27.7,18.5
3397,59,Kollam,Kerala,South,8.88113,76.58469,2026-07-14 00:00:00,28.0,18.5
3398,59,Kollam,Kerala,South,8.88113,76.58469,2026-07-15 00:00:00,27.8,15.8
3399,59,Kollam,Kerala,South,8.88113,76.58469,2026-07-16 00:00:00,27.9,13.5
3400,59,Kollam,Kerala,South,8.88113,76.58469,2026-07-17 00:00:00,27.3,13.6
3401,59,Kollam,Kerala,South,8.88113,76.58469,2026-07-18 00:00:00,27.0,11.5
3402,59,Kollam,Kerala,South,8.88113,76.58469,2026-07-19 00:00:00,26.6,12.3
3403,59,Kollam,Kerala,South,8.88113,76.58469,2026-07-20 00:00:00,26.3,11.7
3404,59,Kollam,Kerala,South,8.88113,76.58469,2026-07-21 00:00:00,27.5,8.8
3405,59,Kollam,Kerala,South,8.88113,76.58469,2026-07-22 00:00:00,27.4,9.2
3406,59,Kollam,Kerala,South,8.88113,76.58469,2026-07-23 00:00:00,27.3,9.7
3407,59,Kollam,Kerala,South,8.88113,76.58469,2026-07-24 00:00:00,27.5,11.8
3408,59,Kollam,Kerala,South,8.88113,76.58469,2026-07-25 00:00:00,28.0,13.6
3409,59,Kollam,Kerala,South,8.88113,76.58469,2026-07-26 00:00:00,28.1,14.2
3410,59,Kollam,Kerala,South,8.88113,76.58469,2026-07-27 00:00:00,27.7,14.7
3411,59,Kollam,Kerala,South,8.88113,76.58469,2026-07-28 00:00:00,27.3,12.9
3412,59,Kollam,Kerala,South,8.88113,76.58469,2026-07-29 00:00:00,27.9,17.6
3413,59,Kollam,Kerala,South,8.88113,76.58469,2026-07-30 00:00:00,27.4,16.9
3414,59,Kollam,Kerala,South,8.88113,76.58469,2026-07-31 00:00:00,26.2,14.2
3415,59,Kollam,Kerala,South,8.88113,76.58469,2026-08-01 00:00:00,25.5,19.8
3416,59,Kollam,Kerala,South,8.88113,76.58469,2026-08-02 00:00:00,25.4,14.4
3417,59,Kollam,Kerala,South,8.88113,76.58469,2026-08-03 00:00:00,26.0,16.8
3418,59,Kollam,Kerala,South,8.88113,76.58469,2026-08-04 00:00:00,25.8,14.9
3419,59,Kollam,Kerala,South,8.88113,76.58469,2026-08-05 00:00:00,26.1,14.7
3420,59,Kollam,Kerala,South,8.88113,76.58469,2026-08-06 00:00:00,25.1,15.5
3421,59,Kollam,Kerala,South,8.88113,76.58469,2026-08-07 00:00:00,25.5,16.7
3422,59,Kollam,Kerala,South,8.88113,76.58469,2026-08-08 00:00:00,25.3,12.8
3423,53,Kannur,Kerala,South,11.86752,75.35763,2026-07-10 00:00:00,26.0,6.0
3424,53,Kannur,Kerala,South,11.86752,75.35763,2026-07-11 00:00:00,27.3,11.7
3425,53,Kannur,Kerala,South,11.86752,75.35763,2026-07-12 00:00:00,27.4,14.0
3426,53,Kannur,Kerala,South,11.86752,75.35763,2026-07-13 00:00:00,27.4,14.5
3427,53,Kannur,Kerala,South,11.86752,75.35763,2026-07-14 00:00:00,27.6,13.4
3428,53,Kannur,Kerala,South,11.86752,75.35763,2026-07-15 00:00:00,27.6,9.8
3429,53,Kannur,Kerala,South,11.86752,75.35763,2026-07-16 00:00:00,26.9,5.9
3430,53,Kannur,Kerala,South,11.86752,75.35763,2026-07-17 00:00:00,25.0,4.7
3431,53,Kannur,Kerala,South,11.86752,75.35763,2026-07-18 00:00:00,25.6,6.9
3432,53,Kannur,Kerala,South,11.86752,75.35763,2026-07-19 00:00:00,25.6,6.3
3433,53,Kannur,Kerala,South,11.86752,75.35763,2026-07-20 00:00:00,25.0,7.0
3434,53,Kannur,Kerala,South,11.86752,75.35763,2026-07-21 00:00:00,26.0,6.3
3435,53,Kannur,Kerala,South,11.86752,75.35763,2026-07-22 00:00:00,25.5,6.0
3436,53,Kannur,Kerala,South,11.86752,75.35763,2026-07-23 00:00:00,26.1,8.0
3437,53,Kannur,Kerala,South,11.86752,75.35763,2026-07-24 00:00:00,26.0,7.4
3438,53,Kannur,Kerala,South,11.86752,75.35763,2026-07-25 00:00:00,26.3,6.3
3439,53,Kannur,Kerala,South,11.86752,75.35763,2026-07-26 00:00:00,26.2,5.2
3440,53,Kannur,Kerala,South,11.86752,75.35763,2026-07-27 00:00:00,25.9,6.2
3441,53,Kannur,Kerala,South,11.86752,75.35763,2026-07-28 00:00:00,25.5,5.6
3442,53,Kannur,Kerala,South,11.86752,75.35763,2026-07-29 00:00:00,25.6,7.9
3443,53,Kannur,Kerala,South,11.86752,75.35763,2026-07-30 00:00:00,25.7,11.0
3444,53,Kannur,Kerala,South,11.86752,75.35763,2026-07-31 00:00:00,25.0,5.8
3445,53,Kannur,Kerala,South,11.86752,75.35763,2026-08-01 00:00:00,24.4,7.0
3446,53,Kannur,Kerala,South,11.86752,75.35763,2026-08-02 00:00:00,25.1,7.1
3447,53,Kannur,Kerala,South,11.86752,75.35763,2026-08-03 00:00:00,24.7,6.1
3448,53,Kannur,Kerala,South,11.86752,75.35763,2026-08-04 00:00:00,24.9,7.7
3449,53,Kannur,Kerala,South,11.86752,75.35763,2026-08-05 00:00:00,25.4,4.7
3450,53,Kannur,Kerala,South,11.86752,75.35763,2026-08-06 00:00:00,25.6,6.5
3451,53,Kannur,Kerala,South,11.86752,75.35763,2026-08-07 00:00:00,24.4,10.4
3452,53,Kannur,Kerala,South,11.86752,75.35763,2026-08-08 00:00:00,25.3,7.8
3453,117,Vijayapura,Karnataka,South,13.29724,77.80184,2026-07-10 00:00:00,25.2,15.5
3454,117,Vijayapura,Karnataka,South,13.29724,77.80184,2026-07-11 00:00:00,25.5,18.5
3455,117,Vijayapura,Karnataka,South,13.29724,77.80184,2026-07-12 00:00:00,25.8,18.8
3456,117,Vijayapura,Karnataka,South,13.29724,77.80184,2026-07-13 00:00:00,25.9,18.6
3457,117,Vijayapura,Karnataka,South,13.29724,77.80184,2026-07-14 00:00:00,25.7,16.6
3458,117,Vijayapura,Karnataka,South,13.29724,77.80184,2026-07-15 00:00:00,25.4,16.3
3459,117,Vijayapura,Karnataka,South,13.29724,77.80184,2026-07-16 00:00:00,25.2,14.9
3460,117,Vijayapura,Karnataka,South,13.29724,77.80184,2026-07-17 00:00:00,23.1,16.3
3461,117,Vijayapura,Karnataka,South,13.29724,77.80184,2026-07-18 00:00:00,24.5,19.1
3462,117,Vijayapura,Karnataka,South,13.29724,77.80184,2026-07-19 00:00:00,24.7,16.7
3463,117,Vijayapura,Karnataka,South,13.29724,77.80184,2026-07-20 00:00:00,23.9,17.7
3464,117,Vijayapura,Karnataka,South,13.29724,77.80184,2026-07-21 00:00:00,24.9,17.5
3465,117,Vijayapura,Karnataka,South,13.29724,77.80184,2026-07-22 00:00:00,23.9,19.8
3466,117,Vijayapura,Karnataka,South,13.29724,77.80184,2026-07-23 00:00:00,25.2,20.2
3467,117,Vijayapura,Karnataka,South,13.29724,77.80184,2026-07-24 00:00:00,24.7,19.2
3468,117,Vijayapura,Karnataka,South,13.29724,77.80184,2026-07-25 00:00:00,24.4,18.4
3469,117,Vijayapura,Karnataka,South,13.29724,77.80184,2026-07-26 00:00:00,24.7,20.5
3470,117,Vijayapura,Karnataka,South,13.29724,77.80184,2026-07-27 00:00:00,25.0,21.2
3471,117,Vijayapura,Karnataka,South,13.29724,77.80184,2026-07-28 00:00:00,24.9,23.3
3472,117,Vijayapura,Karnataka,South,13.29724,77.80184,2026-07-29 00:00:00,25.1,25.2
3473,117,Vijayapura,Karnataka,South,13.29724,77.80184,2026-07-30 00:00:00,24.9,25.9
3474,117,Vijayapura,Karnataka,South,13.29724,77.80184,2026-07-31 00:00:00,25.0,24.1
3475,117,Vijayapura,Karnataka,South,13.29724,77.80184,2026-08-01 00:00:00,24.0,19.2
3476,117,Vijayapura,Karnataka,South,13.29724,77.80184,2026-08-02 00:00:00,25.3,20.2
3477,117,Vijayapura,Karnataka,South,13.29724,77.80184,2026-08-03 00:00:00,24.3,18.1
3478,117,Vijayapura,Karnataka,South,13.29724,77.80184,2026-08-04 00:00:00,23.5,17.7
3479,117,Vijayapura,Karnataka,South,13.29724,77.80184,2026-08-05 00:00:00,23.8,19.2
3480,117,Vijayapura,Karnataka,South,13.29724,77.80184,2026-08-06 00:00:00,23.5,18.6
3481,117,Vijayapura,Karnataka,South,13.29724,77.80184,2026-08-07 00:00:00,22.8,19.9
3482,117,Vijayapura,Karnataka,South,13.29724,77.80184,2026-08-08 00:00:00,23.3,19.5
3483,63,Kurnool,Andhra Pradesh,South,15.82887,78.03602,2026-07-10 00:00:00,30.2,17.2
3484,63,Kurnool,Andhra Pradesh,South,15.82887,78.03602,2026-07-11 00:00:00,30.8,19.2
3485,63,Kurnool,Andhra Pradesh,South,15.82887,78.03602,2026-07-12 00:00:00,31.0,19.8
3486,63,Kurnool,Andhra Pradesh,South,15.82887,78.03602,2026-07-13 00:00:00,31.5,19.3
3487,63,Kurnool,Andhra Pradesh,South,15.82887,78.03602,2026-07-14 00:00:00,31.6,16.1
3488,63,Kurnool,Andhra Pradesh,South,15.82887,78.03602,2026-07-15 00:00:00,31.3,17.2
3489,63,Kurnool,Andhra Pradesh,South,15.82887,78.03602,2026-07-16 00:00:00,30.1,14.7
3490,63,Kurnool,Andhra Pradesh,South,15.82887,78.03602,2026-07-17 00:00:00,27.8,11.6
3491,63,Kurnool,Andhra Pradesh,South,15.82887,78.03602,2026-07-18 00:00:00,27.8,14.0
3492,63,Kurnool,Andhra Pradesh,South,15.82887,78.03602,2026-07-19 00:00:00,27.8,13.6
3493,63,Kurnool,Andhra Pradesh,South,15.82887,78.03602,2026-07-20 00:00:00,27.0,15.8
3494,63,Kurnool,Andhra Pradesh,South,15.82887,78.03602,2026-07-21 00:00:00,27.4,16.8
3495,63,Kurnool,Andhra Pradesh,South,15.82887,78.03602,2026-07-22 00:00:00,26.7,14.6
3496,63,Kurnool,Andhra Pradesh,South,15.82887,78.03602,2026-07-23 00:00:00,28.3,18.3
3497,63,Kurnool,Andhra Pradesh,South,15.82887,78.03602,2026-07-24 00:00:00,28.3,18.1
3498,63,Kurnool,Andhra Pradesh,South,15.82887,78.03602,2026-07-25 00:00:00,28.7,17.0
3499,63,Kurnool,Andhra Pradesh,South,15.82887,78.03602,2026-07-26 00:00:00,29.3,17.5
3500,63,Kurnool,Andhra Pradesh,South,15.82887,78.03602,2026-07-27 00:00:00,29.0,17.3
3501,63,Kurnool,Andhra Pradesh,South,15.82887,78.03602,2026-07-28 00:00:00,28.9,20.1
3502,63,Kurnool,Andhra Pradesh,South,15.82887,78.03602,2026-07-29 00:00:00,26.8,19.8
3503,63,Kurnool,Andhra Pradesh,South,15.82887,78.03602,2026-07-30 00:00:00,27.1,20.2
3504,63,Kurnool,Andhra Pradesh,South,15.82887,78.03602,2026-07-31 00:00:00,28.3,20.1
3505,63,Kurnool,Andhra Pradesh,South,15.82887,78.03602,2026-08-01 00:00:00,29.1,16.7
3506,63,Kurnool,Andhra Pradesh,South,15.82887,78.03602,2026-08-02 00:00:00,28.9,14.9
3507,63,Kurnool,Andhra Pradesh,South,15.82887,78.03602,2026-08-03 00:00:00,27.6,14.0
3508,63,Kurnool,Andhra Pradesh,South,15.82887,78.03602,2026-08-04 00:00:00,27.7,13.3
3509,63,Kurnool,Andhra Pradesh,South,15.82887,78.03602,2026-08-05 00:00:00,28.2,16.1
3510,63,Kurnool,Andhra Pradesh,South,15.82887,78.03602,2026-08-06 00:00:00,27.8,15.3
3511,63,Kurnool,Andhra Pradesh,South,15.82887,78.03602,2026-08-07 00:00:00,28.1,16.8
3512,63,Kurnool,Andhra Pradesh,South,15.82887,78.03602,2026-08-08 00:00:00,28.1,17.8
3513,79,Nellore,Andhra Pradesh,South,14.44992,79.98697,2026-07-10 00:00:00,31.3,12.8
3514,79,Nellore,Andhra Pradesh,South,14.44992,79.98697,2026-07-11 00:00:00,32.7,14.2
3515,79,Nellore,Andhra Pradesh,South,14.44992,79.98697,2026-07-12 00:00:00,33.1,14.3
3516,79,Nellore,Andhra Pradesh,South,14.44992,79.98697,2026-07-13 00:00:00,33.6,14.4
3517,79,Nellore,Andhra Pradesh,South,14.44992,79.98697,2026-07-14 00:00:00,33.9,16.5
3518,79,Nellore,Andhra Pradesh,South,14.44992,79.98697,2026-07-15 00:00:00,33.6,14.4
3519,79,Nellore,Andhra Pradesh,South,14.44992,79.98697,2026-07-16 00:00:00,32.4,12.5
3520,79,Nellore,Andhra Pradesh,South,14.44992,79.98697,2026-07-17 00:00:00,30.9,13.8
3521,79,Nellore,Andhra Pradesh,South,14.44992,79.98697,2026-07-18 00:00:00,29.2,11.9
3522,79,Nellore,Andhra Pradesh,South,14.44992,79.98697,2026-07-19 00:00:00,30.0,12.2
3523,79,Nellore,Andhra Pradesh,South,14.44992,79.98697,2026-07-20 00:00:00,29.3,12.8
3524,79,Nellore,Andhra Pradesh,South,14.44992,79.98697,2026-07-21 00:00:00,31.2,13.8
3525,79,Nellore,Andhra Pradesh,South,14.44992,79.98697,2026-07-22 00:00:00,31.9,12.9
3526,79,Nellore,Andhra Pradesh,South,14.44992,79.98697,2026-07-23 00:00:00,31.3,11.6
3527,79,Nellore,Andhra Pradesh,South,14.44992,79.98697,2026-07-24 00:00:00,30.9,13.0
3528,79,Nellore,Andhra Pradesh,South,14.44992,79.98697,2026-07-25 00:00:00,32.1,12.5
3529,79,Nellore,Andhra Pradesh,South,14.44992,79.98697,2026-07-26 00:00:00,32.9,15.2
3530,79,Nellore,Andhra Pradesh,South,14.44992,79.98697,2026-07-27 00:00:00,32.5,16.2
3531,79,Nellore,Andhra Pradesh,South,14.44992,79.98697,2026-07-28 00:00:00,32.2,14.9
3532,79,Nellore,Andhra Pradesh,South,14.44992,79.98697,2026-07-29 00:00:00,31.0,14.8
3533,79,Nellore,Andhra Pradesh,South,14.44992,79.98697,2026-07-30 00:00:00,30.8,13.5
3534,79,Nellore,Andhra Pradesh,South,14.44992,79.98697,2026-07-31 00:00:00,31.1,11.8
3535,79,Nellore,Andhra Pradesh,South,14.44992,79.98697,2026-08-01 00:00:00,30.4,10.1
3536,79,Nellore,Andhra Pradesh,South,14.44992,79.98697,2026-08-02 00:00:00,30.7,10.9
3537,79,Nellore,Andhra Pradesh,South,14.44992,79.98697,2026-08-03 00:00:00,30.4,11.8
3538,79,Nellore,Andhra Pradesh,South,14.44992,79.98697,2026-08-04 00:00:00,30.4,12.1
3539,79,Nellore,Andhra Pradesh,South,14.44992,79.98697,2026-08-05 00:00:00,29.9,12.2
3540,79,Nellore,Andhra Pradesh,South,14.44992,79.98697,2026-08-06 00:00:00,30.1,14.2
3541,79,Nellore,Andhra Pradesh,South,14.44992,79.98697,2026-08-07 00:00:00,29.3,14.4
3542,79,Nellore,Andhra Pradesh,South,14.44992,79.98697,2026-08-08 00:00:00,29.5,14.0
3543,87,Puducherry,Puducherry,South,11.93381,79.82979,2026-07-10 00:00:00,30.4,11.0
3544,87,Puducherry,Puducherry,South,11.93381,79.82979,2026-07-11 00:00:00,31.3,13.6
3545,87,Puducherry,Puducherry,South,11.93381,79.82979,2026-07-12 00:00:00,32.3,14.5
3546,87,Puducherry,Puducherry,South,11.93381,79.82979,2026-07-13 00:00:00,32.2,17.0
3547,87,Puducherry,Puducherry,South,11.93381,79.82979,2026-07-14 00:00:00,32.0,14.5
3548,87,Puducherry,Puducherry,South,11.93381,79.82979,2026-07-15 00:00:00,31.9,17.7
3549,87,Puducherry,Puducherry,South,11.93381,79.82979,2026-07-16 00:00:00,31.5,16.0
3550,87,Puducherry,Puducherry,South,11.93381,79.82979,2026-07-17 00:00:00,30.7,13.0
3551,87,Puducherry,Puducherry,South,11.93381,79.82979,2026-07-18 00:00:00,30.1,12.1
3552,87,Puducherry,Puducherry,South,11.93381,79.82979,2026-07-19 00:00:00,30.0,12.0
3553,87,Puducherry,Puducherry,South,11.93381,79.82979,2026-07-20 00:00:00,30.4,12.5
3554,87,Puducherry,Puducherry,South,11.93381,79.82979,2026-07-21 00:00:00,30.3,12.5
3555,87,Puducherry,Puducherry,South,11.93381,79.82979,2026-07-22 00:00:00,30.0,12.3
3556,87,Puducherry,Puducherry,South,11.93381,79.82979,2026-07-23 00:00:00,30.2,13.6
3557,87,Puducherry,Puducherry,South,11.93381,79.82979,2026-07-24 00:00:00,30.9,13.9
3558,87,Puducherry,Puducherry,South,11.93381,79.82979,2026-07-25 00:00:00,30.8,14.3
3559,87,Puducherry,Puducherry,South,11.93381,79.82979,2026-07-26 00:00:00,31.2,12.4
3560,87,Puducherry,Puducherry,South,11.93381,79.82979,2026-07-27 00:00:00,31.3,14.7
3561,87,Puducherry,Puducherry,South,11.93381,79.82979,2026-07-28 00:00:00,31.4,13.8
3562,87,Puducherry,Puducherry,South,11.93381,79.82979,2026-07-29 00:00:00,32.3,13.5
3563,87,Puducherry,Puducherry,South,11.93381,79.82979,2026-07-30 00:00:00,31.4,14.1
3564,87,Puducherry,Puducherry,South,11.93381,79.82979,2026-07-31 00:00:00,31.0,13.4
3565,87,Puducherry,Puducherry,South,11.93381,79.82979,2026-08-01 00:00:00,31.0,11.0
3566,87,Puducherry,Puducherry,South,11.93381,79.82979,2026-08-02 00:00:00,29.8,8.8
3567,87,Puducherry,Puducherry,South,11.93381,79.82979,2026-08-03 00:00:00,29.2,9.7
3568,87,Puducherry,Puducherry,South,11.93381,79.82979,2026-08-04 00:00:00,29.6,11.0
3569,87,Puducherry,Puducherry,South,11.93381,79.82979,2026-08-05 00:00:00,29.7,11.3
3570,87,Puducherry,Puducherry,South,11.93381,79.82979,2026-08-06 00:00:00,29.9,12.0
3571,87,Puducherry,Puducherry,South,11.93381,79.82979,2026-08-07 00:00:00,28.9,11.9
3572,87,Puducherry,Puducherry,South,11.93381,79.82979,2026-08-08 00:00:00,28.7,12.0
3573,85,Port Blair,Andaman and Nicobar Islands,South,11.66613,92.74635,2026-07-10 00:00:00,28.9,18.9
3574,85,Port Blair,Andaman and Nicobar Islands,South,11.66613,92.74635,2026-07-11 00:00:00,28.6,23.2
3575,85,Port Blair,Andaman and Nicobar Islands,South,11.66613,92.74635,2026-07-12 00:00:00,28.6,23.3
3576,85,Port Blair,Andaman and Nicobar Islands,South,11.66613,92.74635,2026-07-13 00:00:00,28.3,23.4
3577,85,Port Blair,Andaman and Nicobar Islands,South,11.66613,92.74635,2026-07-14 00:00:00,28.8,25.9
3578,85,Port Blair,Andaman and Nicobar Islands,South,11.66613,92.74635,2026-07-15 00:00:00,27.4,21.0
3579,85,Port Blair,Andaman and Nicobar Islands,South,11.66613,92.74635,2026-07-16 00:00:00,27.9,18.0
3580,85,Port Blair,Andaman and Nicobar Islands,South,11.66613,92.74635,2026-07-17 00:00:00,28.1,15.1
3581,85,Port Blair,Andaman and Nicobar Islands,South,11.66613,92.74635,2026-07-18 00:00:00,28.5,13.6
3582,85,Port Blair,Andaman and Nicobar Islands,South,11.66613,92.74635,2026-07-19 00:00:00,28.4,13.0
3583,85,Port Blair,Andaman and Nicobar Islands,South,11.66613,92.74635,2026-07-20 00:00:00,28.5,15.2
3584,85,Port Blair,Andaman and Nicobar Islands,South,11.66613,92.74635,2026-07-21 00:00:00,28.5,15.3
3585,85,Port Blair,Andaman and Nicobar Islands,South,11.66613,92.74635,2026-07-22 00:00:00,28.4,15.4
3586,85,Port Blair,Andaman and Nicobar Islands,South,11.66613,92.74635,2026-07-23 00:00:00,27.9,14.8
3587,85,Port Blair,Andaman and Nicobar Islands,South,11.66613,92.74635,2026-07-24 00:00:00,28.5,17.0
3588,85,Port Blair,Andaman and Nicobar Islands,South,11.66613,92.74635,2026-07-25 00:00:00,28.9,19.1
3589,85,Port Blair,Andaman and Nicobar Islands,South,11.66613,92.74635,2026-07-26 00:00:00,28.6,22.2
3590,85,Port Blair,Andaman and Nicobar Islands,South,11.66613,92.74635,2026-07-27 00:00:00,28.1,21.5
3591,85,Port Blair,Andaman and Nicobar Islands,South,11.66613,92.74635,2026-07-28 00:00:00,28.8,22.9
3592,85,Port Blair,Andaman and Nicobar Islands,South,11.66613,92.74635,2026-07-29 00:00:00,28.4,19.2
3593,85,Port Blair,Andaman and Nicobar Islands,South,11.66613,92.74635,2026-07-30 00:00:00,27.8,17.5
3594,85,Port Blair,Andaman and Nicobar Islands,South,11.66613,92.74635,2026-07-31 00:00:00,27.9,16.0
3595,85,Port Blair,Andaman and Nicobar Islands,South,11.66613,92.74635,2026-08-01 00:00:00,27.7,15.3
3596,85,Port Blair,Andaman and Nicobar Islands,South,11.66613,92.74635,2026-08-02 00:00:00,27.7,12.6
3597,85,Port Blair,Andaman and Nicobar Islands,South,11.66613,92.74635,2026-08-03 00:00:00,27.3,9.9
3598,85,Port Blair,Andaman and Nicobar Islands,South,11.66613,92.74635,2026-08-04 00:00:00,27.3,7.8
3599,85,Port Blair,Andaman and Nicobar Islands,South,11.66613,92.74635,2026-08-05 00:00:00,27.0,12.3
3600,85,Port Blair,Andaman and Nicobar Islands,South,11.66613,92.74635,2026-08-06 00:00:00,26.2,11.7
3601,85,Port Blair,Andaman and Nicobar Islands,South,11.66613,92.74635,2026-08-07 00:00:00,26.7,15.5
3602,85,Port Blair,Andaman and Nicobar Islands,South,11.66613,92.74635,2026-08-08 00:00:00,27.2,19.6
