1,Guwahati,Assam,Northeast,26.1844,91.7458,2026-07-10 00:00:00,28.5,3.7
3,New Delhi,Delhi,North,28.62137,77.2148,2026-07-10 00:00:00,29.4,6.7
4,New Delhi,Delhi,North,28.62137,77.2148,2026-07-11 00:00:00,31,4.6
5,New Delhi,Delhi,North,28.62137,77.2148,2026-07-12 00:00:00,32.1,7.6
6,New Delhi,Delhi,North,28.62137,77.2148,2026-07-13 00:00:00,32.3,7.6
7,New Delhi,Delhi,North,28.62137,77.2148,2026-07-14 00:00:00,31,7.5
8,New Delhi,Delhi,North,28.62137,77.2148,2026-07-15 00:00:00,31.5,6.3
9,New Delhi,Delhi,North,28.62137,77.2148,2026-07-16 00:00:00,34,7.3
10,New Delhi,Delhi,North,28.62137,77.2148,2026-07-17 00:00:00,34.3,5.9
11,New Delhi,Delhi,North,28.62137,77.2148,2026-07-18 00:00:00,33.8,7.4
12,New Delhi,Delhi,North,28.62137,77.2148,2026-07-19 00:00:00,33.1,6.5
13,New Delhi,Delhi,North,28.62137,77.2148,2026-07-20 00:00:00,28.9,5.1
14,New Delhi,Delhi,North,28.62137,77.2148,2026-07-21 00:00:00,27.6,7.5
15,New Delhi,Delhi,North,28.62137,77.2148,2026-07-22 00:00:00,28.6,10.3
16,New Delhi,Delhi,North,28.62137,77.2148,2026-07-23 00:00:00,29,10.7
17,New Delhi,Delhi,North,28.62137,77.2148,2026-07-24 00:00:00,28.7,10.1
18,New Delhi,Delhi,North,28.62137,77.2148,2026-07-25 00:00:00,29.4,10
19,New Delhi,Delhi,North,28.62137,77.2148,2026-07-26 00:00:00,30.8,3.9
20,New Delhi,Delhi,North,28.62137,77.2148,2026-07-27 00:00:00,31.9,3.4
21,New Delhi,Delhi,North,28.62137,77.2148,2026-07-28 00:00:00,28.2,6.8
22,New Delhi,Delhi,North,28.62137,77.2148,2026-07-29 00:00:00,29.6,3
23,New Delhi,Delhi,North,28.62137,77.2148,2026-07-30 00:00:00,29.8,6.7
24,New Delhi,Delhi,North,28.62137,77.2148,2026-07-31 00:00:00,29.9,10.5
25,New Delhi,Delhi,North,28.62137,77.2148,2026-08-01 00:00:00,29.5,9.8
26,New Delhi,Delhi,North,28.62137,77.2148,2026-08-02 00:00:00,29.4,7.6
27,New Delhi,Delhi,North,28.62137,77.2148,2026-08-03 00:00:00,29.3,5.9
28,New Delhi,Delhi,North,28.62137,77.2148,2026-08-04 00:00:00,27.7,4.1
29,New Delhi,Delhi,North,28.62137,77.2148,2026-08-05 00:00:00,29.1,4
30,New Delhi,Delhi,North,28.62137,77.2148,2026-08-06 00:00:00,27.2,5.1
31,New Delhi,Delhi,North,28.62137,77.2148,2026-08-07 00:00:00,26.6,8.8
32,New Delhi,Delhi,North,28.62137,77.2148,2026-08-08 00:00:00,28.2,7.8
33,Chandigarh,Chandigarh,North,30.73629,76.7884,2026-07-10 00:00:00,26.7,4.1
34,Chandigarh,Chandigarh,North,30.73629,76.7884,2026-07-11 00:00:00,28.4,5.2
35,Chandigarh,Chandigarh,North,30.73629,76.7884,2026-07-12 00:00:00,28.8,7.8
36,Chandigarh,Chandigarh,North,30.73629,76.7884,2026-07-13 00:00:00,29.9,8.2
37,Chandigarh,Chandigarh,North,30.73629,76.7884,2026-07-14 00:00:00,30.3,6.8
38,Chandigarh,Chandigarh,North,30.73629,76.7884,2026-07-15 00:00:00,30.6,8.4
39,Chandigarh,Chandigarh,North,30.73629,76.7884,2026-07-16 00:00:00,30.8,8
40,Chandigarh,Chandigarh,North,30.73629,76.7884,2026-07-17 00:00:00,31.1,8.4
41,Chandigarh,Chandigarh,North,30.73629,76.7884,2026-07-18 00:00:00,31.4,6.5
42,Chandigarh,Chandigarh,North,30.73629,76.7884,2026-07-19 00:00:00,30.5,7.1
43,Chandigarh,Chandigarh,North,30.73629,76.7884,2026-07-20 00:00:00,27.5,10
44,Chandigarh,Chandigarh,North,30.73629,76.7884,2026-07-21 00:00:00,27.4,9.1
45,Chandigarh,Chandigarh,North,30.73629,76.7884,2026-07-22 00:00:00,28.5,11.8
46,Chandigarh,Chandigarh,North,30.73629,76.7884,2026-07-23 00:00:00,28.4,8.3
47,Chandigarh,Chandigarh,North,30.73629,76.7884,2026-07-24 00:00:00,29.3,6.9
48,Chandigarh,Chandigarh,North,30.73629,76.7884,2026-07-25 00:00:00,28.8,13
49,Chandigarh,Chandigarh,North,30.73629,76.7884,2026-07-26 00:00:00,30.1,3.7
50,Chandigarh,Chandigarh,North,30.73629,76.7884,2026-07-27 00:00:00,29.1,5.2
51,Chandigarh,Chandigarh,North,30.73629,76.7884,2026-07-28 00:00:00,26.2,8.4
52,Chandigarh,Chandigarh,North,30.73629,76.7884,2026-07-29 00:00:00,28.9,5.8
53,Chandigarh,Chandigarh,North,30.73629,76.7884,2026-07-30 00:00:00,28.6,9.9
54,Chandigarh,Chandigarh,North,30.73629,76.7884,2026-07-31 00:00:00,29,10.5
55,Chandigarh,Chandigarh,North,30.73629,76.7884,2026-08-01 00:00:00,29.1,7.8
56,Chandigarh,Chandigarh,North,30.73629,76.7884,2026-08-02 00:00:00,29.5,6.3
57,Chandigarh,Chandigarh,North,30.73629,76.7884,2026-08-03 00:00:00,29.2,7.6
58,Chandigarh,Chandigarh,North,30.73629,76.7884,2026-08-04 00:00:00,27.1,5.6
59,Chandigarh,Chandigarh,North,30.73629,76.7884,2026-08-05 00:00:00,28.2,4.6
60,Chandigarh,Chandigarh,North,30.73629,76.7884,2026-08-06 00:00:00,26.4,8.5
61,Chandigarh,Chandigarh,North,30.73629,76.7884,2026-08-07 00:00:00,27.7,6
62,Chandigarh,Chandigarh,North,30.73629,76.7884,2026-08-08 00:00:00,28.2,6.5
63,Amritsar,Punjab,North,31.62234,74.87534,2026-07-10 00:00:00,29.9,6.9
64,Amritsar,Punjab,North,31.62234,74.87534,2026-07-11 00:00:00,28.8,8.4
65,Amritsar,Punjab,North,31.62234,74.87534,2026-07-12 00:00:00,27.1,5.9
66,Amritsar,Punjab,North,31.62234,74.87534,2026-07-13 00:00:00,29,3.3
67,Amritsar,Punjab,North,31.62234,74.87534,2026-07-14 00:00:00,30.6,3.7
68,Amritsar,Punjab,North,31.62234,74.87534,2026-07-15 00:00:00,30.4,4.4
69,Amritsar,Punjab,North,31.62234,74.87534,2026-07-16 00:00:00,31.7,3.3
70,Amritsar,Punjab,North,31.62234,74.87534,2026-07-17 00:00:00,32.2,6.1
71,Amritsar,Punjab,North,31.62234,74.87534,2026-07-18 00:00:00,32.6,4.4
72,Amritsar,Punjab,North,31.62234,74.87534,2026-07-19 00:00:00,31.5,7
73,Amritsar,Punjab,North,31.62234,74.87534,2026-07-20 00:00:00,29.5,9.4
74,Amritsar,Punjab,North,31.62234,74.87534,2026-07-21 00:00:00,27.2,11.1
75,Amritsar,Punjab,North,31.62234,74.87534,2026-07-22 00:00:00,26.6,11.6
76,Amritsar,Punjab,North,31.62234,74.87534,2026-07-23 00:00:00,26.7,9.9
77,Amritsar,Punjab,North,31.62234,74.87534,2026-07-24 00:00:00,28.9,7
78,Amritsar,Punjab,North,31.62234,74.87534,2026-07-25 00:00:00,27.9,9.5
79,Amritsar,Punjab,North,31.62234,74.87534,2026-07-26 00:00:00,30.2,3.9
80,Amritsar,Punjab,North,31.62234,74.87534,2026-07-27 00:00:00,31.2,3.9
81,Amritsar,Punjab,North,31.62234,74.87534,2026-07-28 00:00:00,30.2,8.7
82,Amritsar,Punjab,North,31.62234,74.87534,2026-07-29 00:00:00,28.3,7.2
83,Amritsar,Punjab,North,31.62234,74.87534,2026-07-30 00:00:00,29.5,7.6
84,Amritsar,Punjab,North,31.62234,74.87534,2026-07-31 00:00:00,28.3,9.6
85,Amritsar,Punjab,North,31.62234,74.87534,2026-08-01 00:00:00,29.4,7.8
86,Amritsar,Punjab,North,31.62234,74.87534,2026-08-02 00:00:00,30.5,6.8
87,Amritsar,Punjab,North,31.62234,74.87534,2026-08-03 00:00:00,29.9,5.7
88,Amritsar,Punjab,North,31.62234,74.87534,2026-08-04 00:00:00,29.1,4.6
89,Amritsar,Punjab,North,31.62234,74.87534,2026-08-05 00:00:00,29.7,4.4
90,Amritsar,Punjab,North,31.62234,74.87534,2026-08-06 00:00:00,29.2,7.6
91,Amritsar,Punjab,North,31.62234,74.87534,2026-08-07 00:00:00,28.7,6.7
92,Amritsar,Punjab,North,31.62234,74.87534,2026-08-08 00:00:00,27.8,5.9
93,Ludhiana,Punjab,North,30.91204,75.85379,2026-07-10 00:00:00,29.2,6.4
94,Ludhiana,Punjab,North,30.91204,75.85379,2026-07-11 00:00:00,29,5.2
95,Ludhiana,Punjab,North,30.91204,75.85379,2026-07-12 00:00:00,29.6,7.2
96,Ludhiana,Punjab,North,30.91204,75.85379,2026-07-13 00:00:00,29.7,4.9
97,Ludhiana,Punjab,North,30.91204,75.85379,2026-07-14 00:00:00,31.2,5.5
98,Ludhiana,Punjab,North,30.91204,75.85379,2026-07-15 00:00:00,31.5,6
99,Ludhiana,Punjab,North,30.91204,75.85379,2026-07-16 00:00:00,32.1,5.6
100,Ludhiana,Punjab,North,30.91204,75.85379,2026-07-17 00:00:00,33.2,5.8
101,Ludhiana,Punjab,North,30.91204,75.85379,2026-07-18 00:00:00,33.6,5.5
102,Ludhiana,Punjab,North,30.91204,75.85379,2026-07-19 00:00:00,32.3,6.2
103,Ludhiana,Punjab,North,30.91204,75.85379,2026-07-20 00:00:00,28.9,8.2
104,Ludhiana,Punjab,North,30.91204,75.85379,2026-07-21 00:00:00,28.7,10.9
105,Ludhiana,Punjab,North,30.91204,75.85379,2026-07-22 00:00:00,27.5,10.2
106,Ludhiana,Punjab,North,30.91204,75.85379,2026-07-23 00:00:00,28.2,6.5
107,Ludhiana,Punjab,North,30.91204,75.85379,2026-07-24 00:00:00,29.8,7.7
108,Ludhiana,Punjab,North,30.91204,75.85379,2026-07-25 00:00:00,28.7,10.8
109,Ludhiana,Punjab,North,30.91204,75.85379,2026-07-26 00:00:00,30.8,4.5
110,Ludhiana,Punjab,North,30.91204,75.85379,2026-07-27 00:00:00,32.2,4.8
111,Ludhiana,Punjab,North,30.91204,75.85379,2026-07-28 00:00:00,29.1,9.8
112,Ludhiana,Punjab,North,30.91204,75.85379,2026-07-29 00:00:00,29.8,5.6
113,Ludhiana,Punjab,North,30.91204,75.85379,2026-07-30 00:00:00,28.4,7
114,Ludhiana,Punjab,North,30.91204,75.85379,2026-07-31 00:00:00,29.7,10.3
115,Ludhiana,Punjab,North,30.91204,75.85379,2026-08-01 00:00:00,30.1,6.7
116,Ludhiana,Punjab,North,30.91204,75.85379,2026-08-02 00:00:00,31.6,6.8
117,Ludhiana,Punjab,North,30.91204,75.85379,2026-08-03 00:00:00,30.3,6.2
118,Ludhiana,Punjab,North,30.91204,75.85379,2026-08-04 00:00:00,28.3,4.8
119,Ludhiana,Punjab,North,30.91204,75.85379,2026-08-05 00:00:00,30.2,3.7
120,Ludhiana,Punjab,North,30.91204,75.85379,2026-08-06 00:00:00,29,7.9
121,Ludhiana,Punjab,North,30.91204,75.85379,2026-08-07 00:00:00,28.1,4.7
122,Ludhiana,Punjab,North,30.91204,75.85379,2026-08-08 00:00:00,28.1,5.7
123,Jalandhar,Punjab,North,31.32556,75.57917,2026-07-10 00:00:00,29.5,6
124,Jalandhar,Punjab,North,31.32556,75.57917,2026-07-11 00:00:00,27.8,6.2
125,Jalandhar,Punjab,North,31.32556,75.57917,2026-07-12 00:00:00,28.4,6.9
126,Jalandhar,Punjab,North,31.32556,75.57917,2026-07-13 00:00:00,29.1,4.2
127,Jalandhar,Punjab,North,31.32556,75.57917,2026-07-14 00:00:00,30.6,4.7
128,Jalandhar,Punjab,North,31.32556,75.57917,2026-07-15 00:00:00,30.6,5.5
129,Jalandhar,Punjab,North,31.32556,75.57917,2026-07-16 00:00:00,31.4,4.6
130,Jalandhar,Punjab,North,31.32556,75.57917,2026-07-17 00:00:00,32.1,4.9
131,Jalandhar,Punjab,North,31.32556,75.57917,2026-07-18 00:00:00,32.6,5.2
132,Jalandhar,Punjab,North,31.32556,75.57917,2026-07-19 00:00:00,31.7,7.1
133,Jalandhar,Punjab,North,31.32556,75.57917,2026-07-20 00:00:00,29.4,9.8
134,Jalandhar,Punjab,North,31.32556,75.57917,2026-07-21 00:00:00,28.5,9.8
135,Jalandhar,Punjab,North,31.32556,75.57917,2026-07-22 00:00:00,27.4,9
136,Jalandhar,Punjab,North,31.32556,75.57917,2026-07-23 00:00:00,27.3,6.9
137,Jalandhar,Punjab,North,31.32556,75.57917,2026-07-24 00:00:00,29.3,4.1
138,Jalandhar,Punjab,North,31.32556,75.57917,2026-07-25 00:00:00,28.4,8.6
139,Jalandhar,Punjab,North,31.32556,75.57917,2026-07-26 00:00:00,30,3.4
140,Jalandhar,Punjab,North,31.32556,75.57917,2026-07-27 00:00:00,30.9,4.8
141,Jalandhar,Punjab,North,31.32556,75.57917,2026-07-28 00:00:00,29,10.1
142,Jalandhar,Punjab,North,31.32556,75.57917,2026-07-29 00:00:00,29.2,6.5
143,Jalandhar,Punjab,North,31.32556,75.57917,2026-07-30 00:00:00,29,7.5
144,Jalandhar,Punjab,North,31.32556,75.57917,2026-07-31 00:00:00,28.9,7.8
145,Jalandhar,Punjab,North,31.32556,75.57917,2026-08-01 00:00:00,29.4,4.9
146,Jalandhar,Punjab,North,31.32556,75.57917,2026-08-02 00:00:00,30.2,5.2
147,Jalandhar,Punjab,North,31.32556,75.57917,2026-08-03 00:00:00,29.2,6.1
148,Jalandhar,Punjab,North,31.32556,75.57917,2026-08-04 00:00:00,28,4.5
149,Jalandhar,Punjab,North,31.32556,75.57917,2026-08-05 00:00:00,29.3,4.5
150,Jalandhar,Punjab,North,31.32556,75.57917,2026-08-06 00:00:00,28.9,7.4
151,Jalandhar,Punjab,North,31.32556,75.57917,2026-08-07 00:00:00,28.2,5.2
152,Jalandhar,Punjab,North,31.32556,75.57917,2026-08-08 00:00:00,27.4,5
153,Patiala,Punjab,North,30.33625,76.3922,2026-07-10 00:00:00,28.2,4.5
154,Patiala,Punjab,North,30.33625,76.3922,2026-07-11 00:00:00,29.2,4.4
155,Patiala,Punjab,North,30.33625,76.3922,2026-07-12 00:00:00,30,7.7
156,Patiala,Punjab,North,30.33625,76.3922,2026-07-13 00:00:00,30.5,6.8
157,Patiala,Punjab,North,30.33625,76.3922,2026-07-14 00:00:00,31.2,7.3
158,Patiala,Punjab,North,30.33625,76.3922,2026-07-15 00:00:00,31.4,8
159,Patiala,Punjab,North,30.33625,76.3922,2026-07-16 00:00:00,31.4,9.2
160,Patiala,Punjab,North,30.33625,76.3922,2026-07-17 00:00:00,32.1,8.1
161,Patiala,Punjab,North,30.33625,76.3922,2026-07-18 00:00:00,32.4,5.5
162,Patiala,Punjab,North,30.33625,76.3922,2026-07-19 00:00:00,31.5,8.1
163,Patiala,Punjab,North,30.33625,76.3922,2026-07-20 00:00:00,28.3,9.8
164,Patiala,Punjab,North,30.33625,76.3922,2026-07-21 00:00:00,27.9,10.2
165,Patiala,Punjab,North,30.33625,76.3922,2026-07-22 00:00:00,28.4,11.8
166,Patiala,Punjab,North,30.33625,76.3922,2026-07-23 00:00:00,28.7,10.6
167,Patiala,Punjab,North,30.33625,76.3922,2026-07-24 00:00:00,29.2,10.1
168,Patiala,Punjab,North,30.33625,76.3922,2026-07-25 00:00:00,28.2,12.6
169,Patiala,Punjab,North,30.33625,76.3922,2026-07-26 00:00:00,30,4.8
170,Patiala,Punjab,North,30.33625,76.3922,2026-07-27 00:00:00,30.6,5.2
171,Patiala,Punjab,North,30.33625,76.3922,2026-07-28 00:00:00,27.9,10.1
172,Patiala,Punjab,North,30.33625,76.3922,2026-07-29 00:00:00,29.5,5.8
173,Patiala,Punjab,North,30.33625,76.3922,2026-07-30 00:00:00,28.4,9.9
174,Patiala,Punjab,North,30.33625,76.3922,2026-07-31 00:00:00,29.6,12.5
175,Patiala,Punjab,North,30.33625,76.3922,2026-08-01 00:00:00,29.5,9.8
176,Patiala,Punjab,North,30.33625,76.3922,2026-08-02 00:00:00,29.7,8.5
177,Patiala,Punjab,North,30.33625,76.3922,2026-08-03 00:00:00,29.2,7.6
178,Patiala,Punjab,North,30.33625,76.3922,2026-08-04 00:00:00,28,5.9
179,Patiala,Punjab,North,30.33625,76.3922,2026-08-05 00:00:00,29.3,4.9
180,Patiala,Punjab,North,30.33625,76.3922,2026-08-06 00:00:00,27.8,8.6
181,Patiala,Punjab,North,30.33625,76.3922,2026-08-07 00:00:00,28,5.1
182,Patiala,Punjab,North,30.33625,76.3922,2026-08-08 00:00:00,28,6.3
183,Jaipur,Rajasthan,North,26.91962,75.78781,2026-07-10 00:00:00,30.2,13.1
184,Jaipur,Rajasthan,North,26.91962,75.78781,2026-07-11 00:00:00,29.6,13.6
185,Jaipur,Rajasthan,North,26.91962,75.78781,2026-07-12 00:00:00,30.1,12.7
186,Jaipur,Rajasthan,North,26.91962,75.78781,2026-07-13 00:00:00,30.7,11.5
187,Jaipur,Rajasthan,North,26.91962,75.78781,2026-07-14 00:00:00,30.8,12.3
188,Jaipur,Rajasthan,North,26.91962,75.78781,2026-07-15 00:00:00,31,9.9
189,Jaipur,Rajasthan,North,26.91962,75.78781,2026-07-16 00:00:00,32.2,11.6
190,Jaipur,Rajasthan,North,26.91962,75.78781,2026-07-17 00:00:00,32.7,11.8
191,Jaipur,Rajasthan,North,26.91962,75.78781,2026-07-18 00:00:00,32.9,10.7
192,Jaipur,Rajasthan,North,26.91962,75.78781,2026-07-19 00:00:00,32.5,6.7
193,Jaipur,Rajasthan,North,26.91962,75.78781,2026-07-20 00:00:00,30.2,8.5
194,Jaipur,Rajasthan,North,26.91962,75.78781,2026-07-21 00:00:00,26.5,6.4
195,Jaipur,Rajasthan,North,26.91962,75.78781,2026-07-22 00:00:00,27.2,6.8
196,Jaipur,Rajasthan,North,26.91962,75.78781,2026-07-23 00:00:00,27.9,8.8
197,Jaipur,Rajasthan,North,26.91962,75.78781,2026-07-24 00:00:00,27.8,8.6
198,Jaipur,Rajasthan,North,26.91962,75.78781,2026-07-25 00:00:00,27.9,10.7
199,Jaipur,Rajasthan,North,26.91962,75.78781,2026-07-26 00:00:00,28.9,5.8
200,Jaipur,Rajasthan,North,26.91962,75.78781,2026-07-27 00:00:00,29.6,4.5
201,Jaipur,Rajasthan,North,26.91962,75.78781,2026-07-28 00:00:00,27,6.6
202,Jaipur,Rajasthan,North,26.91962,75.78781,2026-07-29 00:00:00,28.2,6
203,Jaipur,Rajasthan,North,26.91962,75.78781,2026-07-30 00:00:00,29.2,5.9
204,Jaipur,Rajasthan,North,26.91962,75.78781,2026-07-31 00:00:00,29,12.7
205,Jaipur,Rajasthan,North,26.91962,75.78781,2026-08-01 00:00:00,28.3,12.7
206,Jaipur,Rajasthan,North,26.91962,75.78781,2026-08-02 00:00:00,28,8.2
207,Jaipur,Rajasthan,North,26.91962,75.78781,2026-08-03 00:00:00,27.3,7.8
208,Jaipur,Rajasthan,North,26.91962,75.78781,2026-08-04 00:00:00,27,10.2
209,Jaipur,Rajasthan,North,26.91962,75.78781,2026-08-05 00:00:00,27.5,9.6
210,Jaipur,Rajasthan,North,26.91962,75.78781,2026-08-06 00:00:00,27.3,8
211,Jaipur,Rajasthan,North,26.91962,75.78781,2026-08-07 00:00:00,26.6,12.3
212,Jaipur,Rajasthan,North,26.91962,75.78781,2026-08-08 00:00:00,26.9,8.6
213,Jodhpur,Rajasthan,North,26.26841,73.00594,2026-07-10 00:00:00,31.6,18
214,Jodhpur,Rajasthan,North,26.26841,73.00594,2026-07-11 00:00:00,31.7,21
215,Jodhpur,Rajasthan,North,26.26841,73.00594,2026-07-12 00:00:00,31.7,20.2
216,Jodhpur,Rajasthan,North,26.26841,73.00594,2026-07-13 00:00:00,32.4,16.7
217,Jodhpur,Rajasthan,North,26.26841,73.00594,2026-07-14 00:00:00,31.8,16.2
218,Jodhpur,Rajasthan,North,26.26841,73.00594,2026-07-15 00:00:00,32.3,12.7
219,Jodhpur,Rajasthan,North,26.26841,73.00594,2026-07-16 00:00:00,32.7,12.4
220,Jodhpur,Rajasthan,North,26.26841,73.00594,2026-07-17 00:00:00,33,13.8
221,Jodhpur,Rajasthan,North,26.26841,73.00594,2026-07-18 00:00:00,32.9,13.9
222,Jodhpur,Rajasthan,North,26.26841,73.00594,2026-07-19 00:00:00,33,13.2
223,Jodhpur,Rajasthan,North,26.26841,73.00594,2026-07-20 00:00:00,32.8,12.2
224,Jodhpur,Rajasthan,North,26.26841,73.00594,2026-07-21 00:00:00,31.6,9.3
225,Jodhpur,Rajasthan,North,26.26841,73.00594,2026-07-22 00:00:00,27.8,5.7
226,Jodhpur,Rajasthan,North,26.26841,73.00594,2026-07-23 00:00:00,28.4,4.6
227,Jodhpur,Rajasthan,North,26.26841,73.00594,2026-07-24 00:00:00,27.8,6.1
228,Jodhpur,Rajasthan,North,26.26841,73.00594,2026-07-25 00:00:00,28,6.3
229,Jodhpur,Rajasthan,North,26.26841,73.00594,2026-07-26 00:00:00,28.5,4.1
230,Jodhpur,Rajasthan,North,26.26841,73.00594,2026-07-27 00:00:00,28.7,7.5
231,Jodhpur,Rajasthan,North,26.26841,73.00594,2026-07-28 00:00:00,29.9,11.3
232,Jodhpur,Rajasthan,North,26.26841,73.00594,2026-07-29 00:00:00,30.3,7.9
233,Jodhpur,Rajasthan,North,26.26841,73.00594,2026-07-30 00:00:00,30.9,5.7
234,Jodhpur,Rajasthan,North,26.26841,73.00594,2026-07-31 00:00:00,31.7,7.6
235,Jodhpur,Rajasthan,North,26.26841,73.00594,2026-08-01 00:00:00,31.4,8.9
236,Jodhpur,Rajasthan,North,26.26841,73.00594,2026-08-02 00:00:00,28.1,6.4
237,Jodhpur,Rajasthan,North,26.26841,73.00594,2026-08-03 00:00:00,28.3,11.4
238,Jodhpur,Rajasthan,North,26.26841,73.00594,2026-08-04 00:00:00,29.1,11.2
239,Jodhpur,Rajasthan,North,26.26841,73.00594,2026-08-05 00:00:00,30,12.8
240,Jodhpur,Rajasthan,North,26.26841,73.00594,2026-08-06 00:00:00,29.9,13.5
241,Jodhpur,Rajasthan,North,26.26841,73.00594,2026-08-07 00:00:00,29.7,11.6
242,Jodhpur,Rajasthan,North,26.26841,73.00594,2026-08-08 00:00:00,29.6,11.5
243,Udaipur,Rajasthan,North,24.58584,73.71346,2026-07-10 00:00:00,27.3,18.7
244,Udaipur,Rajasthan,North,24.58584,73.71346,2026-07-11 00:00:00,27.1,21.2
245,Udaipur,Rajasthan,North,24.58584,73.71346,2026-07-12 00:00:00,27.3,20.3
246,Udaipur,Rajasthan,North,24.58584,73.71346,2026-07-13 00:00:00,27.8,17.1
247,Udaipur,Rajasthan,North,24.58584,73.71346,2026-07-14 00:00:00,27,17.2
248,Udaipur,Rajasthan,North,24.58584,73.71346,2026-07-15 00:00:00,27.4,12.8
249,Udaipur,Rajasthan,North,24.58584,73.71346,2026-07-16 00:00:00,27.8,10.8
250,Udaipur,Rajasthan,North,24.58584,73.71346,2026-07-17 00:00:00,27.9,11.8
251,Udaipur,Rajasthan,North,24.58584,73.71346,2026-07-18 00:00:00,28.4,12.4
252,Udaipur,Rajasthan,North,24.58584,73.71346,2026-07-19 00:00:00,27.9,11
253,Udaipur,Rajasthan,North,24.58584,73.71346,2026-07-20 00:00:00,27,9.4
254,Udaipur,Rajasthan,North,24.58584,73.71346,2026-07-21 00:00:00,25.7,7.6
255,Udaipur,Rajasthan,North,24.58584,73.71346,2026-07-22 00:00:00,25,6.4
256,Udaipur,Rajasthan,North,24.58584,73.71346,2026-07-23 00:00:00,25.2,5.6
257,Udaipur,Rajasthan,North,24.58584,73.71346,2026-07-24 00:00:00,25.3,6.2
258,Udaipur,Rajasthan,North,24.58584,73.71346,2026-07-25 00:00:00,24.9,8.5
259,Udaipur,Rajasthan,North,24.58584,73.71346,2026-07-26 00:00:00,25.8,9.8
260,Udaipur,Rajasthan,North,24.58584,73.71346,2026-07-27 00:00:00,26.5,8.3
261,Udaipur,Rajasthan,North,24.58584,73.71346,2026-07-28 00:00:00,26.6,11.1
262,Udaipur,Rajasthan,North,24.58584,73.71346,2026-07-29 00:00:00,26.8,5.9
263,Udaipur,Rajasthan,North,24.58584,73.71346,2026-07-30 00:00:00,27.9,8.7
264,Udaipur,Rajasthan,North,24.58584,73.71346,2026-07-31 00:00:00,27.9,12.8
265,Udaipur,Rajasthan,North,24.58584,73.71346,2026-08-01 00:00:00,26.6,9.1
266,Udaipur,Rajasthan,North,24.58584,73.71346,2026-08-02 00:00:00,26.4,11
267,Udaipur,Rajasthan,North,24.58584,73.71346,2026-08-03 00:00:00,26.2,12.6
268,Udaipur,Rajasthan,North,24.58584,73.71346,2026-08-04 00:00:00,26.2,12.6
269,Udaipur,Rajasthan,North,24.58584,73.71346,2026-08-05 00:00:00,26.5,11.3
270,Udaipur,Rajasthan,North,24.58584,73.71346,2026-08-06 00:00:00,26.5,13
271,Udaipur,Rajasthan,North,24.58584,73.71346,2026-08-07 00:00:00,26.2,14
272,Udaipur,Rajasthan,North,24.58584,73.71346,2026-08-08 00:00:00,26.4,13.6
273,Kota,Rajasthan,North,25.18254,75.83907,2026-07-10 00:00:00,31.3,17.5
274,Kota,Rajasthan,North,25.18254,75.83907,2026-07-11 00:00:00,30.8,17.3
275,Kota,Rajasthan,North,25.18254,75.83907,2026-07-12 00:00:00,30.9,15.8
276,Kota,Rajasthan,North,25.18254,75.83907,2026-07-13 00:00:00,31.4,16.8
277,Kota,Rajasthan,North,25.18254,75.83907,2026-07-14 00:00:00,31,16.1
278,Kota,Rajasthan,North,25.18254,75.83907,2026-07-15 00:00:00,31.4,12.2
279,Kota,Rajasthan,North,25.18254,75.83907,2026-07-16 00:00:00,32.4,12.6
280,Kota,Rajasthan,North,25.18254,75.83907,2026-07-17 00:00:00,32.8,11.9
281,Kota,Rajasthan,North,25.18254,75.83907,2026-07-18 00:00:00,33.1,11
282,Kota,Rajasthan,North,25.18254,75.83907,2026-07-19 00:00:00,31.1,11.2
283,Kota,Rajasthan,North,25.18254,75.83907,2026-07-20 00:00:00,30.4,7.7
284,Kota,Rajasthan,North,25.18254,75.83907,2026-07-21 00:00:00,27.2,5.1
285,Kota,Rajasthan,North,25.18254,75.83907,2026-07-22 00:00:00,28.1,5.3
286,Kota,Rajasthan,North,25.18254,75.83907,2026-07-23 00:00:00,28.2,5.1
287,Kota,Rajasthan,North,25.18254,75.83907,2026-07-24 00:00:00,28.2,11.6
288,Kota,Rajasthan,North,25.18254,75.83907,2026-07-25 00:00:00,28.5,11.7
289,Kota,Rajasthan,North,25.18254,75.83907,2026-07-26 00:00:00,28.6,7.5
290,Kota,Rajasthan,North,25.18254,75.83907,2026-07-27 00:00:00,29,7.4
291,Kota,Rajasthan,North,25.18254,75.83907,2026-07-28 00:00:00,28.2,7.4
292,Kota,Rajasthan,North,25.18254,75.83907,2026-07-29 00:00:00,28.4,5.6
293,Kota,Rajasthan,North,25.18254,75.83907,2026-07-30 00:00:00,29.9,6.9
294,Kota,Rajasthan,North,25.18254,75.83907,2026-07-31 00:00:00,29.9,10.4
295,Kota,Rajasthan,North,25.18254,75.83907,2026-08-01 00:00:00,28.5,11.4
296,Kota,Rajasthan,North,25.18254,75.83907,2026-08-02 00:00:00,29.1,9.1
297,Kota,Rajasthan,North,25.18254,75.83907,2026-08-03 00:00:00,29.5,10.7
298,Kota,Rajasthan,North,25.18254,75.83907,2026-08-04 00:00:00,28.4,11
299,Kota,Rajasthan,North,25.18254,75.83907,2026-08-05 00:00:00,28.3,9.8
300,Kota,Rajasthan,North,25.18254,75.83907,2026-08-06 00:00:00,28.5,9.1
301,Kota,Rajasthan,North,25.18254,75.83907,2026-08-07 00:00:00,27.8,11.8
302,Kota,Rajasthan,North,25.18254,75.83907,2026-08-08 00:00:00,28,12.3
303,Ajmer,Rajasthan,North,26.4521,74.63867,2026-07-10 00:00:00,29.3,18.7
304,Ajmer,Rajasthan,North,26.4521,74.63867,2026-07-11 00:00:00,29,20.8
305,Ajmer,Rajasthan,North,26.4521,74.63867,2026-07-12 00:00:00,28.9,18.7
306,Ajmer,Rajasthan,North,26.4521,74.63867,2026-07-13 00:00:00,29.4,16.7
307,Ajmer,Rajasthan,North,26.4521,74.63867,2026-07-14 00:00:00,29.1,18.1
308,Ajmer,Rajasthan,North,26.4521,74.63867,2026-07-15 00:00:00,29.4,13.7
309,Ajmer,Rajasthan,North,26.4521,74.63867,2026-07-16 00:00:00,30.2,14.2
310,Ajmer,Rajasthan,North,26.4521,74.63867,2026-07-17 00:00:00,30.5,14.8
311,Ajmer,Rajasthan,North,26.4521,74.63867,2026-07-18 00:00:00,30.8,13.4
312,Ajmer,Rajasthan,North,26.4521,74.63867,2026-07-19 00:00:00,31,12.2
313,Ajmer,Rajasthan,North,26.4521,74.63867,2026-07-20 00:00:00,30.2,11.7
314,Ajmer,Rajasthan,North,26.4521,74.63867,2026-07-21 00:00:00,27.2,8.1
315,Ajmer,Rajasthan,North,26.4521,74.63867,2026-07-22 00:00:00,26.5,6.1
316,Ajmer,Rajasthan,North,26.4521,74.63867,2026-07-23 00:00:00,27.7,7.6
317,Ajmer,Rajasthan,North,26.4521,74.63867,2026-07-24 00:00:00,27.4,9.1
318,Ajmer,Rajasthan,North,26.4521,74.63867,2026-07-25 00:00:00,26.9,14.2
319,Ajmer,Rajasthan,North,26.4521,74.63867,2026-07-26 00:00:00,27.8,7.9
320,Ajmer,Rajasthan,North,26.4521,74.63867,2026-07-27 00:00:00,28,8.7
321,Ajmer,Rajasthan,North,26.4521,74.63867,2026-07-28 00:00:00,27.3,10.9
322,Ajmer,Rajasthan,North,26.4521,74.63867,2026-07-29 00:00:00,27.9,7.2
323,Ajmer,Rajasthan,North,26.4521,74.63867,2026-07-30 00:00:00,29.4,9.3
324,Ajmer,Rajasthan,North,26.4521,74.63867,2026-07-31 00:00:00,29.2,14.3
325,Ajmer,Rajasthan,North,26.4521,74.63867,2026-08-01 00:00:00,27.9,14.1
326,Ajmer,Rajasthan,North,26.4521,74.63867,2026-08-02 00:00:00,26.6,8.6
327,Ajmer,Rajasthan,North,26.4521,74.63867,2026-08-03 00:00:00,26.4,14.5
328,Ajmer,Rajasthan,North,26.4521,74.63867,2026-08-04 00:00:00,27.3,15.1
329,Ajmer,Rajasthan,North,26.4521,74.63867,2026-08-05 00:00:00,27.3,13.4
330,Ajmer,Rajasthan,North,26.4521,74.63867,2026-08-06 00:00:00,27.9,12.9
331,Ajmer,Rajasthan,North,26.4521,74.63867,2026-08-07 00:00:00,27.4,15.7
332,Ajmer,Rajasthan,North,26.4521,74.63867,2026-08-08 00:00:00,26.4,15.1
333,Bikaner,Rajasthan,North,28.01762,73.31495,2026-07-10 00:00:00,33.4,13.3
334,Bikaner,Rajasthan,North,28.01762,73.31495,2026-07-11 00:00:00,33.2,15.7
335,Bikaner,Rajasthan,North,28.01762,73.31495,2026-07-12 00:00:00,33.1,14.6
336,Bikaner,Rajasthan,North,28.01762,73.31495,2026-07-13 00:00:00,34.2,12.8
337,Bikaner,Rajasthan,North,28.01762,73.31495,2026-07-14 00:00:00,33.9,13.9
338,Bikaner,Rajasthan,North,28.01762,73.31495,2026-07-15 00:00:00,34.2,12.5
339,Bikaner,Rajasthan,North,28.01762,73.31495,2026-07-16 00:00:00,34.9,11.7
340,Bikaner,Rajasthan,North,28.01762,73.31495,2026-07-17 00:00:00,35.2,14.1
341,Bikaner,Rajasthan,North,28.01762,73.31495,2026-07-18 00:00:00,35.1,13.9
342,Bikaner,Rajasthan,North,28.01762,73.31495,2026-07-19 00:00:00,35.1,12.2
343,Bikaner,Rajasthan,North,28.01762,73.31495,2026-07-20 00:00:00,35.3,11.9
344,Bikaner,Rajasthan,North,28.01762,73.31495,2026-07-21 00:00:00,33,8.8
345,Bikaner,Rajasthan,North,28.01762,73.31495,2026-07-22 00:00:00,29,5.4
346,Bikaner,Rajasthan,North,28.01762,73.31495,2026-07-23 00:00:00,29.5,4.6
347,Bikaner,Rajasthan,North,28.01762,73.31495,2026-07-24 00:00:00,30,6.4
348,Bikaner,Rajasthan,North,28.01762,73.31495,2026-07-25 00:00:00,30.8,9.1
349,Bikaner,Rajasthan,North,28.01762,73.31495,2026-07-26 00:00:00,31.7,5.3
350,Bikaner,Rajasthan,North,28.01762,73.31495,2026-07-27 00:00:00,32.3,5.2
351,Bikaner,Rajasthan,North,28.01762,73.31495,2026-07-28 00:00:00,32.5,9.2
352,Bikaner,Rajasthan,North,28.01762,73.31495,2026-07-29 00:00:00,33.1,7.6
353,Bikaner,Rajasthan,North,28.01762,73.31495,2026-07-30 00:00:00,33.9,6.5
354,Bikaner,Rajasthan,North,28.01762,73.31495,2026-07-31 00:00:00,33.5,8.9
355,Bikaner,Rajasthan,North,28.01762,73.31495,2026-08-01 00:00:00,32.3,9.2
356,Bikaner,Rajasthan,North,28.01762,73.31495,2026-08-02 00:00:00,31.2,6.7
357,Bikaner,Rajasthan,North,28.01762,73.31495,2026-08-03 00:00:00,29.6,5.8
358,Bikaner,Rajasthan,North,28.01762,73.31495,2026-08-04 00:00:00,29.6,6.7
359,Bikaner,Rajasthan,North,28.01762,73.31495,2026-08-05 00:00:00,31.9,9.4
360,Bikaner,Rajasthan,North,28.01762,73.31495,2026-08-06 00:00:00,31.3,10.8
361,Bikaner,Rajasthan,North,28.01762,73.31495,2026-08-07 00:00:00,30.8,8
362,Bikaner,Rajasthan,North,28.01762,73.31495,2026-08-08 00:00:00,31,6.4
363,Alwar,Rajasthan,North,27.56246,76.625,2026-07-10 00:00:00,31.6,13
364,Alwar,Rajasthan,North,27.56246,76.625,2026-07-11 00:00:00,31.4,11.9
365,Alwar,Rajasthan,North,27.56246,76.625,2026-07-12 00:00:00,31.9,11.5
366,Alwar,Rajasthan,North,27.56246,76.625,2026-07-13 00:00:00,31.8,9.6
367,Alwar,Rajasthan,North,27.56246,76.625,2026-07-14 00:00:00,31.9,10.2
368,Alwar,Rajasthan,North,27.56246,76.625,2026-07-15 00:00:00,31.4,10.6
369,Alwar,Rajasthan,North,27.56246,76.625,2026-07-16 00:00:00,32.4,11.5
370,Alwar,Rajasthan,North,27.56246,76.625,2026-07-17 00:00:00,32.7,11.4
371,Alwar,Rajasthan,North,27.56246,76.625,2026-07-18 00:00:00,32.4,9.1
372,Alwar,Rajasthan,North,27.56246,76.625,2026-07-19 00:00:00,31.4,7
373,Alwar,Rajasthan,North,27.56246,76.625,2026-07-20 00:00:00,28.4,6.1
374,Alwar,Rajasthan,North,27.56246,76.625,2026-07-21 00:00:00,27.2,5
375,Alwar,Rajasthan,North,27.56246,76.625,2026-07-22 00:00:00,27.9,8.2
376,Alwar,Rajasthan,North,27.56246,76.625,2026-07-23 00:00:00,27.8,10.2
377,Alwar,Rajasthan,North,27.56246,76.625,2026-07-24 00:00:00,28.5,8.8
378,Alwar,Rajasthan,North,27.56246,76.625,2026-07-25 00:00:00,29.3,9.6
379,Alwar,Rajasthan,North,27.56246,76.625,2026-07-26 00:00:00,29.9,4.7
380,Alwar,Rajasthan,North,27.56246,76.625,2026-07-27 00:00:00,30.8,5.6
381,Alwar,Rajasthan,North,27.56246,76.625,2026-07-28 00:00:00,28.6,6
382,Alwar,Rajasthan,North,27.56246,76.625,2026-07-29 00:00:00,28.3,4.2
383,Alwar,Rajasthan,North,27.56246,76.625,2026-07-30 00:00:00,29.6,6.7
384,Alwar,Rajasthan,North,27.56246,76.625,2026-07-31 00:00:00,29.2,11.6
385,Alwar,Rajasthan,North,27.56246,76.625,2026-08-01 00:00:00,28.8,11
386,Alwar,Rajasthan,North,27.56246,76.625,2026-08-02 00:00:00,29.1,7.1
387,Alwar,Rajasthan,North,27.56246,76.625,2026-08-03 00:00:00,27.6,4.6
388,Alwar,Rajasthan,North,27.56246,76.625,2026-08-04 00:00:00,27.3,6.1
389,Alwar,Rajasthan,North,27.56246,76.625,2026-08-05 00:00:00,28.7,7.5
390,Alwar,Rajasthan,North,27.56246,76.625,2026-08-06 00:00:00,26.9,4.8
391,Alwar,Rajasthan,North,27.56246,76.625,2026-08-07 00:00:00,26,12.7
392,Alwar,Rajasthan,North,27.56246,76.625,2026-08-08 00:00:00,27.3,6.4
393,Lucknow,Uttar Pradesh,North,26.83928,80.92313,2026-07-10 00:00:00,28,8.8
394,Lucknow,Uttar Pradesh,North,26.83928,80.92313,2026-07-11 00:00:00,29.5,11.2
395,Lucknow,Uttar Pradesh,North,26.83928,80.92313,2026-07-12 00:00:00,31.2,10.8
396,Lucknow,Uttar Pradesh,North,26.83928,80.92313,2026-07-13 00:00:00,32.1,12.1
397,Lucknow,Uttar Pradesh,North,26.83928,80.92313,2026-07-14 00:00:00,31.3,7.8
398,Lucknow,Uttar Pradesh,North,26.83928,80.92313,2026-07-15 00:00:00,31,6.4
399,Lucknow,Uttar Pradesh,North,26.83928,80.92313,2026-07-16 00:00:00,30.3,4.6
400,Lucknow,Uttar Pradesh,North,26.83928,80.92313,2026-07-17 00:00:00,30.2,4.8
401,Lucknow,Uttar Pradesh,North,26.83928,80.92313,2026-07-18 00:00:00,29.9,4.3
402,Lucknow,Uttar Pradesh,North,26.83928,80.92313,2026-07-19 00:00:00,28.2,6.2
403,Lucknow,Uttar Pradesh,North,26.83928,80.92313,2026-07-20 00:00:00,27.2,3.6
404,Lucknow,Uttar Pradesh,North,26.83928,80.92313,2026-07-21 00:00:00,27.5,9.5
405,Lucknow,Uttar Pradesh,North,26.83928,80.92313,2026-07-22 00:00:00,29.1,14
406,Lucknow,Uttar Pradesh,North,26.83928,80.92313,2026-07-23 00:00:00,28.4,14.7
407,Lucknow,Uttar Pradesh,North,26.83928,80.92313,2026-07-24 00:00:00,28.5,7.9
408,Lucknow,Uttar Pradesh,North,26.83928,80.92313,2026-07-25 00:00:00,29.2,6.9
409,Lucknow,Uttar Pradesh,North,26.83928,80.92313,2026-07-26 00:00:00,31,4.1
410,Lucknow,Uttar Pradesh,North,26.83928,80.92313,2026-07-27 00:00:00,29.8,4
411,Lucknow,Uttar Pradesh,North,26.83928,80.92313,2026-07-28 00:00:00,30,3.9
412,Lucknow,Uttar Pradesh,North,26.83928,80.92313,2026-07-29 00:00:00,30.6,9.1
413,Lucknow,Uttar Pradesh,North,26.83928,80.92313,2026-07-30 00:00:00,30.2,14.7
414,Lucknow,Uttar Pradesh,North,26.83928,80.92313,2026-07-31 00:00:00,29.9,16.7
415,Lucknow,Uttar Pradesh,North,26.83928,80.92313,2026-08-01 00:00:00,29.7,10.3
416,Lucknow,Uttar Pradesh,North,26.83928,80.92313,2026-08-02 00:00:00,29.4,6.5
417,Lucknow,Uttar Pradesh,North,26.83928,80.92313,2026-08-03 00:00:00,29.1,6.8
418,Lucknow,Uttar Pradesh,North,26.83928,80.92313,2026-08-04 00:00:00,28.3,5.9
419,Lucknow,Uttar Pradesh,North,26.83928,80.92313,2026-08-05 00:00:00,28.2,5.7
420,Lucknow,Uttar Pradesh,North,26.83928,80.92313,2026-08-06 00:00:00,27.1,6
421,Lucknow,Uttar Pradesh,North,26.83928,80.92313,2026-08-07 00:00:00,29.1,9.6
422,Lucknow,Uttar Pradesh,North,26.83928,80.92313,2026-08-08 00:00:00,29.6,10.6
423,Kanpur,Uttar Pradesh,North,26.46523,80.34975,2026-07-10 00:00:00,28.5,9
424,Kanpur,Uttar Pradesh,North,26.46523,80.34975,2026-07-11 00:00:00,30.7,12.4
425,Kanpur,Uttar Pradesh,North,26.46523,80.34975,2026-07-12 00:00:00,31.9,12.5
426,Kanpur,Uttar Pradesh,North,26.46523,80.34975,2026-07-13 00:00:00,32.4,13.1
427,Kanpur,Uttar Pradesh,North,26.46523,80.34975,2026-07-14 00:00:00,32.4,8.6
428,Kanpur,Uttar Pradesh,North,26.46523,80.34975,2026-07-15 00:00:00,31.7,9.2
429,Kanpur,Uttar Pradesh,North,26.46523,80.34975,2026-07-16 00:00:00,31.6,6.3
430,Kanpur,Uttar Pradesh,North,26.46523,80.34975,2026-07-17 00:00:00,31.3,5.7
431,Kanpur,Uttar Pradesh,North,26.46523,80.34975,2026-07-18 00:00:00,31,5.3
432,Kanpur,Uttar Pradesh,North,26.46523,80.34975,2026-07-19 00:00:00,29.1,6.1
433,Kanpur,Uttar Pradesh,North,26.46523,80.34975,2026-07-20 00:00:00,27.4,4
434,Kanpur,Uttar Pradesh,North,26.46523,80.34975,2026-07-21 00:00:00,27.6,8.3
435,Kanpur,Uttar Pradesh,North,26.46523,80.34975,2026-07-22 00:00:00,29.3,14
436,Kanpur,Uttar Pradesh,North,26.46523,80.34975,2026-07-23 00:00:00,28.4,14.2
437,Kanpur,Uttar Pradesh,North,26.46523,80.34975,2026-07-24 00:00:00,29.4,8.8
438,Kanpur,Uttar Pradesh,North,26.46523,80.34975,2026-07-25 00:00:00,29.8,7.4
439,Kanpur,Uttar Pradesh,North,26.46523,80.34975,2026-07-26 00:00:00,30.7,3.7
440,Kanpur,Uttar Pradesh,North,26.46523,80.34975,2026-07-27 00:00:00,29.7,4.7
441,Kanpur,Uttar Pradesh,North,26.46523,80.34975,2026-07-28 00:00:00,30.1,3.7
442,Kanpur,Uttar Pradesh,North,26.46523,80.34975,2026-07-29 00:00:00,30.7,9.2
443,Kanpur,Uttar Pradesh,North,26.46523,80.34975,2026-07-30 00:00:00,30.6,15.1
444,Kanpur,Uttar Pradesh,North,26.46523,80.34975,2026-07-31 00:00:00,30,16.4
445,Kanpur,Uttar Pradesh,North,26.46523,80.34975,2026-08-01 00:00:00,30.7,10.9
446,Kanpur,Uttar Pradesh,North,26.46523,80.34975,2026-08-02 00:00:00,30.8,6.1
447,Kanpur,Uttar Pradesh,North,26.46523,80.34975,2026-08-03 00:00:00,29.4,7
448,Kanpur,Uttar Pradesh,North,26.46523,80.34975,2026-08-04 00:00:00,28.5,4.6
449,Kanpur,Uttar Pradesh,North,26.46523,80.34975,2026-08-05 00:00:00,27.3,6.1
450,Kanpur,Uttar Pradesh,North,26.46523,80.34975,2026-08-06 00:00:00,26.8,6.7
451,Kanpur,Uttar Pradesh,North,26.46523,80.34975,2026-08-07 00:00:00,29,9.5
452,Kanpur,Uttar Pradesh,North,26.46523,80.34975,2026-08-08 00:00:00,29.7,9.4
453,Agra,Uttar Pradesh,North,27.18333,78.01667,2026-07-10 00:00:00,31.2,12
454,Agra,Uttar Pradesh,North,27.18333,78.01667,2026-07-11 00:00:00,31.4,11.5
455,Agra,Uttar Pradesh,North,27.18333,78.01667,2026-07-12 00:00:00,32.1,12.6
456,Agra,Uttar Pradesh,North,27.18333,78.01667,2026-07-13 00:00:00,32.2,12.1
457,Agra,Uttar Pradesh,North,27.18333,78.01667,2026-07-14 00:00:00,32.3,10.1
458,Agra,Uttar Pradesh,North,27.18333,78.01667,2026-07-15 00:00:00,31.1,9.2
459,Agra,Uttar Pradesh,North,27.18333,78.01667,2026-07-16 00:00:00,33.3,10
460,Agra,Uttar Pradesh,North,27.18333,78.01667,2026-07-17 00:00:00,34.3,10.4
461,Agra,Uttar Pradesh,North,27.18333,78.01667,2026-07-18 00:00:00,33.9,10.3
462,Agra,Uttar Pradesh,North,27.18333,78.01667,2026-07-19 00:00:00,31.8,8.6
463,Agra,Uttar Pradesh,North,27.18333,78.01667,2026-07-20 00:00:00,28.1,9.9
464,Agra,Uttar Pradesh,North,27.18333,78.01667,2026-07-21 00:00:00,27.7,4.2
465,Agra,Uttar Pradesh,North,27.18333,78.01667,2026-07-22 00:00:00,29.1,12
466,Agra,Uttar Pradesh,North,27.18333,78.01667,2026-07-23 00:00:00,29,12
467,Agra,Uttar Pradesh,North,27.18333,78.01667,2026-07-24 00:00:00,29.6,9.9
468,Agra,Uttar Pradesh,North,27.18333,78.01667,2026-07-25 00:00:00,30.3,8.6
469,Agra,Uttar Pradesh,North,27.18333,78.01667,2026-07-26 00:00:00,31.2,5.2
470,Agra,Uttar Pradesh,North,27.18333,78.01667,2026-07-27 00:00:00,31,6.9
471,Agra,Uttar Pradesh,North,27.18333,78.01667,2026-07-28 00:00:00,29,5.3
472,Agra,Uttar Pradesh,North,27.18333,78.01667,2026-07-29 00:00:00,29.5,4.2
473,Agra,Uttar Pradesh,North,27.18333,78.01667,2026-07-30 00:00:00,30.5,9.1
474,Agra,Uttar Pradesh,North,27.18333,78.01667,2026-07-31 00:00:00,30.2,13.5
475,Agra,Uttar Pradesh,North,27.18333,78.01667,2026-08-01 00:00:00,30.3,11.3
476,Agra,Uttar Pradesh,North,27.18333,78.01667,2026-08-02 00:00:00,30.2,7.5
477,Agra,Uttar Pradesh,North,27.18333,78.01667,2026-08-03 00:00:00,28.8,5.5
478,Agra,Uttar Pradesh,North,27.18333,78.01667,2026-08-04 00:00:00,27.8,6.8
479,Agra,Uttar Pradesh,North,27.18333,78.01667,2026-08-05 00:00:00,28.2,7.8
480,Agra,Uttar Pradesh,North,27.18333,78.01667,2026-08-06 00:00:00,27.3,10.5
481,Agra,Uttar Pradesh,North,27.18333,78.01667,2026-08-07 00:00:00,27.6,7.6
482,Agra,Uttar Pradesh,North,27.18333,78.01667,2026-08-08 00:00:00,28.9,8.2
483,Varanasi,Uttar Pradesh,North,25.31668,83.01041,2026-07-10 00:00:00,29.3,11.6
484,Varanasi,Uttar Pradesh,North,25.31668,83.01041,2026-07-11 00:00:00,29.9,12.1
485,Varanasi,Uttar Pradesh,North,25.31668,83.01041,2026-07-12 00:00:00,31.3,13.6
486,Varanasi,Uttar Pradesh,North,25.31668,83.01041,2026-07-13 00:00:00,31.3,11.7
487,Varanasi,Uttar Pradesh,North,25.31668,83.01041,2026-07-14 00:00:00,31.9,5.4
488,Varanasi,Uttar Pradesh,North,25.31668,83.01041,2026-07-15 00:00:00,31,6
489,Varanasi,Uttar Pradesh,North,25.31668,83.01041,2026-07-16 00:00:00,30.6,5.4
490,Varanasi,Uttar Pradesh,North,25.31668,83.01041,2026-07-17 00:00:00,29.8,4.5
491,Varanasi,Uttar Pradesh,North,25.31668,83.01041,2026-07-18 00:00:00,29.4,4.6
492,Varanasi,Uttar Pradesh,North,25.31668,83.01041,2026-07-19 00:00:00,28.1,4.3
493,Varanasi,Uttar Pradesh,North,25.31668,83.01041,2026-07-20 00:00:00,27.3,3.1
494,Varanasi,Uttar Pradesh,North,25.31668,83.01041,2026-07-21 00:00:00,27.9,9.5
495,Varanasi,Uttar Pradesh,North,25.31668,83.01041,2026-07-22 00:00:00,28.2,13.6
496,Varanasi,Uttar Pradesh,North,25.31668,83.01041,2026-07-23 00:00:00,28.1,9.3
497,Varanasi,Uttar Pradesh,North,25.31668,83.01041,2026-07-24 00:00:00,29,3.8
498,Varanasi,Uttar Pradesh,North,25.31668,83.01041,2026-07-25 00:00:00,30.4,4.5
499,Varanasi,Uttar Pradesh,North,25.31668,83.01041,2026-07-26 00:00:00,31.4,4.1
500,Varanasi,Uttar Pradesh,North,25.31668,83.01041,2026-07-27 00:00:00,30.5,4.5
501,Varanasi,Uttar Pradesh,North,25.31668,83.01041,2026-07-28 00:00:00,30.2,5.9
502,Varanasi,Uttar Pradesh,North,25.31668,83.01041,2026-07-29 00:00:00,30,14
503,Varanasi,Uttar Pradesh,North,25.31668,83.01041,2026-07-30 00:00:00,29.6,16.5
504,Varanasi,Uttar Pradesh,North,25.31668,83.01041,2026-07-31 00:00:00,29.8,13.8
505,Varanasi,Uttar Pradesh,North,25.31668,83.01041,2026-08-01 00:00:00,30.1,5.4
506,Varanasi,Uttar Pradesh,North,25.31668,83.01041,2026-08-02 00:00:00,30.1,5
507,Varanasi,Uttar Pradesh,North,25.31668,83.01041,2026-08-03 00:00:00,29.7,6.8
508,Varanasi,Uttar Pradesh,North,25.31668,83.01041,2026-08-04 00:00:00,28.7,6.3
509,Varanasi,Uttar Pradesh,North,25.31668,83.01041,2026-08-05 00:00:00,28.2,7.5
510,Varanasi,Uttar Pradesh,North,25.31668,83.01041,2026-08-06 00:00:00,27.7,5
511,Varanasi,Uttar Pradesh,North,25.31668,83.01041,2026-08-07 00:00:00,29.4,3.3
512,Varanasi,Uttar Pradesh,North,25.31668,83.01041,2026-08-08 00:00:00,29.8,9
513,Prayagraj,Uttar Pradesh,North,25.44478,81.84322,2026-07-10 00:00:00,29.3,12.1
514,Prayagraj,Uttar Pradesh,North,25.44478,81.84322,2026-07-11 00:00:00,30.8,13.9
515,Prayagraj,Uttar Pradesh,North,25.44478,81.84322,2026-07-12 00:00:00,31.5,15.6
516,Prayagraj,Uttar Pradesh,North,25.44478,81.84322,2026-07-13 00:00:00,31.5,13.6
517,Prayagraj,Uttar Pradesh,North,25.44478,81.84322,2026-07-14 00:00:00,32.3,8.7
518,Prayagraj,Uttar Pradesh,North,25.44478,81.84322,2026-07-15 00:00:00,31.6,5.5
519,Prayagraj,Uttar Pradesh,North,25.44478,81.84322,2026-07-16 00:00:00,31,6.8
520,Prayagraj,Uttar Pradesh,North,25.44478,81.84322,2026-07-17 00:00:00,29.9,4.5
521,Prayagraj,Uttar Pradesh,North,25.44478,81.84322,2026-07-18 00:00:00,30.1,5.4
522,Prayagraj,Uttar Pradesh,North,25.44478,81.84322,2026-07-19 00:00:00,28.7,4.2
523,Prayagraj,Uttar Pradesh,North,25.44478,81.84322,2026-07-20 00:00:00,28,4
524,Prayagraj,Uttar Pradesh,North,25.44478,81.84322,2026-07-21 00:00:00,27.5,7.4
525,Prayagraj,Uttar Pradesh,North,25.44478,81.84322,2026-07-22 00:00:00,28.3,11.7
526,Prayagraj,Uttar Pradesh,North,25.44478,81.84322,2026-07-23 00:00:00,28.1,10
527,Prayagraj,Uttar Pradesh,North,25.44478,81.84322,2026-07-24 00:00:00,29.2,5.7
528,Prayagraj,Uttar Pradesh,North,25.44478,81.84322,2026-07-25 00:00:00,29.9,4.2
529,Prayagraj,Uttar Pradesh,North,25.44478,81.84322,2026-07-26 00:00:00,30.8,3.3
530,Prayagraj,Uttar Pradesh,North,25.44478,81.84322,2026-07-27 00:00:00,30.7,3.9
531,Prayagraj,Uttar Pradesh,North,25.44478,81.84322,2026-07-28 00:00:00,30.2,4.7
532,Prayagraj,Uttar Pradesh,North,25.44478,81.84322,2026-07-29 00:00:00,30.2,12.8
533,Prayagraj,Uttar Pradesh,North,25.44478,81.84322,2026-07-30 00:00:00,29.7,16.3
534,Prayagraj,Uttar Pradesh,North,25.44478,81.84322,2026-07-31 00:00:00,29.7,15.2
535,Prayagraj,Uttar Pradesh,North,25.44478,81.84322,2026-08-01 00:00:00,30.7,8
536,Prayagraj,Uttar Pradesh,North,25.44478,81.84322,2026-08-02 00:00:00,30.8,5.3
537,Prayagraj,Uttar Pradesh,North,25.44478,81.84322,2026-08-03 00:00:00,29.7,5.2
538,Prayagraj,Uttar Pradesh,North,25.44478,81.84322,2026-08-04 00:00:00,28.6,5.2
539,Prayagraj,Uttar Pradesh,North,25.44478,81.84322,2026-08-05 00:00:00,27.9,9.4
540,Prayagraj,Uttar Pradesh,North,25.44478,81.84322,2026-08-06 00:00:00,27,6.2
541,Prayagraj,Uttar Pradesh,North,25.44478,81.84322,2026-08-07 00:00:00,29.5,4.8
542,Prayagraj,Uttar Pradesh,North,25.44478,81.84322,2026-08-08 00:00:00,29.3,6.6
543,Meerut,Uttar Pradesh,North,28.98002,77.70636,2026-07-10 00:00:00,27.7,7.9
544,Meerut,Uttar Pradesh,North,28.98002,77.70636,2026-07-11 00:00:00,29.3,5.4
545,Meerut,Uttar Pradesh,North,28.98002,77.70636,2026-07-12 00:00:00,31,9.1
546,Meerut,Uttar Pradesh,North,28.98002,77.70636,2026-07-13 00:00:00,31.6,9.4
547,Meerut,Uttar Pradesh,North,28.98002,77.70636,2026-07-14 00:00:00,30.9,9.3
548,Meerut,Uttar Pradesh,North,28.98002,77.70636,2026-07-15 00:00:00,30.1,9.4
549,Meerut,Uttar Pradesh,North,28.98002,77.70636,2026-07-16 00:00:00,31.9,8.7
550,Meerut,Uttar Pradesh,North,28.98002,77.70636,2026-07-17 00:00:00,32.3,5.8
551,Meerut,Uttar Pradesh,North,28.98002,77.70636,2026-07-18 00:00:00,31.5,7.2
552,Meerut,Uttar Pradesh,North,28.98002,77.70636,2026-07-19 00:00:00,29.8,7.8
553,Meerut,Uttar Pradesh,North,28.98002,77.70636,2026-07-20 00:00:00,28.1,7.2
554,Meerut,Uttar Pradesh,North,28.98002,77.70636,2026-07-21 00:00:00,27.5,12.4
555,Meerut,Uttar Pradesh,North,28.98002,77.70636,2026-07-22 00:00:00,28.5,13
556,Meerut,Uttar Pradesh,North,28.98002,77.70636,2026-07-23 00:00:00,29.4,14.8
557,Meerut,Uttar Pradesh,North,28.98002,77.70636,2026-07-24 00:00:00,28.5,13.6
558,Meerut,Uttar Pradesh,North,28.98002,77.70636,2026-07-25 00:00:00,28.4,12.1
559,Meerut,Uttar Pradesh,North,28.98002,77.70636,2026-07-26 00:00:00,30,4.4
560,Meerut,Uttar Pradesh,North,28.98002,77.70636,2026-07-27 00:00:00,30.8,4.8
561,Meerut,Uttar Pradesh,North,28.98002,77.70636,2026-07-28 00:00:00,27.6,6.3
562,Meerut,Uttar Pradesh,North,28.98002,77.70636,2026-07-29 00:00:00,28.7,4.8
563,Meerut,Uttar Pradesh,North,28.98002,77.70636,2026-07-30 00:00:00,29.5,7.6
564,Meerut,Uttar Pradesh,North,28.98002,77.70636,2026-07-31 00:00:00,29.4,13.4
565,Meerut,Uttar Pradesh,North,28.98002,77.70636,2026-08-01 00:00:00,29,11.3
566,Meerut,Uttar Pradesh,North,28.98002,77.70636,2026-08-02 00:00:00,28.8,6.9
567,Meerut,Uttar Pradesh,North,28.98002,77.70636,2026-08-03 00:00:00,29,8.2
568,Meerut,Uttar Pradesh,North,28.98002,77.70636,2026-08-04 00:00:00,28.1,5.4
569,Meerut,Uttar Pradesh,North,28.98002,77.70636,2026-08-05 00:00:00,28.1,4.4
570,Meerut,Uttar Pradesh,North,28.98002,77.70636,2026-08-06 00:00:00,27,5.6
571,Meerut,Uttar Pradesh,North,28.98002,77.70636,2026-08-07 00:00:00,27,10.4
572,Meerut,Uttar Pradesh,North,28.98002,77.70636,2026-08-08 00:00:00,29.4,10.2
573,Ghaziabad,Uttar Pradesh,North,28.66535,77.43915,2026-07-10 00:00:00,28.8,8.9
574,Ghaziabad,Uttar Pradesh,North,28.66535,77.43915,2026-07-11 00:00:00,30.2,5.4
575,Ghaziabad,Uttar Pradesh,North,28.66535,77.43915,2026-07-12 00:00:00,31.9,8.3
576,Ghaziabad,Uttar Pradesh,North,28.66535,77.43915,2026-07-13 00:00:00,32.1,8.7
577,Ghaziabad,Uttar Pradesh,North,28.66535,77.43915,2026-07-14 00:00:00,31.1,9.6
578,Ghaziabad,Uttar Pradesh,North,28.66535,77.43915,2026-07-15 00:00:00,30.2,8.2
579,Ghaziabad,Uttar Pradesh,North,28.66535,77.43915,2026-07-16 00:00:00,32.8,8.6
580,Ghaziabad,Uttar Pradesh,North,28.66535,77.43915,2026-07-17 00:00:00,32.7,6.1
581,Ghaziabad,Uttar Pradesh,North,28.66535,77.43915,2026-07-18 00:00:00,32.4,8.3
582,Ghaziabad,Uttar Pradesh,North,28.66535,77.43915,2026-07-19 00:00:00,30.9,6.4
583,Ghaziabad,Uttar Pradesh,North,28.66535,77.43915,2026-07-20 00:00:00,28.2,7.1
584,Ghaziabad,Uttar Pradesh,North,28.66535,77.43915,2026-07-21 00:00:00,27.7,10.5
585,Ghaziabad,Uttar Pradesh,North,28.66535,77.43915,2026-07-22 00:00:00,28.7,12.4
586,Ghaziabad,Uttar Pradesh,North,28.66535,77.43915,2026-07-23 00:00:00,29.2,13.3
587,Ghaziabad,Uttar Pradesh,North,28.66535,77.43915,2026-07-24 00:00:00,28.7,13.2
588,Ghaziabad,Uttar Pradesh,North,28.66535,77.43915,2026-07-25 00:00:00,29,12.2
589,Ghaziabad,Uttar Pradesh,North,28.66535,77.43915,2026-07-26 00:00:00,30.2,4.3
590,Ghaziabad,Uttar Pradesh,North,28.66535,77.43915,2026-07-27 00:00:00,31,5.3
591,Ghaziabad,Uttar Pradesh,North,28.66535,77.43915,2026-07-28 00:00:00,27.5,7
592,Ghaziabad,Uttar Pradesh,North,28.66535,77.43915,2026-07-29 00:00:00,28.9,4.4
593,Ghaziabad,Uttar Pradesh,North,28.66535,77.43915,2026-07-30 00:00:00,29.6,8.1
594,Ghaziabad,Uttar Pradesh,North,28.66535,77.43915,2026-07-31 00:00:00,29.7,12.8
595,Ghaziabad,Uttar Pradesh,North,28.66535,77.43915,2026-08-01 00:00:00,29.1,11.3
596,Ghaziabad,Uttar Pradesh,North,28.66535,77.43915,2026-08-02 00:00:00,28.7,7.7
597,Ghaziabad,Uttar Pradesh,North,28.66535,77.43915,2026-08-03 00:00:00,28.7,6.8
598,Ghaziabad,Uttar Pradesh,North,28.66535,77.43915,2026-08-04 00:00:00,27.8,4.6
599,Ghaziabad,Uttar Pradesh,North,28.66535,77.43915,2026-08-05 00:00:00,28.6,4.5
600,Ghaziabad,Uttar Pradesh,North,28.66535,77.43915,2026-08-06 00:00:00,27,6.3
601,Ghaziabad,Uttar Pradesh,North,28.66535,77.43915,2026-08-07 00:00:00,26.7,10.9
602,Ghaziabad,Uttar Pradesh,North,28.66535,77.43915,2026-08-08 00:00:00,28.3,8.3
603,Noida,Uttar Pradesh,North,28.58,77.33,2026-07-10 00:00:00,29.3,7.2
604,Noida,Uttar Pradesh,North,28.58,77.33,2026-07-11 00:00:00,30.8,4.6
605,Noida,Uttar Pradesh,North,28.58,77.33,2026-07-12 00:00:00,32.1,7.7
606,Noida,Uttar Pradesh,North,28.58,77.33,2026-07-13 00:00:00,32.3,8.1
607,Noida,Uttar Pradesh,North,28.58,77.33,2026-07-14 00:00:00,31,8.4
608,Noida,Uttar Pradesh,North,28.58,77.33,2026-07-15 00:00:00,30.8,6.9
609,Noida,Uttar Pradesh,North,28.58,77.33,2026-07-16 00:00:00,34.3,8.4
610,Noida,Uttar Pradesh,North,28.58,77.33,2026-07-17 00:00:00,34.3,6.5
611,Noida,Uttar Pradesh,North,28.58,77.33,2026-07-18 00:00:00,33.9,7.9
612,Noida,Uttar Pradesh,North,28.58,77.33,2026-07-19 00:00:00,32.5,7
613,Noida,Uttar Pradesh,North,28.58,77.33,2026-07-20 00:00:00,28.5,5.8
614,Noida,Uttar Pradesh,North,28.58,77.33,2026-07-21 00:00:00,27.5,8
615,Noida,Uttar Pradesh,North,28.58,77.33,2026-07-22 00:00:00,28.5,10.4
616,Noida,Uttar Pradesh,North,28.58,77.33,2026-07-23 00:00:00,28.9,10.8
617,Noida,Uttar Pradesh,North,28.58,77.33,2026-07-24 00:00:00,28.7,10.4
618,Noida,Uttar Pradesh,North,28.58,77.33,2026-07-25 00:00:00,29.2,9.9
619,Noida,Uttar Pradesh,North,28.58,77.33,2026-07-26 00:00:00,30.5,3.9
620,Noida,Uttar Pradesh,North,28.58,77.33,2026-07-27 00:00:00,31.6,3.9
621,Noida,Uttar Pradesh,North,28.58,77.33,2026-07-28 00:00:00,27.7,6.6
622,Noida,Uttar Pradesh,North,28.58,77.33,2026-07-29 00:00:00,29.3,3
623,Noida,Uttar Pradesh,North,28.58,77.33,2026-07-30 00:00:00,29.8,6.4
624,Noida,Uttar Pradesh,North,28.58,77.33,2026-07-31 00:00:00,29.7,10.8
625,Noida,Uttar Pradesh,North,28.58,77.33,2026-08-01 00:00:00,29.2,9.9
626,Noida,Uttar Pradesh,North,28.58,77.33,2026-08-02 00:00:00,28.9,7.4
627,Noida,Uttar Pradesh,North,28.58,77.33,2026-08-03 00:00:00,28.9,6.1
628,Noida,Uttar Pradesh,North,28.58,77.33,2026-08-04 00:00:00,27.6,4.4
629,Noida,Uttar Pradesh,North,28.58,77.33,2026-08-05 00:00:00,28.6,4.2
630,Noida,Uttar Pradesh,North,28.58,77.33,2026-08-06 00:00:00,27.2,4.9
631,Noida,Uttar Pradesh,North,28.58,77.33,2026-08-07 00:00:00,26.5,9.2
632,Noida,Uttar Pradesh,North,28.58,77.33,2026-08-08 00:00:00,28,7.5
633,Bareilly,Uttar Pradesh,North,28.36678,79.43167,2026-07-10 00:00:00,28.1,8.4
634,Bareilly,Uttar Pradesh,North,28.36678,79.43167,2026-07-11 00:00:00,28.9,7.6
635,Bareilly,Uttar Pradesh,North,28.36678,79.43167,2026-07-12 00:00:00,30.6,7.4
636,Bareilly,Uttar Pradesh,North,28.36678,79.43167,2026-07-13 00:00:00,32,12.5
637,Bareilly,Uttar Pradesh,North,28.36678,79.43167,2026-07-14 00:00:00,31.5,7.8
638,Bareilly,Uttar Pradesh,North,28.36678,79.43167,2026-07-15 00:00:00,30.8,5.7
639,Bareilly,Uttar Pradesh,North,28.36678,79.43167,2026-07-16 00:00:00,31.2,5.4
640,Bareilly,Uttar Pradesh,North,28.36678,79.43167,2026-07-17 00:00:00,29.7,8.2
641,Bareilly,Uttar Pradesh,North,28.36678,79.43167,2026-07-18 00:00:00,28.6,6.8
642,Bareilly,Uttar Pradesh,North,28.36678,79.43167,2026-07-19 00:00:00,27.5,9.8
643,Bareilly,Uttar Pradesh,North,28.36678,79.43167,2026-07-20 00:00:00,26.5,10.2
644,Bareilly,Uttar Pradesh,North,28.36678,79.43167,2026-07-21 00:00:00,27.9,13.6
645,Bareilly,Uttar Pradesh,North,28.36678,79.43167,2026-07-22 00:00:00,28.9,14.1
646,Bareilly,Uttar Pradesh,North,28.36678,79.43167,2026-07-23 00:00:00,29.4,16.8
647,Bareilly,Uttar Pradesh,North,28.36678,79.43167,2026-07-24 00:00:00,28.4,14
648,Bareilly,Uttar Pradesh,North,28.36678,79.43167,2026-07-25 00:00:00,28.3,10.7
649,Bareilly,Uttar Pradesh,North,28.36678,79.43167,2026-07-26 00:00:00,30.4,3.5
650,Bareilly,Uttar Pradesh,North,28.36678,79.43167,2026-07-27 00:00:00,29.3,4.8
651,Bareilly,Uttar Pradesh,North,28.36678,79.43167,2026-07-28 00:00:00,29,6.1
652,Bareilly,Uttar Pradesh,North,28.36678,79.43167,2026-07-29 00:00:00,29.2,4.2
653,Bareilly,Uttar Pradesh,North,28.36678,79.43167,2026-07-30 00:00:00,30,9.2
654,Bareilly,Uttar Pradesh,North,28.36678,79.43167,2026-07-31 00:00:00,29.4,15.4
655,Bareilly,Uttar Pradesh,North,28.36678,79.43167,2026-08-01 00:00:00,29.1,12.7
656,Bareilly,Uttar Pradesh,North,28.36678,79.43167,2026-08-02 00:00:00,29.3,9
657,Bareilly,Uttar Pradesh,North,28.36678,79.43167,2026-08-03 00:00:00,28.7,8.3
658,Bareilly,Uttar Pradesh,North,28.36678,79.43167,2026-08-04 00:00:00,27.8,9
659,Bareilly,Uttar Pradesh,North,28.36678,79.43167,2026-08-05 00:00:00,28.3,4.7
660,Bareilly,Uttar Pradesh,North,28.36678,79.43167,2026-08-06 00:00:00,27.1,10.8
661,Bareilly,Uttar Pradesh,North,28.36678,79.43167,2026-08-07 00:00:00,28.3,12.7
662,Bareilly,Uttar Pradesh,North,28.36678,79.43167,2026-08-08 00:00:00,29.9,12.2
663,Gorakhpur,Uttar Pradesh,North,26.76628,83.36889,2026-07-10 00:00:00,28.3,6.4
664,Gorakhpur,Uttar Pradesh,North,26.76628,83.36889,2026-07-11 00:00:00,28.6,8.1
665,Gorakhpur,Uttar Pradesh,North,26.76628,83.36889,2026-07-12 00:00:00,29.5,12.7
666,Gorakhpur,Uttar Pradesh,North,26.76628,83.36889,2026-07-13 00:00:00,30,9.1
667,Gorakhpur,Uttar Pradesh,North,26.76628,83.36889,2026-07-14 00:00:00,29.5,5.8
668,Gorakhpur,Uttar Pradesh,North,26.76628,83.36889,2026-07-15 00:00:00,29.5,6.1
669,Gorakhpur,Uttar Pradesh,North,26.76628,83.36889,2026-07-16 00:00:00,28.5,8.1
670,Gorakhpur,Uttar Pradesh,North,26.76628,83.36889,2026-07-17 00:00:00,29.8,4.6
671,Gorakhpur,Uttar Pradesh,North,26.76628,83.36889,2026-07-18 00:00:00,28.9,7.2
672,Gorakhpur,Uttar Pradesh,North,26.76628,83.36889,2026-07-19 00:00:00,27.4,8.3
673,Gorakhpur,Uttar Pradesh,North,26.76628,83.36889,2026-07-20 00:00:00,27.2,8.2
674,Gorakhpur,Uttar Pradesh,North,26.76628,83.36889,2026-07-21 00:00:00,28.7,15
675,Gorakhpur,Uttar Pradesh,North,26.76628,83.36889,2026-07-22 00:00:00,28.9,17.1
676,Gorakhpur,Uttar Pradesh,North,26.76628,83.36889,2026-07-23 00:00:00,28.4,14.3
677,Gorakhpur,Uttar Pradesh,North,26.76628,83.36889,2026-07-24 00:00:00,28.5,7.6
678,Gorakhpur,Uttar Pradesh,North,26.76628,83.36889,2026-07-25 00:00:00,30.1,8.5
679,Gorakhpur,Uttar Pradesh,North,26.76628,83.36889,2026-07-26 00:00:00,31.7,3.1
680,Gorakhpur,Uttar Pradesh,North,26.76628,83.36889,2026-07-27 00:00:00,30.1,5.5
681,Gorakhpur,Uttar Pradesh,North,26.76628,83.36889,2026-07-28 00:00:00,30.7,6.6
682,Gorakhpur,Uttar Pradesh,North,26.76628,83.36889,2026-07-29 00:00:00,30.7,14
683,Gorakhpur,Uttar Pradesh,North,26.76628,83.36889,2026-07-30 00:00:00,30.1,18.4
684,Gorakhpur,Uttar Pradesh,North,26.76628,83.36889,2026-07-31 00:00:00,29.5,17.9
685,Gorakhpur,Uttar Pradesh,North,26.76628,83.36889,2026-08-01 00:00:00,29.5,9.5
686,Gorakhpur,Uttar Pradesh,North,26.76628,83.36889,2026-08-02 00:00:00,28.1,6.3
687,Gorakhpur,Uttar Pradesh,North,26.76628,83.36889,2026-08-03 00:00:00,28.3,6.3
688,Gorakhpur,Uttar Pradesh,North,26.76628,83.36889,2026-08-04 00:00:00,28.1,5.4
689,Gorakhpur,Uttar Pradesh,North,26.76628,83.36889,2026-08-05 00:00:00,27.9,7.2
690,Gorakhpur,Uttar Pradesh,North,26.76628,83.36889,2026-08-06 00:00:00,27.9,11.9
691,Gorakhpur,Uttar Pradesh,North,26.76628,83.36889,2026-08-07 00:00:00,29.7,6.6
692,Gorakhpur,Uttar Pradesh,North,26.76628,83.36889,2026-08-08 00:00:00,30.3,13.4
693,Mathura,Uttar Pradesh,North,27.5035,77.67215,2026-07-10 00:00:00,31.2,12.5
694,Mathura,Uttar Pradesh,North,27.5035,77.67215,2026-07-11 00:00:00,31.4,10.7
695,Mathura,Uttar Pradesh,North,27.5035,77.67215,2026-07-12 00:00:00,32.3,13.1
696,Mathura,Uttar Pradesh,North,27.5035,77.67215,2026-07-13 00:00:00,32.5,13.4
697,Mathura,Uttar Pradesh,North,27.5035,77.67215,2026-07-14 00:00:00,32.2,10.3
698,Mathura,Uttar Pradesh,North,27.5035,77.67215,2026-07-15 00:00:00,30,8.9
699,Mathura,Uttar Pradesh,North,27.5035,77.67215,2026-07-16 00:00:00,32.7,9.9
700,Mathura,Uttar Pradesh,North,27.5035,77.67215,2026-07-17 00:00:00,33.1,10
701,Mathura,Uttar Pradesh,North,27.5035,77.67215,2026-07-18 00:00:00,33.1,8.9
702,Mathura,Uttar Pradesh,North,27.5035,77.67215,2026-07-19 00:00:00,31.1,8.6
703,Mathura,Uttar Pradesh,North,27.5035,77.67215,2026-07-20 00:00:00,28.5,10.4
704,Mathura,Uttar Pradesh,North,27.5035,77.67215,2026-07-21 00:00:00,27.1,4.6
705,Mathura,Uttar Pradesh,North,27.5035,77.67215,2026-07-22 00:00:00,29.2,12.8
706,Mathura,Uttar Pradesh,North,27.5035,77.67215,2026-07-23 00:00:00,29.1,13.9
707,Mathura,Uttar Pradesh,North,27.5035,77.67215,2026-07-24 00:00:00,29.6,10.9
708,Mathura,Uttar Pradesh,North,27.5035,77.67215,2026-07-25 00:00:00,30.3,11.1
709,Mathura,Uttar Pradesh,North,27.5035,77.67215,2026-07-26 00:00:00,31.2,6
710,Mathura,Uttar Pradesh,North,27.5035,77.67215,2026-07-27 00:00:00,31.2,6.2
711,Mathura,Uttar Pradesh,North,27.5035,77.67215,2026-07-28 00:00:00,29.3,7.1
712,Mathura,Uttar Pradesh,North,27.5035,77.67215,2026-07-29 00:00:00,29.1,4.1
713,Mathura,Uttar Pradesh,North,27.5035,77.67215,2026-07-30 00:00:00,30.3,9.5
714,Mathura,Uttar Pradesh,North,27.5035,77.67215,2026-07-31 00:00:00,30,14.2
715,Mathura,Uttar Pradesh,North,27.5035,77.67215,2026-08-01 00:00:00,30.1,11.1
716,Mathura,Uttar Pradesh,North,27.5035,77.67215,2026-08-02 00:00:00,30.2,8.5
717,Mathura,Uttar Pradesh,North,27.5035,77.67215,2026-08-03 00:00:00,28.3,6.5
718,Mathura,Uttar Pradesh,North,27.5035,77.67215,2026-08-04 00:00:00,27.9,6.8
719,Mathura,Uttar Pradesh,North,27.5035,77.67215,2026-08-05 00:00:00,28.7,6.9
720,Mathura,Uttar Pradesh,North,27.5035,77.67215,2026-08-06 00:00:00,27.5,10.3
721,Mathura,Uttar Pradesh,North,27.5035,77.67215,2026-08-07 00:00:00,27.5,7.5
722,Mathura,Uttar Pradesh,North,27.5035,77.67215,2026-08-08 00:00:00,28.8,9.6
723,Dehradun,Uttarakhand,North,30.32443,78.03392,2026-07-10 00:00:00,24.2,5.7
724,Dehradun,Uttarakhand,North,30.32443,78.03392,2026-07-11 00:00:00,25.4,2.5
725,Dehradun,Uttarakhand,North,30.32443,78.03392,2026-07-12 00:00:00,27.1,4.2
726,Dehradun,Uttarakhand,North,30.32443,78.03392,2026-07-13 00:00:00,27.9,5.1
727,Dehradun,Uttarakhand,North,30.32443,78.03392,2026-07-14 00:00:00,27.9,4.9
728,Dehradun,Uttarakhand,North,30.32443,78.03392,2026-07-15 00:00:00,27.2,3.4
729,Dehradun,Uttarakhand,North,30.32443,78.03392,2026-07-16 00:00:00,28.1,5.8
730,Dehradun,Uttarakhand,North,30.32443,78.03392,2026-07-17 00:00:00,27.5,6.5
731,Dehradun,Uttarakhand,North,30.32443,78.03392,2026-07-18 00:00:00,26.7,3.7
732,Dehradun,Uttarakhand,North,30.32443,78.03392,2026-07-19 00:00:00,25.6,4.1
733,Dehradun,Uttarakhand,North,30.32443,78.03392,2026-07-20 00:00:00,24.4,5.5
734,Dehradun,Uttarakhand,North,30.32443,78.03392,2026-07-21 00:00:00,25.9,2.8
735,Dehradun,Uttarakhand,North,30.32443,78.03392,2026-07-22 00:00:00,25.9,3
736,Dehradun,Uttarakhand,North,30.32443,78.03392,2026-07-23 00:00:00,25.9,2.2
737,Dehradun,Uttarakhand,North,30.32443,78.03392,2026-07-24 00:00:00,26.7,3.5
738,Dehradun,Uttarakhand,North,30.32443,78.03392,2026-07-25 00:00:00,26,3.9
739,Dehradun,Uttarakhand,North,30.32443,78.03392,2026-07-26 00:00:00,27.2,2.6
740,Dehradun,Uttarakhand,North,30.32443,78.03392,2026-07-27 00:00:00,25.7,3.3
741,Dehradun,Uttarakhand,North,30.32443,78.03392,2026-07-28 00:00:00,24.3,4.2
742,Dehradun,Uttarakhand,North,30.32443,78.03392,2026-07-29 00:00:00,26.6,4
743,Dehradun,Uttarakhand,North,30.32443,78.03392,2026-07-30 00:00:00,26.3,4.4
744,Dehradun,Uttarakhand,North,30.32443,78.03392,2026-07-31 00:00:00,26.7,3.8
745,Dehradun,Uttarakhand,North,30.32443,78.03392,2026-08-01 00:00:00,26.3,3.2
746,Dehradun,Uttarakhand,North,30.32443,78.03392,2026-08-02 00:00:00,26.4,2.8
747,Dehradun,Uttarakhand,North,30.32443,78.03392,2026-08-03 00:00:00,26.5,3.2
748,Dehradun,Uttarakhand,North,30.32443,78.03392,2026-08-04 00:00:00,25.5,4.5
749,Dehradun,Uttarakhand,North,30.32443,78.03392,2026-08-05 00:00:00,25.3,3.1
750,Dehradun,Uttarakhand,North,30.32443,78.03392,2026-08-06 00:00:00,24,5
751,Dehradun,Uttarakhand,North,30.32443,78.03392,2026-08-07 00:00:00,25.6,5.6
752,Dehradun,Uttarakhand,North,30.32443,78.03392,2026-08-08 00:00:00,26.9,3.1
753,Haridwar,Uttarakhand,North,29.94791,78.16025,2026-07-10 00:00:00,26.7,6.4
754,Haridwar,Uttarakhand,North,29.94791,78.16025,2026-07-11 00:00:00,27.4,5.4
755,Haridwar,Uttarakhand,North,29.94791,78.16025,2026-07-12 00:00:00,29.1,6.2
756,Haridwar,Uttarakhand,North,29.94791,78.16025,2026-07-13 00:00:00,30.4,6
757,Haridwar,Uttarakhand,North,29.94791,78.16025,2026-07-14 00:00:00,30.2,7.2
758,Haridwar,Uttarakhand,North,29.94791,78.16025,2026-07-15 00:00:00,29.5,6.4
759,Haridwar,Uttarakhand,North,29.94791,78.16025,2026-07-16 00:00:00,30.7,6.3
760,Haridwar,Uttarakhand,North,29.94791,78.16025,2026-07-17 00:00:00,30,5.8
761,Haridwar,Uttarakhand,North,29.94791,78.16025,2026-07-18 00:00:00,28.8,4.7
762,Haridwar,Uttarakhand,North,29.94791,78.16025,2026-07-19 00:00:00,27.8,6.8
763,Haridwar,Uttarakhand,North,29.94791,78.16025,2026-07-20 00:00:00,26.5,8.9
764,Haridwar,Uttarakhand,North,29.94791,78.16025,2026-07-21 00:00:00,28.2,5.4
765,Haridwar,Uttarakhand,North,29.94791,78.16025,2026-07-22 00:00:00,28.7,7.6
766,Haridwar,Uttarakhand,North,29.94791,78.16025,2026-07-23 00:00:00,28.6,5.5
767,Haridwar,Uttarakhand,North,29.94791,78.16025,2026-07-24 00:00:00,29.5,9.5
768,Haridwar,Uttarakhand,North,29.94791,78.16025,2026-07-25 00:00:00,28.8,8.2
769,Haridwar,Uttarakhand,North,29.94791,78.16025,2026-07-26 00:00:00,30.1,3.3
770,Haridwar,Uttarakhand,North,29.94791,78.16025,2026-07-27 00:00:00,28.7,4.4
771,Haridwar,Uttarakhand,North,29.94791,78.16025,2026-07-28 00:00:00,26.5,4.4
772,Haridwar,Uttarakhand,North,29.94791,78.16025,2026-07-29 00:00:00,28.7,5.5
773,Haridwar,Uttarakhand,North,29.94791,78.16025,2026-07-30 00:00:00,28.2,7.8
774,Haridwar,Uttarakhand,North,29.94791,78.16025,2026-07-31 00:00:00,28.8,7.8
775,Haridwar,Uttarakhand,North,29.94791,78.16025,2026-08-01 00:00:00,29,7.3
776,Haridwar,Uttarakhand,North,29.94791,78.16025,2026-08-02 00:00:00,28.8,5.7
777,Haridwar,Uttarakhand,North,29.94791,78.16025,2026-08-03 00:00:00,29.1,5.4
778,Haridwar,Uttarakhand,North,29.94791,78.16025,2026-08-04 00:00:00,27.5,4.3
779,Haridwar,Uttarakhand,North,29.94791,78.16025,2026-08-05 00:00:00,28.1,3.5
780,Haridwar,Uttarakhand,North,29.94791,78.16025,2026-08-06 00:00:00,26,5.2
781,Haridwar,Uttarakhand,North,29.94791,78.16025,2026-08-07 00:00:00,27.9,4.2
782,Haridwar,Uttarakhand,North,29.94791,78.16025,2026-08-08 00:00:00,29.5,7.8
783,Shimla,Himachal Pradesh,North,31.10442,77.16662,2026-07-10 00:00:00,16.4,2.4
784,Shimla,Himachal Pradesh,North,31.10442,77.16662,2026-07-11 00:00:00,17.9,3
785,Shimla,Himachal Pradesh,North,31.10442,77.16662,2026-07-12 00:00:00,19.4,5.7
786,Shimla,Himachal Pradesh,North,31.10442,77.16662,2026-07-13 00:00:00,19.1,5.7
787,Shimla,Himachal Pradesh,North,31.10442,77.16662,2026-07-14 00:00:00,18.5,4.9
788,Shimla,Himachal Pradesh,North,31.10442,77.16662,2026-07-15 00:00:00,18.9,7.2
789,Shimla,Himachal Pradesh,North,31.10442,77.16662,2026-07-16 00:00:00,19.1,6.7
790,Shimla,Himachal Pradesh,North,31.10442,77.16662,2026-07-17 00:00:00,19,6.6
791,Shimla,Himachal Pradesh,North,31.10442,77.16662,2026-07-18 00:00:00,19.6,7.9
792,Shimla,Himachal Pradesh,North,31.10442,77.16662,2026-07-19 00:00:00,19.1,6.2
793,Shimla,Himachal Pradesh,North,31.10442,77.16662,2026-07-20 00:00:00,18.4,4.1
794,Shimla,Himachal Pradesh,North,31.10442,77.16662,2026-07-21 00:00:00,17.3,3.2
795,Shimla,Himachal Pradesh,North,31.10442,77.16662,2026-07-22 00:00:00,17.2,3.7
796,Shimla,Himachal Pradesh,North,31.10442,77.16662,2026-07-23 00:00:00,17.3,2.9
797,Shimla,Himachal Pradesh,North,31.10442,77.16662,2026-07-24 00:00:00,17.7,3.5
798,Shimla,Himachal Pradesh,North,31.10442,77.16662,2026-07-25 00:00:00,17.6,3.6
799,Shimla,Himachal Pradesh,North,31.10442,77.16662,2026-07-26 00:00:00,18.2,4
800,Shimla,Himachal Pradesh,North,31.10442,77.16662,2026-07-27 00:00:00,18.4,5
801,Shimla,Himachal Pradesh,North,31.10442,77.16662,2026-07-28 00:00:00,17.9,3.7
802,Shimla,Himachal Pradesh,North,31.10442,77.16662,2026-07-29 00:00:00,18.1,4.3
803,Shimla,Himachal Pradesh,North,31.10442,77.16662,2026-07-30 00:00:00,18.2,4.6
804,Shimla,Himachal Pradesh,North,31.10442,77.16662,2026-07-31 00:00:00,17.4,4.1
805,Shimla,Himachal Pradesh,North,31.10442,77.16662,2026-08-01 00:00:00,17.7,4.7
806,Shimla,Himachal Pradesh,North,31.10442,77.16662,2026-08-02 00:00:00,17.9,3.9
807,Shimla,Himachal Pradesh,North,31.10442,77.16662,2026-08-03 00:00:00,17.8,3.5
808,Shimla,Himachal Pradesh,North,31.10442,77.16662,2026-08-04 00:00:00,16.9,2.5
809,Shimla,Himachal Pradesh,North,31.10442,77.16662,2026-08-05 00:00:00,17.3,3
810,Shimla,Himachal Pradesh,North,31.10442,77.16662,2026-08-06 00:00:00,17.4,2.9
811,Shimla,Himachal Pradesh,North,31.10442,77.16662,2026-08-07 00:00:00,17.6,3.6
812,Shimla,Himachal Pradesh,North,31.10442,77.16662,2026-08-08 00:00:00,18.2,3.4
813,Jammu,Jammu and Kashmir,North,32.73528,74.86167,2026-07-10 00:00:00,29.3,6.6
814,Jammu,Jammu and Kashmir,North,32.73528,74.86167,2026-07-11 00:00:00,28.2,6.8
815,Jammu,Jammu and Kashmir,North,32.73528,74.86167,2026-07-12 00:00:00,27.3,5
816,Jammu,Jammu and Kashmir,North,32.73528,74.86167,2026-07-13 00:00:00,28.5,3.2
817,Jammu,Jammu and Kashmir,North,32.73528,74.86167,2026-07-14 00:00:00,29.7,5.3
818,Jammu,Jammu and Kashmir,North,32.73528,74.86167,2026-07-15 00:00:00,28.5,4.1
819,Jammu,Jammu and Kashmir,North,32.73528,74.86167,2026-07-16 00:00:00,30.3,4.4
820,Jammu,Jammu and Kashmir,North,32.73528,74.86167,2026-07-17 00:00:00,30.2,7.8
821,Jammu,Jammu and Kashmir,North,32.73528,74.86167,2026-07-18 00:00:00,31,5.9
822,Jammu,Jammu and Kashmir,North,32.73528,74.86167,2026-07-19 00:00:00,29.4,7.6
823,Jammu,Jammu and Kashmir,North,32.73528,74.86167,2026-07-20 00:00:00,27.8,6.2
824,Jammu,Jammu and Kashmir,North,32.73528,74.86167,2026-07-21 00:00:00,25.1,8.7
825,Jammu,Jammu and Kashmir,North,32.73528,74.86167,2026-07-22 00:00:00,25.3,11.5
826,Jammu,Jammu and Kashmir,North,32.73528,74.86167,2026-07-23 00:00:00,25.3,8.4
827,Jammu,Jammu and Kashmir,North,32.73528,74.86167,2026-07-24 00:00:00,26.9,7.1
828,Jammu,Jammu and Kashmir,North,32.73528,74.86167,2026-07-25 00:00:00,27.2,6.7
829,Jammu,Jammu and Kashmir,North,32.73528,74.86167,2026-07-26 00:00:00,29.5,3.1
830,Jammu,Jammu and Kashmir,North,32.73528,74.86167,2026-07-27 00:00:00,30.1,4.7
831,Jammu,Jammu and Kashmir,North,32.73528,74.86167,2026-07-28 00:00:00,29.1,6.7
832,Jammu,Jammu and Kashmir,North,32.73528,74.86167,2026-07-29 00:00:00,27.1,4.7
833,Jammu,Jammu and Kashmir,North,32.73528,74.86167,2026-07-30 00:00:00,29,6.4
834,Jammu,Jammu and Kashmir,North,32.73528,74.86167,2026-07-31 00:00:00,28.1,9.2
835,Jammu,Jammu and Kashmir,North,32.73528,74.86167,2026-08-01 00:00:00,29.1,6.9
836,Jammu,Jammu and Kashmir,North,32.73528,74.86167,2026-08-02 00:00:00,28.7,4.9
837,Jammu,Jammu and Kashmir,North,32.73528,74.86167,2026-08-03 00:00:00,28.1,3.9
838,Jammu,Jammu and Kashmir,North,32.73528,74.86167,2026-08-04 00:00:00,28.8,3.7
839,Jammu,Jammu and Kashmir,North,32.73528,74.86167,2026-08-05 00:00:00,27.9,4.5
840,Jammu,Jammu and Kashmir,North,32.73528,74.86167,2026-08-06 00:00:00,28,5.9
841,Jammu,Jammu and Kashmir,North,32.73528,74.86167,2026-08-07 00:00:00,27.5,5.9
842,Jammu,Jammu and Kashmir,North,32.73528,74.86167,2026-08-08 00:00:00,27.5,4.7
843,Srinagar,Jammu and Kashmir,North,34.08565,74.80555,2026-07-10 00:00:00,25.9,3.1
844,Srinagar,Jammu and Kashmir,North,34.08565,74.80555,2026-07-11 00:00:00,23.9,3.4
845,Srinagar,Jammu and Kashmir,North,34.08565,74.80555,2026-07-12 00:00:00,20.1,4.5
846,Srinagar,Jammu and Kashmir,North,34.08565,74.80555,2026-07-13 00:00:00,20.7,2.4
847,Srinagar,Jammu and Kashmir,North,34.08565,74.80555,2026-07-14 00:00:00,22.9,2.4
848,Srinagar,Jammu and Kashmir,North,34.08565,74.80555,2026-07-15 00:00:00,23.8,2.7
849,Srinagar,Jammu and Kashmir,North,34.08565,74.80555,2026-07-16 00:00:00,25.5,2.6
850,Srinagar,Jammu and Kashmir,North,34.08565,74.80555,2026-07-17 00:00:00,27.1,2
851,Srinagar,Jammu and Kashmir,North,34.08565,74.80555,2026-07-18 00:00:00,28.7,2.6
852,Srinagar,Jammu and Kashmir,North,34.08565,74.80555,2026-07-19 00:00:00,25.3,3.7
853,Srinagar,Jammu and Kashmir,North,34.08565,74.80555,2026-07-20 00:00:00,23.7,3.7
854,Srinagar,Jammu and Kashmir,North,34.08565,74.80555,2026-07-21 00:00:00,20.3,4.1
855,Srinagar,Jammu and Kashmir,North,34.08565,74.80555,2026-07-22 00:00:00,18.1,2.1
856,Srinagar,Jammu and Kashmir,North,34.08565,74.80555,2026-07-23 00:00:00,19,3
857,Srinagar,Jammu and Kashmir,North,34.08565,74.80555,2026-07-24 00:00:00,19.3,2.3
858,Srinagar,Jammu and Kashmir,North,34.08565,74.80555,2026-07-25 00:00:00,18.4,3
859,Srinagar,Jammu and Kashmir,North,34.08565,74.80555,2026-07-26 00:00:00,21.1,3.1
860,Srinagar,Jammu and Kashmir,North,34.08565,74.80555,2026-07-27 00:00:00,23.7,2.2
861,Srinagar,Jammu and Kashmir,North,34.08565,74.80555,2026-07-28 00:00:00,24,3.7
862,Srinagar,Jammu and Kashmir,North,34.08565,74.80555,2026-07-29 00:00:00,22,2.7
863,Srinagar,Jammu and Kashmir,North,34.08565,74.80555,2026-07-30 00:00:00,23.6,3
864,Srinagar,Jammu and Kashmir,North,34.08565,74.80555,2026-07-31 00:00:00,23.1,3.5
865,Srinagar,Jammu and Kashmir,North,34.08565,74.80555,2026-08-01 00:00:00,22.5,3.5
866,Srinagar,Jammu and Kashmir,North,34.08565,74.80555,2026-08-02 00:00:00,23.4,3
867,Srinagar,Jammu and Kashmir,North,34.08565,74.80555,2026-08-03 00:00:00,23.7,2.8
868,Srinagar,Jammu and Kashmir,North,34.08565,74.80555,2026-08-04 00:00:00,23,3.9
869,Srinagar,Jammu and Kashmir,North,34.08565,74.80555,2026-08-05 00:00:00,23.4,3.1
870,Srinagar,Jammu and Kashmir,North,34.08565,74.80555,2026-08-06 00:00:00,21.8,4.2
871,Srinagar,Jammu and Kashmir,North,34.08565,74.80555,2026-08-07 00:00:00,22.2,3.3
872,Srinagar,Jammu and Kashmir,North,34.08565,74.80555,2026-08-08 00:00:00,20.8,4.1
873,Leh,Ladakh,North,34.16504,77.58402,2026-07-10 00:00:00,15.2,2.7
874,Leh,Ladakh,North,34.16504,77.58402,2026-07-11 00:00:00,14.1,3.8
875,Leh,Ladakh,North,34.16504,77.58402,2026-07-12 00:00:00,12.9,3.3
876,Leh,Ladakh,North,34.16504,77.58402,2026-07-13 00:00:00,13,3.3
877,Leh,Ladakh,North,34.16504,77.58402,2026-07-14 00:00:00,13.4,4
878,Leh,Ladakh,North,34.16504,77.58402,2026-07-15 00:00:00,12.4,2.2
879,Leh,Ladakh,North,34.16504,77.58402,2026-07-16 00:00:00,15.6,3.2
880,Leh,Ladakh,North,34.16504,77.58402,2026-07-17 00:00:00,18.3,2.7
881,Leh,Ladakh,North,34.16504,77.58402,2026-07-18 00:00:00,20.1,3.1
882,Leh,Ladakh,North,34.16504,77.58402,2026-07-19 00:00:00,19.7,4.3
883,Leh,Ladakh,North,34.16504,77.58402,2026-07-20 00:00:00,17.3,2.9
884,Leh,Ladakh,North,34.16504,77.58402,2026-07-21 00:00:00,14.1,2.1
885,Leh,Ladakh,North,34.16504,77.58402,2026-07-22 00:00:00,13.7,3.2
886,Leh,Ladakh,North,34.16504,77.58402,2026-07-23 00:00:00,13.4,3.5
887,Leh,Ladakh,North,34.16504,77.58402,2026-07-24 00:00:00,13.3,3.9
888,Leh,Ladakh,North,34.16504,77.58402,2026-07-25 00:00:00,14.6,3.5
889,Leh,Ladakh,North,34.16504,77.58402,2026-07-26 00:00:00,16,2.5
890,Leh,Ladakh,North,34.16504,77.58402,2026-07-27 00:00:00,16.3,2.3
891,Leh,Ladakh,North,34.16504,77.58402,2026-07-28 00:00:00,16.5,2.1
892,Leh,Ladakh,North,34.16504,77.58402,2026-07-29 00:00:00,15.3,2.9
893,Leh,Ladakh,North,34.16504,77.58402,2026-07-30 00:00:00,15.7,2.8
894,Leh,Ladakh,North,34.16504,77.58402,2026-07-31 00:00:00,15.5,2.9
895,Leh,Ladakh,North,34.16504,77.58402,2026-08-01 00:00:00,14.2,2.9
896,Leh,Ladakh,North,34.16504,77.58402,2026-08-02 00:00:00,14.5,3
897,Leh,Ladakh,North,34.16504,77.58402,2026-08-03 00:00:00,16.1,2.7
898,Leh,Ladakh,North,34.16504,77.58402,2026-08-04 00:00:00,15.9,2.5
899,Leh,Ladakh,North,34.16504,77.58402,2026-08-05 00:00:00,14.9,3.2
900,Leh,Ladakh,North,34.16504,77.58402,2026-08-06 00:00:00,15.3,1.7
901,Leh,Ladakh,North,34.16504,77.58402,2026-08-07 00:00:00,14.3,2.8
902,Leh,Ladakh,North,34.16504,77.58402,2026-08-08 00:00:00,13.7,2.3
903,Mumbai,Maharashtra,West,19.07283,72.88261,2026-07-10 00:00:00,28.4,15.9
904,Mumbai,Maharashtra,West,19.07283,72.88261,2026-07-11 00:00:00,28.3,17.9
905,Mumbai,Maharashtra,West,19.07283,72.88261,2026-07-12 00:00:00,28.5,18.9
906,Mumbai,Maharashtra,West,19.07283,72.88261,2026-07-13 00:00:00,28.7,17.1
907,Mumbai,Maharashtra,West,19.07283,72.88261,2026-07-14 00:00:00,28.6,14.3
908,Mumbai,Maharashtra,West,19.07283,72.88261,2026-07-15 00:00:00,27.8,13.5
909,Mumbai,Maharashtra,West,19.07283,72.88261,2026-07-16 00:00:00,27.6,9.3
910,Mumbai,Maharashtra,West,19.07283,72.88261,2026-07-17 00:00:00,27.7,10.5
911,Mumbai,Maharashtra,West,19.07283,72.88261,2026-07-18 00:00:00,27.4,11.3
912,Mumbai,Maharashtra,West,19.07283,72.88261,2026-07-19 00:00:00,26.9,12.9
913,Mumbai,Maharashtra,West,19.07283,72.88261,2026-07-20 00:00:00,26.7,16
914,Mumbai,Maharashtra,West,19.07283,72.88261,2026-07-21 00:00:00,27.2,19.2
915,Mumbai,Maharashtra,West,19.07283,72.88261,2026-07-22 00:00:00,26.7,24.5
916,Mumbai,Maharashtra,West,19.07283,72.88261,2026-07-23 00:00:00,26.9,28.4
917,Mumbai,Maharashtra,West,19.07283,72.88261,2026-07-24 00:00:00,27.2,23.5
918,Mumbai,Maharashtra,West,19.07283,72.88261,2026-07-25 00:00:00,27.8,18.2
919,Mumbai,Maharashtra,West,19.07283,72.88261,2026-07-26 00:00:00,27,12.3
920,Mumbai,Maharashtra,West,19.07283,72.88261,2026-07-27 00:00:00,26.9,11
921,Mumbai,Maharashtra,West,19.07283,72.88261,2026-07-28 00:00:00,27.8,15
922,Mumbai,Maharashtra,West,19.07283,72.88261,2026-07-29 00:00:00,27.9,20.4
923,Mumbai,Maharashtra,West,19.07283,72.88261,2026-07-30 00:00:00,27.3,17.5
924,Mumbai,Maharashtra,West,19.07283,72.88261,2026-07-31 00:00:00,27.4,20.5
925,Mumbai,Maharashtra,West,19.07283,72.88261,2026-08-01 00:00:00,27.8,21.8
926,Mumbai,Maharashtra,West,19.07283,72.88261,2026-08-02 00:00:00,27.5,18.5
927,Mumbai,Maharashtra,West,19.07283,72.88261,2026-08-03 00:00:00,27.4,14.6
928,Mumbai,Maharashtra,West,19.07283,72.88261,2026-08-04 00:00:00,27.4,13.4
929,Mumbai,Maharashtra,West,19.07283,72.88261,2026-08-05 00:00:00,27,12.6
930,Mumbai,Maharashtra,West,19.07283,72.88261,2026-08-06 00:00:00,27.6,15.7
931,Mumbai,Maharashtra,West,19.07283,72.88261,2026-08-07 00:00:00,27.9,17.2
932,Mumbai,Maharashtra,West,19.07283,72.88261,2026-08-08 00:00:00,27.7,15.2
933,Pune,Maharashtra,West,18.51957,73.85535,2026-07-10 00:00:00,25.3,16
934,Pune,Maharashtra,West,18.51957,73.85535,2026-07-11 00:00:00,25.2,18
935,Pune,Maharashtra,West,18.51957,73.85535,2026-07-12 00:00:00,25.5,19.3
936,Pune,Maharashtra,West,18.51957,73.85535,2026-07-13 00:00:00,25.4,17.3
937,Pune,Maharashtra,West,18.51957,73.85535,2026-07-14 00:00:00,25.6,15.7
938,Pune,Maharashtra,West,18.51957,73.85535,2026-07-15 00:00:00,24.8,14.4
939,Pune,Maharashtra,West,18.51957,73.85535,2026-07-16 00:00:00,25.3,13.4
940,Pune,Maharashtra,West,18.51957,73.85535,2026-07-17 00:00:00,25.1,14.8
941,Pune,Maharashtra,West,18.51957,73.85535,2026-07-18 00:00:00,24.5,14.8
942,Pune,Maharashtra,West,18.51957,73.85535,2026-07-19 00:00:00,24.4,14.9
943,Pune,Maharashtra,West,18.51957,73.85535,2026-07-20 00:00:00,24.2,16.5
944,Pune,Maharashtra,West,18.51957,73.85535,2026-07-21 00:00:00,23.9,19.1
945,Pune,Maharashtra,West,18.51957,73.85535,2026-07-22 00:00:00,23.2,21.9
946,Pune,Maharashtra,West,18.51957,73.85535,2026-07-23 00:00:00,23.1,24.1
947,Pune,Maharashtra,West,18.51957,73.85535,2026-07-24 00:00:00,24,21.4
948,Pune,Maharashtra,West,18.51957,73.85535,2026-07-25 00:00:00,24.4,16.8
949,Pune,Maharashtra,West,18.51957,73.85535,2026-07-26 00:00:00,24.4,15.4
950,Pune,Maharashtra,West,18.51957,73.85535,2026-07-27 00:00:00,24.3,14.2
951,Pune,Maharashtra,West,18.51957,73.85535,2026-07-28 00:00:00,24.4,16.3
952,Pune,Maharashtra,West,18.51957,73.85535,2026-07-29 00:00:00,24.5,18.9
953,Pune,Maharashtra,West,18.51957,73.85535,2026-07-30 00:00:00,24.3,19.7
954,Pune,Maharashtra,West,18.51957,73.85535,2026-07-31 00:00:00,23.6,18.6
955,Pune,Maharashtra,West,18.51957,73.85535,2026-08-01 00:00:00,24.4,20.9
956,Pune,Maharashtra,West,18.51957,73.85535,2026-08-02 00:00:00,24.5,17.7
957,Pune,Maharashtra,West,18.51957,73.85535,2026-08-03 00:00:00,24,14.8
958,Pune,Maharashtra,West,18.51957,73.85535,2026-08-04 00:00:00,24.8,13.9
959,Pune,Maharashtra,West,18.51957,73.85535,2026-08-05 00:00:00,24.2,14
960,Pune,Maharashtra,West,18.51957,73.85535,2026-08-06 00:00:00,24.4,16.3
961,Pune,Maharashtra,West,18.51957,73.85535,2026-08-07 00:00:00,24.4,18.6
962,Pune,Maharashtra,West,18.51957,73.85535,2026-08-08 00:00:00,24.5,16.5
963,Nagpur,Maharashtra,West,21.14631,79.08491,2026-07-10 00:00:00,29.3,12.1
964,Nagpur,Maharashtra,West,21.14631,79.08491,2026-07-11 00:00:00,29.1,14.5
965,Nagpur,Maharashtra,West,21.14631,79.08491,2026-07-12 00:00:00,29.1,12.6
966,Nagpur,Maharashtra,West,21.14631,79.08491,2026-07-13 00:00:00,29.9,11.6
967,Nagpur,Maharashtra,West,21.14631,79.08491,2026-07-14 00:00:00,30.1,13.5
968,Nagpur,Maharashtra,West,21.14631,79.08491,2026-07-15 00:00:00,29.8,11.3
969,Nagpur,Maharashtra,West,21.14631,79.08491,2026-07-16 00:00:00,31,11.2
970,Nagpur,Maharashtra,West,21.14631,79.08491,2026-07-17 00:00:00,27.5,5.8
971,Nagpur,Maharashtra,West,21.14631,79.08491,2026-07-18 00:00:00,26.3,9.5
972,Nagpur,Maharashtra,West,21.14631,79.08491,2026-07-19 00:00:00,28,8
973,Nagpur,Maharashtra,West,21.14631,79.08491,2026-07-20 00:00:00,27.2,5.7
974,Nagpur,Maharashtra,West,21.14631,79.08491,2026-07-21 00:00:00,25.1,12.3
975,Nagpur,Maharashtra,West,21.14631,79.08491,2026-07-22 00:00:00,24.9,16.3
976,Nagpur,Maharashtra,West,21.14631,79.08491,2026-07-23 00:00:00,25.8,16.5
977,Nagpur,Maharashtra,West,21.14631,79.08491,2026-07-24 00:00:00,26.8,11.8
978,Nagpur,Maharashtra,West,21.14631,79.08491,2026-07-25 00:00:00,27.9,9.7
979,Nagpur,Maharashtra,West,21.14631,79.08491,2026-07-26 00:00:00,28.2,9.7
980,Nagpur,Maharashtra,West,21.14631,79.08491,2026-07-27 00:00:00,27.1,9.5
981,Nagpur,Maharashtra,West,21.14631,79.08491,2026-07-28 00:00:00,26.5,9.4
982,Nagpur,Maharashtra,West,21.14631,79.08491,2026-07-29 00:00:00,26.3,16.2
983,Nagpur,Maharashtra,West,21.14631,79.08491,2026-07-30 00:00:00,26.3,10.5
984,Nagpur,Maharashtra,West,21.14631,79.08491,2026-07-31 00:00:00,25.9,14
985,Nagpur,Maharashtra,West,21.14631,79.08491,2026-08-01 00:00:00,27.4,10.9
986,Nagpur,Maharashtra,West,21.14631,79.08491,2026-08-02 00:00:00,28.1,10.6
987,Nagpur,Maharashtra,West,21.14631,79.08491,2026-08-03 00:00:00,28.7,8.5
988,Nagpur,Maharashtra,West,21.14631,79.08491,2026-08-04 00:00:00,28.7,7.8
989,Nagpur,Maharashtra,West,21.14631,79.08491,2026-08-05 00:00:00,28.9,9.7
990,Nagpur,Maharashtra,West,21.14631,79.08491,2026-08-06 00:00:00,28.9,10.2
991,Nagpur,Maharashtra,West,21.14631,79.08491,2026-08-07 00:00:00,27.2,11.6
992,Nagpur,Maharashtra,West,21.14631,79.08491,2026-08-08 00:00:00,27,9.6
993,Nashik,Maharashtra,West,19.99727,73.79096,2026-07-10 00:00:00,25.4,20
994,Nashik,Maharashtra,West,19.99727,73.79096,2026-07-11 00:00:00,25.4,23
995,Nashik,Maharashtra,West,19.99727,73.79096,2026-07-12 00:00:00,25.6,24
996,Nashik,Maharashtra,West,19.99727,73.79096,2026-07-13 00:00:00,25.4,21.9
997,Nashik,Maharashtra,West,19.99727,73.79096,2026-07-14 00:00:00,25.1,18.3
998,Nashik,Maharashtra,West,19.99727,73.79096,2026-07-15 00:00:00,24.3,15.4
999,Nashik,Maharashtra,West,19.99727,73.79096,2026-07-16 00:00:00,24.9,14.7
1000,Nashik,Maharashtra,West,19.99727,73.79096,2026-07-17 00:00:00,24.2,14.3
1001,Nashik,Maharashtra,West,19.99727,73.79096,2026-07-18 00:00:00,24.1,15
1002,Nashik,Maharashtra,West,19.99727,73.79096,2026-07-19 00:00:00,23.5,13.2
1003,Nashik,Maharashtra,West,19.99727,73.79096,2026-07-20 00:00:00,23.6,18.2
1004,Nashik,Maharashtra,West,19.99727,73.79096,2026-07-21 00:00:00,23.4,20.2
1005,Nashik,Maharashtra,West,19.99727,73.79096,2026-07-22 00:00:00,23.1,26.5
1006,Nashik,Maharashtra,West,19.99727,73.79096,2026-07-23 00:00:00,22.7,28.2
1007,Nashik,Maharashtra,West,19.99727,73.79096,2026-07-24 00:00:00,23.2,22.1
1008,Nashik,Maharashtra,West,19.99727,73.79096,2026-07-25 00:00:00,23.3,17.4
1009,Nashik,Maharashtra,West,19.99727,73.79096,2026-07-26 00:00:00,23.6,14.8
1010,Nashik,Maharashtra,West,19.99727,73.79096,2026-07-27 00:00:00,24.1,15.9
1011,Nashik,Maharashtra,West,19.99727,73.79096,2026-07-28 00:00:00,24.5,16.8
1012,Nashik,Maharashtra,West,19.99727,73.79096,2026-07-29 00:00:00,24.4,18.6
1013,Nashik,Maharashtra,West,19.99727,73.79096,2026-07-30 00:00:00,24.2,16.6
1014,Nashik,Maharashtra,West,19.99727,73.79096,2026-07-31 00:00:00,23.2,20.2
1015,Nashik,Maharashtra,West,19.99727,73.79096,2026-08-01 00:00:00,23.5,21.1
1016,Nashik,Maharashtra,West,19.99727,73.79096,2026-08-02 00:00:00,24,18.4
1017,Nashik,Maharashtra,West,19.99727,73.79096,2026-08-03 00:00:00,24.4,16.4
1018,Nashik,Maharashtra,West,19.99727,73.79096,2026-08-04 00:00:00,24.4,14.9
1019,Nashik,Maharashtra,West,19.99727,73.79096,2026-08-05 00:00:00,24.1,14.2
1020,Nashik,Maharashtra,West,19.99727,73.79096,2026-08-06 00:00:00,24.6,17.8
1021,Nashik,Maharashtra,West,19.99727,73.79096,2026-08-07 00:00:00,24.2,19.3
1022,Nashik,Maharashtra,West,19.99727,73.79096,2026-08-08 00:00:00,24.4,16.6
1023,Aurangabad,Maharashtra,West,19.87757,75.34226,2026-07-10 00:00:00,26.8,18.4
1024,Aurangabad,Maharashtra,West,19.87757,75.34226,2026-07-11 00:00:00,26.6,20.3
1025,Aurangabad,Maharashtra,West,19.87757,75.34226,2026-07-12 00:00:00,26.9,20
1026,Aurangabad,Maharashtra,West,19.87757,75.34226,2026-07-13 00:00:00,26.8,18.1
1027,Aurangabad,Maharashtra,West,19.87757,75.34226,2026-07-14 00:00:00,26.4,18.1
1028,Aurangabad,Maharashtra,West,19.87757,75.34226,2026-07-15 00:00:00,26,14.7
1029,Aurangabad,Maharashtra,West,19.87757,75.34226,2026-07-16 00:00:00,26.8,13.8
1030,Aurangabad,Maharashtra,West,19.87757,75.34226,2026-07-17 00:00:00,25.9,14.7
1031,Aurangabad,Maharashtra,West,19.87757,75.34226,2026-07-18 00:00:00,24.4,12.7
1032,Aurangabad,Maharashtra,West,19.87757,75.34226,2026-07-19 00:00:00,24.6,11.6
1033,Aurangabad,Maharashtra,West,19.87757,75.34226,2026-07-20 00:00:00,25.1,15.2
1034,Aurangabad,Maharashtra,West,19.87757,75.34226,2026-07-21 00:00:00,24.2,16.3
1035,Aurangabad,Maharashtra,West,19.87757,75.34226,2026-07-22 00:00:00,23.6,19.1
1036,Aurangabad,Maharashtra,West,19.87757,75.34226,2026-07-23 00:00:00,23.6,22.1
1037,Aurangabad,Maharashtra,West,19.87757,75.34226,2026-07-24 00:00:00,25.1,20.1
1038,Aurangabad,Maharashtra,West,19.87757,75.34226,2026-07-25 00:00:00,25.6,16.8
1039,Aurangabad,Maharashtra,West,19.87757,75.34226,2026-07-26 00:00:00,25,14
1040,Aurangabad,Maharashtra,West,19.87757,75.34226,2026-07-27 00:00:00,24.9,13.5
1041,Aurangabad,Maharashtra,West,19.87757,75.34226,2026-07-28 00:00:00,25.6,17.5
1042,Aurangabad,Maharashtra,West,19.87757,75.34226,2026-07-29 00:00:00,24.5,16.7
1043,Aurangabad,Maharashtra,West,19.87757,75.34226,2026-07-30 00:00:00,23.9,19.1
1044,Aurangabad,Maharashtra,West,19.87757,75.34226,2026-07-31 00:00:00,23.2,19
1045,Aurangabad,Maharashtra,West,19.87757,75.34226,2026-08-01 00:00:00,24.7,17.3
1046,Aurangabad,Maharashtra,West,19.87757,75.34226,2026-08-02 00:00:00,25.5,16
1047,Aurangabad,Maharashtra,West,19.87757,75.34226,2026-08-03 00:00:00,25.2,14.2
1048,Aurangabad,Maharashtra,West,19.87757,75.34226,2026-08-04 00:00:00,25.4,13.9
1049,Aurangabad,Maharashtra,West,19.87757,75.34226,2026-08-05 00:00:00,25.1,13.6
1050,Aurangabad,Maharashtra,West,19.87757,75.34226,2026-08-06 00:00:00,25.2,14.7
1051,Aurangabad,Maharashtra,West,19.87757,75.34226,2026-08-07 00:00:00,25.3,18.9
1052,Aurangabad,Maharashtra,West,19.87757,75.34226,2026-08-08 00:00:00,25.5,18
1053,Kolhapur,Maharashtra,West,16.69563,74.23167,2026-07-10 00:00:00,24.9,17.7
1054,Kolhapur,Maharashtra,West,16.69563,74.23167,2026-07-11 00:00:00,24.7,18.5
1055,Kolhapur,Maharashtra,West,16.69563,74.23167,2026-07-12 00:00:00,24.8,19.1
1056,Kolhapur,Maharashtra,West,16.69563,74.23167,2026-07-13 00:00:00,24.7,18.6
1057,Kolhapur,Maharashtra,West,16.69563,74.23167,2026-07-14 00:00:00,24.7,15.7
1058,Kolhapur,Maharashtra,West,16.69563,74.23167,2026-07-15 00:00:00,23.9,15
1059,Kolhapur,Maharashtra,West,16.69563,74.23167,2026-07-16 00:00:00,24.4,15.3
1060,Kolhapur,Maharashtra,West,16.69563,74.23167,2026-07-17 00:00:00,23.9,15.6
1061,Kolhapur,Maharashtra,West,16.69563,74.23167,2026-07-18 00:00:00,23.7,15.9
1062,Kolhapur,Maharashtra,West,16.69563,74.23167,2026-07-19 00:00:00,23.6,15.8
1063,Kolhapur,Maharashtra,West,16.69563,74.23167,2026-07-20 00:00:00,23.3,18.3
1064,Kolhapur,Maharashtra,West,16.69563,74.23167,2026-07-21 00:00:00,23.1,19.2
1065,Kolhapur,Maharashtra,West,16.69563,74.23167,2026-07-22 00:00:00,22.6,21.6
1066,Kolhapur,Maharashtra,West,16.69563,74.23167,2026-07-23 00:00:00,22.9,23.7
1067,Kolhapur,Maharashtra,West,16.69563,74.23167,2026-07-24 00:00:00,23.2,23.4
1068,Kolhapur,Maharashtra,West,16.69563,74.23167,2026-07-25 00:00:00,24,20.6
1069,Kolhapur,Maharashtra,West,16.69563,74.23167,2026-07-26 00:00:00,24.2,17
1070,Kolhapur,Maharashtra,West,16.69563,74.23167,2026-07-27 00:00:00,23.8,18.1
1071,Kolhapur,Maharashtra,West,16.69563,74.23167,2026-07-28 00:00:00,23.5,19.3
1072,Kolhapur,Maharashtra,West,16.69563,74.23167,2026-07-29 00:00:00,23.7,21.6
1073,Kolhapur,Maharashtra,West,16.69563,74.23167,2026-07-30 00:00:00,23.6,22.8
1074,Kolhapur,Maharashtra,West,16.69563,74.23167,2026-07-31 00:00:00,23.5,21.7
1075,Kolhapur,Maharashtra,West,16.69563,74.23167,2026-08-01 00:00:00,23.4,20
1076,Kolhapur,Maharashtra,West,16.69563,74.23167,2026-08-02 00:00:00,23.5,17.5
1077,Kolhapur,Maharashtra,West,16.69563,74.23167,2026-08-03 00:00:00,23.7,16.5
1078,Kolhapur,Maharashtra,West,16.69563,74.23167,2026-08-04 00:00:00,23.7,15.8
1079,Kolhapur,Maharashtra,West,16.69563,74.23167,2026-08-05 00:00:00,23.5,16.7
1080,Kolhapur,Maharashtra,West,16.69563,74.23167,2026-08-06 00:00:00,23.5,17.9
1081,Kolhapur,Maharashtra,West,16.69563,74.23167,2026-08-07 00:00:00,24,18.4
1082,Kolhapur,Maharashtra,West,16.69563,74.23167,2026-08-08 00:00:00,23.9,17.4
1083,Solapur,Maharashtra,West,17.67152,75.91044,2026-07-10 00:00:00,28,13.8
1084,Solapur,Maharashtra,West,17.67152,75.91044,2026-07-11 00:00:00,28.1,17.1
1085,Solapur,Maharashtra,West,17.67152,75.91044,2026-07-12 00:00:00,28,17.2
1086,Solapur,Maharashtra,West,17.67152,75.91044,2026-07-13 00:00:00,28.2,16.7
1087,Solapur,Maharashtra,West,17.67152,75.91044,2026-07-14 00:00:00,28.4,13.9
1088,Solapur,Maharashtra,West,17.67152,75.91044,2026-07-15 00:00:00,27.6,13.9
1089,Solapur,Maharashtra,West,17.67152,75.91044,2026-07-16 00:00:00,28.4,12.2
1090,Solapur,Maharashtra,West,17.67152,75.91044,2026-07-17 00:00:00,26.6,9.5
1091,Solapur,Maharashtra,West,17.67152,75.91044,2026-07-18 00:00:00,25.7,9.2
1092,Solapur,Maharashtra,West,17.67152,75.91044,2026-07-19 00:00:00,26.3,10.6
1093,Solapur,Maharashtra,West,17.67152,75.91044,2026-07-20 00:00:00,26,13.7
1094,Solapur,Maharashtra,West,17.67152,75.91044,2026-07-21 00:00:00,25.8,15.5
1095,Solapur,Maharashtra,West,17.67152,75.91044,2026-07-22 00:00:00,25.1,17.7
1096,Solapur,Maharashtra,West,17.67152,75.91044,2026-07-23 00:00:00,25.8,20.1
1097,Solapur,Maharashtra,West,17.67152,75.91044,2026-07-24 00:00:00,27.3,20.9
1098,Solapur,Maharashtra,West,17.67152,75.91044,2026-07-25 00:00:00,27.2,15.2
1099,Solapur,Maharashtra,West,17.67152,75.91044,2026-07-26 00:00:00,27.4,14.1
1100,Solapur,Maharashtra,West,17.67152,75.91044,2026-07-27 00:00:00,26.4,12.7
1101,Solapur,Maharashtra,West,17.67152,75.91044,2026-07-28 00:00:00,26.1,13.3
1102,Solapur,Maharashtra,West,17.67152,75.91044,2026-07-29 00:00:00,25.7,12.7
1103,Solapur,Maharashtra,West,17.67152,75.91044,2026-07-30 00:00:00,25.2,15.9
1104,Solapur,Maharashtra,West,17.67152,75.91044,2026-07-31 00:00:00,25.5,17.6
1105,Solapur,Maharashtra,West,17.67152,75.91044,2026-08-01 00:00:00,27.4,16.3
1106,Solapur,Maharashtra,West,17.67152,75.91044,2026-08-02 00:00:00,27,12.5
1107,Solapur,Maharashtra,West,17.67152,75.91044,2026-08-03 00:00:00,26.2,11.6
1108,Solapur,Maharashtra,West,17.67152,75.91044,2026-08-04 00:00:00,26.7,9.7
1109,Solapur,Maharashtra,West,17.67152,75.91044,2026-08-05 00:00:00,26.4,10.6
1110,Solapur,Maharashtra,West,17.67152,75.91044,2026-08-06 00:00:00,25.8,11.9
1111,Solapur,Maharashtra,West,17.67152,75.91044,2026-08-07 00:00:00,26.6,15.9
1112,Solapur,Maharashtra,West,17.67152,75.91044,2026-08-08 00:00:00,26.9,15.3
1113,Thane,Maharashtra,West,19.19704,72.96355,2026-07-10 00:00:00,28.1,12
1114,Thane,Maharashtra,West,19.19704,72.96355,2026-07-11 00:00:00,28.2,13.8
1115,Thane,Maharashtra,West,19.19704,72.96355,2026-07-12 00:00:00,28.6,14.8
1116,Thane,Maharashtra,West,19.19704,72.96355,2026-07-13 00:00:00,28.7,13.4
1117,Thane,Maharashtra,West,19.19704,72.96355,2026-07-14 00:00:00,28.4,10.5
1118,Thane,Maharashtra,West,19.19704,72.96355,2026-07-15 00:00:00,27.4,9.4
1119,Thane,Maharashtra,West,19.19704,72.96355,2026-07-16 00:00:00,26.9,8.6
1120,Thane,Maharashtra,West,19.19704,72.96355,2026-07-17 00:00:00,26.5,6.3
1121,Thane,Maharashtra,West,19.19704,72.96355,2026-07-18 00:00:00,26.3,8
1122,Thane,Maharashtra,West,19.19704,72.96355,2026-07-19 00:00:00,26,8.9
1123,Thane,Maharashtra,West,19.19704,72.96355,2026-07-20 00:00:00,25.9,10.6
1124,Thane,Maharashtra,West,19.19704,72.96355,2026-07-21 00:00:00,26.2,12.2
1125,Thane,Maharashtra,West,19.19704,72.96355,2026-07-22 00:00:00,25.4,16.8
1126,Thane,Maharashtra,West,19.19704,72.96355,2026-07-23 00:00:00,25.6,20.6
1127,Thane,Maharashtra,West,19.19704,72.96355,2026-07-24 00:00:00,26.1,16.9
1128,Thane,Maharashtra,West,19.19704,72.96355,2026-07-25 00:00:00,26.8,11.6
1129,Thane,Maharashtra,West,19.19704,72.96355,2026-07-26 00:00:00,25.7,7
1130,Thane,Maharashtra,West,19.19704,72.96355,2026-07-27 00:00:00,26.1,9.7
1131,Thane,Maharashtra,West,19.19704,72.96355,2026-07-28 00:00:00,27.3,11.8
1132,Thane,Maharashtra,West,19.19704,72.96355,2026-07-29 00:00:00,27.4,14.2
1133,Thane,Maharashtra,West,19.19704,72.96355,2026-07-30 00:00:00,26.9,12.1
1134,Thane,Maharashtra,West,19.19704,72.96355,2026-07-31 00:00:00,26.6,14.3
1135,Thane,Maharashtra,West,19.19704,72.96355,2026-08-01 00:00:00,27,15.7
1136,Thane,Maharashtra,West,19.19704,72.96355,2026-08-02 00:00:00,26.4,12.7
1137,Thane,Maharashtra,West,19.19704,72.96355,2026-08-03 00:00:00,26.7,10.3
1138,Thane,Maharashtra,West,19.19704,72.96355,2026-08-04 00:00:00,26.7,8.9
1139,Thane,Maharashtra,West,19.19704,72.96355,2026-08-05 00:00:00,26.7,9.4
1140,Thane,Maharashtra,West,19.19704,72.96355,2026-08-06 00:00:00,27,10.9
1141,Thane,Maharashtra,West,19.19704,72.96355,2026-08-07 00:00:00,27.5,13.3
1142,Thane,Maharashtra,West,19.19704,72.96355,2026-08-08 00:00:00,27.3,11.3
1143,Surat,Gujarat,West,21.19594,72.83023,2026-07-10 00:00:00,29.3,20.3
1144,Surat,Gujarat,West,21.19594,72.83023,2026-07-11 00:00:00,29.2,22
1145,Surat,Gujarat,West,21.19594,72.83023,2026-07-12 00:00:00,29.5,23.6
1146,Surat,Gujarat,West,21.19594,72.83023,2026-07-13 00:00:00,29.6,21.7
1147,Surat,Gujarat,West,21.19594,72.83023,2026-07-14 00:00:00,29.2,18.3
1148,Surat,Gujarat,West,21.19594,72.83023,2026-07-15 00:00:00,28.3,14
1149,Surat,Gujarat,West,21.19594,72.83023,2026-07-16 00:00:00,28.3,11.2
1150,Surat,Gujarat,West,21.19594,72.83023,2026-07-17 00:00:00,28.6,12.8
1151,Surat,Gujarat,West,21.19594,72.83023,2026-07-18 00:00:00,28.3,12.6
1152,Surat,Gujarat,West,21.19594,72.83023,2026-07-19 00:00:00,27.8,13
1153,Surat,Gujarat,West,21.19594,72.83023,2026-07-20 00:00:00,27.3,13.9
1154,Surat,Gujarat,West,21.19594,72.83023,2026-07-21 00:00:00,26.8,14.4
1155,Surat,Gujarat,West,21.19594,72.83023,2026-07-22 00:00:00,26,8.4
1156,Surat,Gujarat,West,21.19594,72.83023,2026-07-23 00:00:00,26.2,14.5
1157,Surat,Gujarat,West,21.19594,72.83023,2026-07-24 00:00:00,26.9,18.6
1158,Surat,Gujarat,West,21.19594,72.83023,2026-07-25 00:00:00,27.5,16.1
1159,Surat,Gujarat,West,21.19594,72.83023,2026-07-26 00:00:00,27.9,11.1
1160,Surat,Gujarat,West,21.19594,72.83023,2026-07-27 00:00:00,27.7,10.4
1161,Surat,Gujarat,West,21.19594,72.83023,2026-07-28 00:00:00,28.7,15.3
1162,Surat,Gujarat,West,21.19594,72.83023,2026-07-29 00:00:00,28.6,15.1
1163,Surat,Gujarat,West,21.19594,72.83023,2026-07-30 00:00:00,28.4,11.1
1164,Surat,Gujarat,West,21.19594,72.83023,2026-07-31 00:00:00,26.7,17.3
1165,Surat,Gujarat,West,21.19594,72.83023,2026-08-01 00:00:00,26.5,16.1
1166,Surat,Gujarat,West,21.19594,72.83023,2026-08-02 00:00:00,27.5,15.5
1167,Surat,Gujarat,West,21.19594,72.83023,2026-08-03 00:00:00,28.2,12.4
1168,Surat,Gujarat,West,21.19594,72.83023,2026-08-04 00:00:00,28.3,10.9
1169,Surat,Gujarat,West,21.19594,72.83023,2026-08-05 00:00:00,27.9,12
1170,Surat,Gujarat,West,21.19594,72.83023,2026-08-06 00:00:00,28.2,15.6
1171,Surat,Gujarat,West,21.19594,72.83023,2026-08-07 00:00:00,28.4,15.8
1172,Surat,Gujarat,West,21.19594,72.83023,2026-08-08 00:00:00,28.2,13.9
1173,Ahmedabad,Gujarat,West,23.02579,72.58727,2026-07-10 00:00:00,31,13.5
1174,Ahmedabad,Gujarat,West,23.02579,72.58727,2026-07-11 00:00:00,31.2,16.7
1175,Ahmedabad,Gujarat,West,23.02579,72.58727,2026-07-12 00:00:00,31.9,16.8
1176,Ahmedabad,Gujarat,West,23.02579,72.58727,2026-07-13 00:00:00,32.1,16.1
1177,Ahmedabad,Gujarat,West,23.02579,72.58727,2026-07-14 00:00:00,31.5,13.8
1178,Ahmedabad,Gujarat,West,23.02579,72.58727,2026-07-15 00:00:00,30.6,9.8
1179,Ahmedabad,Gujarat,West,23.02579,72.58727,2026-07-16 00:00:00,30.7,8.7
1180,Ahmedabad,Gujarat,West,23.02579,72.58727,2026-07-17 00:00:00,31.5,9.2
1181,Ahmedabad,Gujarat,West,23.02579,72.58727,2026-07-18 00:00:00,31,9.5
1182,Ahmedabad,Gujarat,West,23.02579,72.58727,2026-07-19 00:00:00,29.8,8
1183,Ahmedabad,Gujarat,West,23.02579,72.58727,2026-07-20 00:00:00,28.9,7.4
1184,Ahmedabad,Gujarat,West,23.02579,72.58727,2026-07-21 00:00:00,29,7.7
1185,Ahmedabad,Gujarat,West,23.02579,72.58727,2026-07-22 00:00:00,28.5,8
1186,Ahmedabad,Gujarat,West,23.02579,72.58727,2026-07-23 00:00:00,26.4,9.4
1187,Ahmedabad,Gujarat,West,23.02579,72.58727,2026-07-24 00:00:00,25.8,14.5
1188,Ahmedabad,Gujarat,West,23.02579,72.58727,2026-07-25 00:00:00,26.5,12.4
1189,Ahmedabad,Gujarat,West,23.02579,72.58727,2026-07-26 00:00:00,27.6,10.8
1190,Ahmedabad,Gujarat,West,23.02579,72.58727,2026-07-27 00:00:00,27.3,9.7
1191,Ahmedabad,Gujarat,West,23.02579,72.58727,2026-07-28 00:00:00,29.4,8.9
1192,Ahmedabad,Gujarat,West,23.02579,72.58727,2026-07-29 00:00:00,29.3,6.4
1193,Ahmedabad,Gujarat,West,23.02579,72.58727,2026-07-30 00:00:00,29.6,6.9
1194,Ahmedabad,Gujarat,West,23.02579,72.58727,2026-07-31 00:00:00,28.6,11.5
1195,Ahmedabad,Gujarat,West,23.02579,72.58727,2026-08-01 00:00:00,26.8,11.9
1196,Ahmedabad,Gujarat,West,23.02579,72.58727,2026-08-02 00:00:00,28.1,10.1
1197,Ahmedabad,Gujarat,West,23.02579,72.58727,2026-08-03 00:00:00,28.4,9.8
1198,Ahmedabad,Gujarat,West,23.02579,72.58727,2026-08-04 00:00:00,29.2,7.8
1199,Ahmedabad,Gujarat,West,23.02579,72.58727,2026-08-05 00:00:00,29,7.8
1200,Ahmedabad,Gujarat,West,23.02579,72.58727,2026-08-06 00:00:00,29.5,8.6
1201,Ahmedabad,Gujarat,West,23.02579,72.58727,2026-08-07 00:00:00,29.2,9.9
1202,Ahmedabad,Gujarat,West,23.02579,72.58727,2026-08-08 00:00:00,29.6,9.2
1203,Vadodara,Gujarat,West,22.29941,73.20812,2026-07-10 00:00:00,30.1,18.4
1204,Vadodara,Gujarat,West,22.29941,73.20812,2026-07-11 00:00:00,29.9,20.5
1205,Vadodara,Gujarat,West,22.29941,73.20812,2026-07-12 00:00:00,29.9,22.1
1206,Vadodara,Gujarat,West,22.29941,73.20812,2026-07-13 00:00:00,30.2,20.8
1207,Vadodara,Gujarat,West,22.29941,73.20812,2026-07-14 00:00:00,29.9,17.6
1208,Vadodara,Gujarat,West,22.29941,73.20812,2026-07-15 00:00:00,30.1,13.6
1209,Vadodara,Gujarat,West,22.29941,73.20812,2026-07-16 00:00:00,29.3,11.3
1210,Vadodara,Gujarat,West,22.29941,73.20812,2026-07-17 00:00:00,30,11.1
1211,Vadodara,Gujarat,West,22.29941,73.20812,2026-07-18 00:00:00,29.9,11.7
1212,Vadodara,Gujarat,West,22.29941,73.20812,2026-07-19 00:00:00,29.4,11
1213,Vadodara,Gujarat,West,22.29941,73.20812,2026-07-20 00:00:00,27.8,11.5
1214,Vadodara,Gujarat,West,22.29941,73.20812,2026-07-21 00:00:00,27.4,10.6
1215,Vadodara,Gujarat,West,22.29941,73.20812,2026-07-22 00:00:00,27.2,8.9
1216,Vadodara,Gujarat,West,22.29941,73.20812,2026-07-23 00:00:00,25.9,12.1
1217,Vadodara,Gujarat,West,22.29941,73.20812,2026-07-24 00:00:00,26.9,19.1
1218,Vadodara,Gujarat,West,22.29941,73.20812,2026-07-25 00:00:00,26.5,14.4
1219,Vadodara,Gujarat,West,22.29941,73.20812,2026-07-26 00:00:00,28.1,11.8
1220,Vadodara,Gujarat,West,22.29941,73.20812,2026-07-27 00:00:00,27.2,11.1
1221,Vadodara,Gujarat,West,22.29941,73.20812,2026-07-28 00:00:00,29.1,12.5
1222,Vadodara,Gujarat,West,22.29941,73.20812,2026-07-29 00:00:00,28.8,8
1223,Vadodara,Gujarat,West,22.29941,73.20812,2026-07-30 00:00:00,29.2,8.3
1224,Vadodara,Gujarat,West,22.29941,73.20812,2026-07-31 00:00:00,27.4,11.6
1225,Vadodara,Gujarat,West,22.29941,73.20812,2026-08-01 00:00:00,26.6,14.5
1226,Vadodara,Gujarat,West,22.29941,73.20812,2026-08-02 00:00:00,27.7,13.8
1227,Vadodara,Gujarat,West,22.29941,73.20812,2026-08-03 00:00:00,28.8,11.4
1228,Vadodara,Gujarat,West,22.29941,73.20812,2026-08-04 00:00:00,29,10.7
1229,Vadodara,Gujarat,West,22.29941,73.20812,2026-08-05 00:00:00,28.7,11
1230,Vadodara,Gujarat,West,22.29941,73.20812,2026-08-06 00:00:00,29.1,13.3
1231,Vadodara,Gujarat,West,22.29941,73.20812,2026-08-07 00:00:00,28.9,13.2
1232,Vadodara,Gujarat,West,22.29941,73.20812,2026-08-08 00:00:00,29,11.6
1233,Rajkot,Gujarat,West,22.29161,70.79322,2026-07-10 00:00:00,30.1,18.7
1234,Rajkot,Gujarat,West,22.29161,70.79322,2026-07-11 00:00:00,30.1,22.1
1235,Rajkot,Gujarat,West,22.29161,70.79322,2026-07-12 00:00:00,30.3,22.6
1236,Rajkot,Gujarat,West,22.29161,70.79322,2026-07-13 00:00:00,30.2,20.4
1237,Rajkot,Gujarat,West,22.29161,70.79322,2026-07-14 00:00:00,29.7,18.3
1238,Rajkot,Gujarat,West,22.29161,70.79322,2026-07-15 00:00:00,29.6,14.4
1239,Rajkot,Gujarat,West,22.29161,70.79322,2026-07-16 00:00:00,29.2,10
1240,Rajkot,Gujarat,West,22.29161,70.79322,2026-07-17 00:00:00,29.2,12.5
1241,Rajkot,Gujarat,West,22.29161,70.79322,2026-07-18 00:00:00,29.4,14.1
1242,Rajkot,Gujarat,West,22.29161,70.79322,2026-07-19 00:00:00,29.3,13
1243,Rajkot,Gujarat,West,22.29161,70.79322,2026-07-20 00:00:00,28.8,13.5
1244,Rajkot,Gujarat,West,22.29161,70.79322,2026-07-21 00:00:00,27.8,13.1
1245,Rajkot,Gujarat,West,22.29161,70.79322,2026-07-22 00:00:00,28.1,14
1246,Rajkot,Gujarat,West,22.29161,70.79322,2026-07-23 00:00:00,26.4,14.8
1247,Rajkot,Gujarat,West,22.29161,70.79322,2026-07-24 00:00:00,25.6,18.8
1248,Rajkot,Gujarat,West,22.29161,70.79322,2026-07-25 00:00:00,27.1,17.1
1249,Rajkot,Gujarat,West,22.29161,70.79322,2026-07-26 00:00:00,27.6,13.6
1250,Rajkot,Gujarat,West,22.29161,70.79322,2026-07-27 00:00:00,28.3,14.1
1251,Rajkot,Gujarat,West,22.29161,70.79322,2026-07-28 00:00:00,28.8,14.6
1252,Rajkot,Gujarat,West,22.29161,70.79322,2026-07-29 00:00:00,28.9,14.1
1253,Rajkot,Gujarat,West,22.29161,70.79322,2026-07-30 00:00:00,28.7,9.9
1254,Rajkot,Gujarat,West,22.29161,70.79322,2026-07-31 00:00:00,27.8,11.4
1255,Rajkot,Gujarat,West,22.29161,70.79322,2026-08-01 00:00:00,25.8,20
1256,Rajkot,Gujarat,West,22.29161,70.79322,2026-08-02 00:00:00,26,14.5
1257,Rajkot,Gujarat,West,22.29161,70.79322,2026-08-03 00:00:00,27.6,13.1
1258,Rajkot,Gujarat,West,22.29161,70.79322,2026-08-04 00:00:00,28.3,11.7
1259,Rajkot,Gujarat,West,22.29161,70.79322,2026-08-05 00:00:00,28.3,12.4
1260,Rajkot,Gujarat,West,22.29161,70.79322,2026-08-06 00:00:00,28.2,14.6
1261,Rajkot,Gujarat,West,22.29161,70.79322,2026-08-07 00:00:00,28.4,14.8
1262,Rajkot,Gujarat,West,22.29161,70.79322,2026-08-08 00:00:00,28,12.2
1263,Bhavnagar,Gujarat,West,21.76287,72.15331,2026-07-10 00:00:00,30.8,17.2
1264,Bhavnagar,Gujarat,West,21.76287,72.15331,2026-07-11 00:00:00,30.7,19.8
1265,Bhavnagar,Gujarat,West,21.76287,72.15331,2026-07-12 00:00:00,30.7,20.3
1266,Bhavnagar,Gujarat,West,21.76287,72.15331,2026-07-13 00:00:00,30.9,17.9
1267,Bhavnagar,Gujarat,West,21.76287,72.15331,2026-07-14 00:00:00,30.4,16.7
1268,Bhavnagar,Gujarat,West,21.76287,72.15331,2026-07-15 00:00:00,30,11.1
1269,Bhavnagar,Gujarat,West,21.76287,72.15331,2026-07-16 00:00:00,29.3,9.1
1270,Bhavnagar,Gujarat,West,21.76287,72.15331,2026-07-17 00:00:00,29.5,9.9
1271,Bhavnagar,Gujarat,West,21.76287,72.15331,2026-07-18 00:00:00,29.6,12
1272,Bhavnagar,Gujarat,West,21.76287,72.15331,2026-07-19 00:00:00,29.3,11.4
1273,Bhavnagar,Gujarat,West,21.76287,72.15331,2026-07-20 00:00:00,28.8,11.2
1274,Bhavnagar,Gujarat,West,21.76287,72.15331,2026-07-21 00:00:00,28.2,12.5
1275,Bhavnagar,Gujarat,West,21.76287,72.15331,2026-07-22 00:00:00,27.6,11.2
1276,Bhavnagar,Gujarat,West,21.76287,72.15331,2026-07-23 00:00:00,26.4,18.3
1277,Bhavnagar,Gujarat,West,21.76287,72.15331,2026-07-24 00:00:00,26.6,18.8
1278,Bhavnagar,Gujarat,West,21.76287,72.15331,2026-07-25 00:00:00,27.2,15.2
1279,Bhavnagar,Gujarat,West,21.76287,72.15331,2026-07-26 00:00:00,28.7,14.7
1280,Bhavnagar,Gujarat,West,21.76287,72.15331,2026-07-27 00:00:00,27.9,13.1
1281,Bhavnagar,Gujarat,West,21.76287,72.15331,2026-07-28 00:00:00,29.7,13.7
1282,Bhavnagar,Gujarat,West,21.76287,72.15331,2026-07-29 00:00:00,29.9,13.1
1283,Bhavnagar,Gujarat,West,21.76287,72.15331,2026-07-30 00:00:00,29.5,10.1
1284,Bhavnagar,Gujarat,West,21.76287,72.15331,2026-07-31 00:00:00,26.8,18.8
1285,Bhavnagar,Gujarat,West,21.76287,72.15331,2026-08-01 00:00:00,26.7,19.8
1286,Bhavnagar,Gujarat,West,21.76287,72.15331,2026-08-02 00:00:00,27.8,16.6
1287,Bhavnagar,Gujarat,West,21.76287,72.15331,2026-08-03 00:00:00,29,13
1288,Bhavnagar,Gujarat,West,21.76287,72.15331,2026-08-04 00:00:00,29.3,11.3
1289,Bhavnagar,Gujarat,West,21.76287,72.15331,2026-08-05 00:00:00,29,12.1
1290,Bhavnagar,Gujarat,West,21.76287,72.15331,2026-08-06 00:00:00,29.5,15.1
1291,Bhavnagar,Gujarat,West,21.76287,72.15331,2026-08-07 00:00:00,29.4,15.4
1292,Bhavnagar,Gujarat,West,21.76287,72.15331,2026-08-08 00:00:00,29.3,11.9
1293,Jamnagar,Gujarat,West,22.47292,70.06673,2026-07-10 00:00:00,31.4,21
1294,Jamnagar,Gujarat,West,22.47292,70.06673,2026-07-11 00:00:00,31.4,23.8
1295,Jamnagar,Gujarat,West,22.47292,70.06673,2026-07-12 00:00:00,31.6,23
1296,Jamnagar,Gujarat,West,22.47292,70.06673,2026-07-13 00:00:00,31.5,22.3
1297,Jamnagar,Gujarat,West,22.47292,70.06673,2026-07-14 00:00:00,31,19.6
1298,Jamnagar,Gujarat,West,22.47292,70.06673,2026-07-15 00:00:00,30.7,15.4
1299,Jamnagar,Gujarat,West,22.47292,70.06673,2026-07-16 00:00:00,30,12.4
1300,Jamnagar,Gujarat,West,22.47292,70.06673,2026-07-17 00:00:00,29.6,14
1301,Jamnagar,Gujarat,West,22.47292,70.06673,2026-07-18 00:00:00,29.5,16.5
1302,Jamnagar,Gujarat,West,22.47292,70.06673,2026-07-19 00:00:00,29.8,15.5
1303,Jamnagar,Gujarat,West,22.47292,70.06673,2026-07-20 00:00:00,29.4,14.5
1304,Jamnagar,Gujarat,West,22.47292,70.06673,2026-07-21 00:00:00,29.2,15.6
1305,Jamnagar,Gujarat,West,22.47292,70.06673,2026-07-22 00:00:00,29.1,17.1
1306,Jamnagar,Gujarat,West,22.47292,70.06673,2026-07-23 00:00:00,27.8,15.6
1307,Jamnagar,Gujarat,West,22.47292,70.06673,2026-07-24 00:00:00,26.5,19
1308,Jamnagar,Gujarat,West,22.47292,70.06673,2026-07-25 00:00:00,27.9,16.8
1309,Jamnagar,Gujarat,West,22.47292,70.06673,2026-07-26 00:00:00,28.5,15.9
1310,Jamnagar,Gujarat,West,22.47292,70.06673,2026-07-27 00:00:00,28.9,16.2
1311,Jamnagar,Gujarat,West,22.47292,70.06673,2026-07-28 00:00:00,29.3,15.2
1312,Jamnagar,Gujarat,West,22.47292,70.06673,2026-07-29 00:00:00,29.2,15.8
1313,Jamnagar,Gujarat,West,22.47292,70.06673,2026-07-30 00:00:00,29.2,12.6
1314,Jamnagar,Gujarat,West,22.47292,70.06673,2026-07-31 00:00:00,29.2,13
1315,Jamnagar,Gujarat,West,22.47292,70.06673,2026-08-01 00:00:00,26.9,18.2
1316,Jamnagar,Gujarat,West,22.47292,70.06673,2026-08-02 00:00:00,27.1,14.2
1317,Jamnagar,Gujarat,West,22.47292,70.06673,2026-08-03 00:00:00,28.6,14.5
1318,Jamnagar,Gujarat,West,22.47292,70.06673,2026-08-04 00:00:00,28.6,13.6
1319,Jamnagar,Gujarat,West,22.47292,70.06673,2026-08-05 00:00:00,28.9,14.3
1320,Jamnagar,Gujarat,West,22.47292,70.06673,2026-08-06 00:00:00,28.9,15.5
1321,Jamnagar,Gujarat,West,22.47292,70.06673,2026-08-07 00:00:00,28.9,15.6
1322,Jamnagar,Gujarat,West,22.47292,70.06673,2026-08-08 00:00:00,28.4,14.4
1323,Gandhinagar,Gujarat,West,23.21667,72.68333,2026-07-10 00:00:00,31,16.9
1324,Gandhinagar,Gujarat,West,23.21667,72.68333,2026-07-11 00:00:00,31.4,19.7
1325,Gandhinagar,Gujarat,West,23.21667,72.68333,2026-07-12 00:00:00,31.7,21.3
1326,Gandhinagar,Gujarat,West,23.21667,72.68333,2026-07-13 00:00:00,31.7,18.5
1327,Gandhinagar,Gujarat,West,23.21667,72.68333,2026-07-14 00:00:00,31,16.6
1328,Gandhinagar,Gujarat,West,23.21667,72.68333,2026-07-15 00:00:00,30.9,12.1
1329,Gandhinagar,Gujarat,West,23.21667,72.68333,2026-07-16 00:00:00,31.2,10.9
1330,Gandhinagar,Gujarat,West,23.21667,72.68333,2026-07-17 00:00:00,31.4,10.9
1331,Gandhinagar,Gujarat,West,23.21667,72.68333,2026-07-18 00:00:00,30.6,11.4
1332,Gandhinagar,Gujarat,West,23.21667,72.68333,2026-07-19 00:00:00,30.3,10.4
1333,Gandhinagar,Gujarat,West,23.21667,72.68333,2026-07-20 00:00:00,28.9,8.9
1334,Gandhinagar,Gujarat,West,23.21667,72.68333,2026-07-21 00:00:00,28.7,9.9
1335,Gandhinagar,Gujarat,West,23.21667,72.68333,2026-07-22 00:00:00,28.5,9.6
1336,Gandhinagar,Gujarat,West,23.21667,72.68333,2026-07-23 00:00:00,26.4,11.3
1337,Gandhinagar,Gujarat,West,23.21667,72.68333,2026-07-24 00:00:00,25.8,17.3
1338,Gandhinagar,Gujarat,West,23.21667,72.68333,2026-07-25 00:00:00,26.3,17.1
1339,Gandhinagar,Gujarat,West,23.21667,72.68333,2026-07-26 00:00:00,27.3,14.4
1340,Gandhinagar,Gujarat,West,23.21667,72.68333,2026-07-27 00:00:00,27.5,12.1
1341,Gandhinagar,Gujarat,West,23.21667,72.68333,2026-07-28 00:00:00,29.3,11.5
1342,Gandhinagar,Gujarat,West,23.21667,72.68333,2026-07-29 00:00:00,29.1,8.1
1343,Gandhinagar,Gujarat,West,23.21667,72.68333,2026-07-30 00:00:00,29.7,8.1
1344,Gandhinagar,Gujarat,West,23.21667,72.68333,2026-07-31 00:00:00,28.6,11.9
1345,Gandhinagar,Gujarat,West,23.21667,72.68333,2026-08-01 00:00:00,26.7,14.8
1346,Gandhinagar,Gujarat,West,23.21667,72.68333,2026-08-02 00:00:00,27.9,12.8
1347,Gandhinagar,Gujarat,West,23.21667,72.68333,2026-08-03 00:00:00,28.1,12.2
1348,Gandhinagar,Gujarat,West,23.21667,72.68333,2026-08-04 00:00:00,29.2,9.8
1349,Gandhinagar,Gujarat,West,23.21667,72.68333,2026-08-05 00:00:00,29,9.5
1350,Gandhinagar,Gujarat,West,23.21667,72.68333,2026-08-06 00:00:00,29.2,11.2
1351,Gandhinagar,Gujarat,West,23.21667,72.68333,2026-08-07 00:00:00,29,12.1
1352,Gandhinagar,Gujarat,West,23.21667,72.68333,2026-08-08 00:00:00,28.9,11.7
1353,Panaji,Goa,West,23.04026,73.17863,2026-07-10 00:00:00,30.9,19.9
1354,Panaji,Goa,West,23.04026,73.17863,2026-07-11 00:00:00,30.9,22.7
1355,Panaji,Goa,West,23.04026,73.17863,2026-07-12 00:00:00,30.6,23.3
1356,Panaji,Goa,West,23.04026,73.17863,2026-07-13 00:00:00,30.8,22
1357,Panaji,Goa,West,23.04026,73.17863,2026-07-14 00:00:00,30.6,19.7
1358,Panaji,Goa,West,23.04026,73.17863,2026-07-15 00:00:00,30.3,14.2
1359,Panaji,Goa,West,23.04026,73.17863,2026-07-16 00:00:00,30.3,12.7
1360,Panaji,Goa,West,23.04026,73.17863,2026-07-17 00:00:00,30.8,13.1
1361,Panaji,Goa,West,23.04026,73.17863,2026-07-18 00:00:00,30.3,12.9
1362,Panaji,Goa,West,23.04026,73.17863,2026-07-19 00:00:00,29.8,11.3
1363,Panaji,Goa,West,23.04026,73.17863,2026-07-20 00:00:00,28.3,10.2
1364,Panaji,Goa,West,23.04026,73.17863,2026-07-21 00:00:00,28.2,11.6
1365,Panaji,Goa,West,23.04026,73.17863,2026-07-22 00:00:00,27.4,9.5
1366,Panaji,Goa,West,23.04026,73.17863,2026-07-23 00:00:00,26.7,9.3
1367,Panaji,Goa,West,23.04026,73.17863,2026-07-24 00:00:00,25.7,19.2
1368,Panaji,Goa,West,23.04026,73.17863,2026-07-25 00:00:00,25.8,17.4
1369,Panaji,Goa,West,23.04026,73.17863,2026-07-26 00:00:00,27.5,14
1370,Panaji,Goa,West,23.04026,73.17863,2026-07-27 00:00:00,26.8,12.6
1371,Panaji,Goa,West,23.04026,73.17863,2026-07-28 00:00:00,28.9,12.2
1372,Panaji,Goa,West,23.04026,73.17863,2026-07-29 00:00:00,28.4,8
1373,Panaji,Goa,West,23.04026,73.17863,2026-07-30 00:00:00,29.6,9.2
1374,Panaji,Goa,West,23.04026,73.17863,2026-07-31 00:00:00,28.3,11.1
1375,Panaji,Goa,West,23.04026,73.17863,2026-08-01 00:00:00,26.8,14.7
1376,Panaji,Goa,West,23.04026,73.17863,2026-08-02 00:00:00,28.1,14.3
1377,Panaji,Goa,West,23.04026,73.17863,2026-08-03 00:00:00,28.7,13.2
1378,Panaji,Goa,West,23.04026,73.17863,2026-08-04 00:00:00,29,11.6
1379,Panaji,Goa,West,23.04026,73.17863,2026-08-05 00:00:00,28.7,11.4
1380,Panaji,Goa,West,23.04026,73.17863,2026-08-06 00:00:00,29,12.8
1381,Panaji,Goa,West,23.04026,73.17863,2026-08-07 00:00:00,28.8,13.6
1382,Panaji,Goa,West,23.04026,73.17863,2026-08-08 00:00:00,29.2,11.9
1383,Vasco da Gama,Goa,West,15.39585,73.81568,2026-07-10 00:00:00,27.7,14.6
1384,Vasco da Gama,Goa,West,15.39585,73.81568,2026-07-11 00:00:00,27.6,13.6
1385,Vasco da Gama,Goa,West,15.39585,73.81568,2026-07-12 00:00:00,28,16.4
1386,Vasco da Gama,Goa,West,15.39585,73.81568,2026-07-13 00:00:00,28.3,15.2
1387,Vasco da Gama,Goa,West,15.39585,73.81568,2026-07-14 00:00:00,28.1,12.2
1388,Vasco da Gama,Goa,West,15.39585,73.81568,2026-07-15 00:00:00,27.5,9.2
1389,Vasco da Gama,Goa,West,15.39585,73.81568,2026-07-16 00:00:00,26.7,8.8
1390,Vasco da Gama,Goa,West,15.39585,73.81568,2026-07-17 00:00:00,25,8.5
1391,Vasco da Gama,Goa,West,15.39585,73.81568,2026-07-18 00:00:00,25.7,6.4
1392,Vasco da Gama,Goa,West,15.39585,73.81568,2026-07-19 00:00:00,25.6,7.1
1393,Vasco da Gama,Goa,West,15.39585,73.81568,2026-07-20 00:00:00,25.9,10.8
1394,Vasco da Gama,Goa,West,15.39585,73.81568,2026-07-21 00:00:00,27.1,11.4
1395,Vasco da Gama,Goa,West,15.39585,73.81568,2026-07-22 00:00:00,26.1,12.2
1396,Vasco da Gama,Goa,West,15.39585,73.81568,2026-07-23 00:00:00,27.8,19.6
1397,Vasco da Gama,Goa,West,15.39585,73.81568,2026-07-24 00:00:00,27.2,15.7
1398,Vasco da Gama,Goa,West,15.39585,73.81568,2026-07-25 00:00:00,27,13.2
1399,Vasco da Gama,Goa,West,15.39585,73.81568,2026-07-26 00:00:00,26.9,11
1400,Vasco da Gama,Goa,West,15.39585,73.81568,2026-07-27 00:00:00,26,11.6
1401,Vasco da Gama,Goa,West,15.39585,73.81568,2026-07-28 00:00:00,26.4,12.1
1402,Vasco da Gama,Goa,West,15.39585,73.81568,2026-07-29 00:00:00,27.4,21.6
1403,Vasco da Gama,Goa,West,15.39585,73.81568,2026-07-30 00:00:00,27.4,24.9
1404,Vasco da Gama,Goa,West,15.39585,73.81568,2026-07-31 00:00:00,26.5,21.9
1405,Vasco da Gama,Goa,West,15.39585,73.81568,2026-08-01 00:00:00,26.9,18.3
1406,Vasco da Gama,Goa,West,15.39585,73.81568,2026-08-02 00:00:00,25.6,9
1407,Vasco da Gama,Goa,West,15.39585,73.81568,2026-08-03 00:00:00,26.2,10.2
1408,Vasco da Gama,Goa,West,15.39585,73.81568,2026-08-04 00:00:00,25.9,11.6
1409,Vasco da Gama,Goa,West,15.39585,73.81568,2026-08-05 00:00:00,26.3,9.7
1410,Vasco da Gama,Goa,West,15.39585,73.81568,2026-08-06 00:00:00,25.9,12.2
1411,Vasco da Gama,Goa,West,15.39585,73.81568,2026-08-07 00:00:00,26.3,16.4
1412,Vasco da Gama,Goa,West,15.39585,73.81568,2026-08-08 00:00:00,25.7,12.2
1413,Mapusa,Goa,West,15.59154,73.80898,2026-07-10 00:00:00,27.4,11.6
1414,Mapusa,Goa,West,15.59154,73.80898,2026-07-11 00:00:00,27.4,11.4
1415,Mapusa,Goa,West,15.59154,73.80898,2026-07-12 00:00:00,28,14.6
1416,Mapusa,Goa,West,15.59154,73.80898,2026-07-13 00:00:00,28.1,13.2
1417,Mapusa,Goa,West,15.59154,73.80898,2026-07-14 00:00:00,27.9,10.4
1418,Mapusa,Goa,West,15.59154,73.80898,2026-07-15 00:00:00,27.2,8.9
1419,Mapusa,Goa,West,15.59154,73.80898,2026-07-16 00:00:00,26.4,6.9
1420,Mapusa,Goa,West,15.59154,73.80898,2026-07-17 00:00:00,24.7,7.8
1421,Mapusa,Goa,West,15.59154,73.80898,2026-07-18 00:00:00,25.3,5.6
1422,Mapusa,Goa,West,15.59154,73.80898,2026-07-19 00:00:00,25.4,6.1
1423,Mapusa,Goa,West,15.59154,73.80898,2026-07-20 00:00:00,25.3,9.9
1424,Mapusa,Goa,West,15.59154,73.80898,2026-07-21 00:00:00,26.2,8.1
1425,Mapusa,Goa,West,15.59154,73.80898,2026-07-22 00:00:00,25.4,9.1
1426,Mapusa,Goa,West,15.59154,73.80898,2026-07-23 00:00:00,27.2,15.3
1427,Mapusa,Goa,West,15.59154,73.80898,2026-07-24 00:00:00,26.9,13.2
1428,Mapusa,Goa,West,15.59154,73.80898,2026-07-25 00:00:00,26.3,8.5
1429,Mapusa,Goa,West,15.59154,73.80898,2026-07-26 00:00:00,26.7,8.9
1430,Mapusa,Goa,West,15.59154,73.80898,2026-07-27 00:00:00,25.7,9.5
1431,Mapusa,Goa,West,15.59154,73.80898,2026-07-28 00:00:00,25.9,9.8
1432,Mapusa,Goa,West,15.59154,73.80898,2026-07-29 00:00:00,27,17.7
1433,Mapusa,Goa,West,15.59154,73.80898,2026-07-30 00:00:00,27,21.5
1434,Mapusa,Goa,West,15.59154,73.80898,2026-07-31 00:00:00,26.1,18
1435,Mapusa,Goa,West,15.59154,73.80898,2026-08-01 00:00:00,26.4,14.4
1436,Mapusa,Goa,West,15.59154,73.80898,2026-08-02 00:00:00,25.2,7.3
1437,Mapusa,Goa,West,15.59154,73.80898,2026-08-03 00:00:00,25.8,7.6
1438,Mapusa,Goa,West,15.59154,73.80898,2026-08-04 00:00:00,25.5,9.3
1439,Mapusa,Goa,West,15.59154,73.80898,2026-08-05 00:00:00,25.9,7.4
1440,Mapusa,Goa,West,15.59154,73.80898,2026-08-06 00:00:00,25.5,9.9
1441,Mapusa,Goa,West,15.59154,73.80898,2026-08-07 00:00:00,26,13.2
1442,Mapusa,Goa,West,15.59154,73.80898,2026-08-08 00:00:00,25.4,10.4
1443,Bhopal,Madhya Pradesh,Central,23.25469,77.40289,2026-07-10 00:00:00,27.9,17.1
1444,Bhopal,Madhya Pradesh,Central,23.25469,77.40289,2026-07-11 00:00:00,27.5,18.6
1445,Bhopal,Madhya Pradesh,Central,23.25469,77.40289,2026-07-12 00:00:00,27.6,16.6
1446,Bhopal,Madhya Pradesh,Central,23.25469,77.40289,2026-07-13 00:00:00,28.1,16.9
1447,Bhopal,Madhya Pradesh,Central,23.25469,77.40289,2026-07-14 00:00:00,27.8,16.5
1448,Bhopal,Madhya Pradesh,Central,23.25469,77.40289,2026-07-15 00:00:00,27.6,12.9
1449,Bhopal,Madhya Pradesh,Central,23.25469,77.40289,2026-07-16 00:00:00,28.3,12.4
1450,Bhopal,Madhya Pradesh,Central,23.25469,77.40289,2026-07-17 00:00:00,28.5,11.6
1451,Bhopal,Madhya Pradesh,Central,23.25469,77.40289,2026-07-18 00:00:00,27.9,12.1
1452,Bhopal,Madhya Pradesh,Central,23.25469,77.40289,2026-07-19 00:00:00,27.3,8.4
1453,Bhopal,Madhya Pradesh,Central,23.25469,77.40289,2026-07-20 00:00:00,26.7,8.9
1454,Bhopal,Madhya Pradesh,Central,23.25469,77.40289,2026-07-21 00:00:00,24.6,11.5
1713,Korba,Chhattisgarh,Central,22.3458,82.69633,2026-07-10 00:00:00,28.7,8.7
1455,Bhopal,Madhya Pradesh,Central,23.25469,77.40289,2026-07-22 00:00:00,24.6,13.3
1456,Bhopal,Madhya Pradesh,Central,23.25469,77.40289,2026-07-23 00:00:00,25.3,15.8
1457,Bhopal,Madhya Pradesh,Central,23.25469,77.40289,2026-07-24 00:00:00,25.9,15
1458,Bhopal,Madhya Pradesh,Central,23.25469,77.40289,2026-07-25 00:00:00,25.8,13.4
1459,Bhopal,Madhya Pradesh,Central,23.25469,77.40289,2026-07-26 00:00:00,26,9.1
1460,Bhopal,Madhya Pradesh,Central,23.25469,77.40289,2026-07-27 00:00:00,26.8,9.7
1461,Bhopal,Madhya Pradesh,Central,23.25469,77.40289,2026-07-28 00:00:00,26.2,9.8
1462,Bhopal,Madhya Pradesh,Central,23.25469,77.40289,2026-07-29 00:00:00,25.9,12.5
1463,Bhopal,Madhya Pradesh,Central,23.25469,77.40289,2026-07-30 00:00:00,26.7,12.9
1464,Bhopal,Madhya Pradesh,Central,23.25469,77.40289,2026-07-31 00:00:00,26.4,15.7
1465,Bhopal,Madhya Pradesh,Central,23.25469,77.40289,2026-08-01 00:00:00,25.5,17.1
1466,Bhopal,Madhya Pradesh,Central,23.25469,77.40289,2026-08-02 00:00:00,26,14.3
1467,Bhopal,Madhya Pradesh,Central,23.25469,77.40289,2026-08-03 00:00:00,26.5,12.1
1468,Bhopal,Madhya Pradesh,Central,23.25469,77.40289,2026-08-04 00:00:00,26.4,10.8
1469,Bhopal,Madhya Pradesh,Central,23.25469,77.40289,2026-08-05 00:00:00,26.6,12.1
1470,Bhopal,Madhya Pradesh,Central,23.25469,77.40289,2026-08-06 00:00:00,26.5,12.2
1471,Bhopal,Madhya Pradesh,Central,23.25469,77.40289,2026-08-07 00:00:00,25.3,12.7
1472,Bhopal,Madhya Pradesh,Central,23.25469,77.40289,2026-08-08 00:00:00,25.4,14.1
1473,Indore,Madhya Pradesh,Central,22.71792,75.8333,2026-07-10 00:00:00,27,18.4
1474,Indore,Madhya Pradesh,Central,22.71792,75.8333,2026-07-11 00:00:00,26.7,20.2
1475,Indore,Madhya Pradesh,Central,22.71792,75.8333,2026-07-12 00:00:00,26.9,19.3
1476,Indore,Madhya Pradesh,Central,22.71792,75.8333,2026-07-13 00:00:00,27.4,18.2
1477,Indore,Madhya Pradesh,Central,22.71792,75.8333,2026-07-14 00:00:00,27.1,17.4
1478,Indore,Madhya Pradesh,Central,22.71792,75.8333,2026-07-15 00:00:00,27.7,13.3
1479,Indore,Madhya Pradesh,Central,22.71792,75.8333,2026-07-16 00:00:00,28.4,12.3
1480,Indore,Madhya Pradesh,Central,22.71792,75.8333,2026-07-17 00:00:00,28.5,12.7
1481,Indore,Madhya Pradesh,Central,22.71792,75.8333,2026-07-18 00:00:00,27.7,12.7
1482,Indore,Madhya Pradesh,Central,22.71792,75.8333,2026-07-19 00:00:00,27.1,10
1483,Indore,Madhya Pradesh,Central,22.71792,75.8333,2026-07-20 00:00:00,26,10
1484,Indore,Madhya Pradesh,Central,22.71792,75.8333,2026-07-21 00:00:00,24.7,12.3
1485,Indore,Madhya Pradesh,Central,22.71792,75.8333,2026-07-22 00:00:00,24.5,11.9
1486,Indore,Madhya Pradesh,Central,22.71792,75.8333,2026-07-23 00:00:00,25.1,12.6
1487,Indore,Madhya Pradesh,Central,22.71792,75.8333,2026-07-24 00:00:00,25.5,16.3
1488,Indore,Madhya Pradesh,Central,22.71792,75.8333,2026-07-25 00:00:00,25,13.9
1489,Indore,Madhya Pradesh,Central,22.71792,75.8333,2026-07-26 00:00:00,26.1,11.1
1490,Indore,Madhya Pradesh,Central,22.71792,75.8333,2026-07-27 00:00:00,25.6,10.5
1491,Indore,Madhya Pradesh,Central,22.71792,75.8333,2026-07-28 00:00:00,25.3,12.4
1492,Indore,Madhya Pradesh,Central,22.71792,75.8333,2026-07-29 00:00:00,25.4,11.1
1493,Indore,Madhya Pradesh,Central,22.71792,75.8333,2026-07-30 00:00:00,25.9,13.3
1494,Indore,Madhya Pradesh,Central,22.71792,75.8333,2026-07-31 00:00:00,25.5,10.6
1495,Indore,Madhya Pradesh,Central,22.71792,75.8333,2026-08-01 00:00:00,25,13.4
1496,Indore,Madhya Pradesh,Central,22.71792,75.8333,2026-08-02 00:00:00,25.8,14.1
1497,Indore,Madhya Pradesh,Central,22.71792,75.8333,2026-08-03 00:00:00,26.2,12
1498,Indore,Madhya Pradesh,Central,22.71792,75.8333,2026-08-04 00:00:00,25.8,11.8
1499,Indore,Madhya Pradesh,Central,22.71792,75.8333,2026-08-05 00:00:00,25.9,11.4
1500,Indore,Madhya Pradesh,Central,22.71792,75.8333,2026-08-06 00:00:00,25.1,11.1
1501,Indore,Madhya Pradesh,Central,22.71792,75.8333,2026-08-07 00:00:00,25.5,14
1502,Indore,Madhya Pradesh,Central,22.71792,75.8333,2026-08-08 00:00:00,25.8,14.2
1503,Gwalior,Madhya Pradesh,Central,26.22983,78.17337,2026-07-10 00:00:00,31.2,17.9
1504,Gwalior,Madhya Pradesh,Central,26.22983,78.17337,2026-07-11 00:00:00,31.2,16.4
1505,Gwalior,Madhya Pradesh,Central,26.22983,78.17337,2026-07-12 00:00:00,31.5,16.1
1506,Gwalior,Madhya Pradesh,Central,26.22983,78.17337,2026-07-13 00:00:00,31.4,15.5
1507,Gwalior,Madhya Pradesh,Central,26.22983,78.17337,2026-07-14 00:00:00,32,15
1508,Gwalior,Madhya Pradesh,Central,26.22983,78.17337,2026-07-15 00:00:00,31.3,12.5
1509,Gwalior,Madhya Pradesh,Central,26.22983,78.17337,2026-07-16 00:00:00,32.2,11.2
1510,Gwalior,Madhya Pradesh,Central,26.22983,78.17337,2026-07-17 00:00:00,32.2,12.8
1511,Gwalior,Madhya Pradesh,Central,26.22983,78.17337,2026-07-18 00:00:00,32.1,11.2
1512,Gwalior,Madhya Pradesh,Central,26.22983,78.17337,2026-07-19 00:00:00,30.7,8.9
1513,Gwalior,Madhya Pradesh,Central,26.22983,78.17337,2026-07-20 00:00:00,27.6,8.6
1514,Gwalior,Madhya Pradesh,Central,26.22983,78.17337,2026-07-21 00:00:00,28,3.6
1515,Gwalior,Madhya Pradesh,Central,26.22983,78.17337,2026-07-22 00:00:00,29.2,11.3
1516,Gwalior,Madhya Pradesh,Central,26.22983,78.17337,2026-07-23 00:00:00,28.4,9.5
1517,Gwalior,Madhya Pradesh,Central,26.22983,78.17337,2026-07-24 00:00:00,29.6,10.5
1518,Gwalior,Madhya Pradesh,Central,26.22983,78.17337,2026-07-25 00:00:00,30.2,8.1
1519,Gwalior,Madhya Pradesh,Central,26.22983,78.17337,2026-07-26 00:00:00,30.9,4.5
1520,Gwalior,Madhya Pradesh,Central,26.22983,78.17337,2026-07-27 00:00:00,30.8,7.6
1521,Gwalior,Madhya Pradesh,Central,26.22983,78.17337,2026-07-28 00:00:00,29.8,4.3
1522,Gwalior,Madhya Pradesh,Central,26.22983,78.17337,2026-07-29 00:00:00,29.8,7.3
1523,Gwalior,Madhya Pradesh,Central,26.22983,78.17337,2026-07-30 00:00:00,30.3,10.4
1524,Gwalior,Madhya Pradesh,Central,26.22983,78.17337,2026-07-31 00:00:00,29.6,14.8
1525,Gwalior,Madhya Pradesh,Central,26.22983,78.17337,2026-08-01 00:00:00,30,12.2
1526,Gwalior,Madhya Pradesh,Central,26.22983,78.17337,2026-08-02 00:00:00,30.2,8.5
1527,Gwalior,Madhya Pradesh,Central,26.22983,78.17337,2026-08-03 00:00:00,29.1,6.5
1528,Gwalior,Madhya Pradesh,Central,26.22983,78.17337,2026-08-04 00:00:00,27.7,9.1
1529,Gwalior,Madhya Pradesh,Central,26.22983,78.17337,2026-08-05 00:00:00,27.2,12
1530,Gwalior,Madhya Pradesh,Central,26.22983,78.17337,2026-08-06 00:00:00,27.1,14.9
1531,Gwalior,Madhya Pradesh,Central,26.22983,78.17337,2026-08-07 00:00:00,27,12.6
1532,Gwalior,Madhya Pradesh,Central,26.22983,78.17337,2026-08-08 00:00:00,28.7,5.7
1533,Jabalpur,Madhya Pradesh,Central,23.16697,79.95006,2026-07-10 00:00:00,27.3,12.8
1534,Jabalpur,Madhya Pradesh,Central,23.16697,79.95006,2026-07-11 00:00:00,28.2,16.4
1535,Jabalpur,Madhya Pradesh,Central,23.16697,79.95006,2026-07-12 00:00:00,28.4,15
1536,Jabalpur,Madhya Pradesh,Central,23.16697,79.95006,2026-07-13 00:00:00,28.8,13
1537,Jabalpur,Madhya Pradesh,Central,23.16697,79.95006,2026-07-14 00:00:00,29,12.6
1538,Jabalpur,Madhya Pradesh,Central,23.16697,79.95006,2026-07-15 00:00:00,28.3,10.7
1539,Jabalpur,Madhya Pradesh,Central,23.16697,79.95006,2026-07-16 00:00:00,28.4,11.2
1540,Jabalpur,Madhya Pradesh,Central,23.16697,79.95006,2026-07-17 00:00:00,26.8,11.1
1541,Jabalpur,Madhya Pradesh,Central,23.16697,79.95006,2026-07-18 00:00:00,27.2,9.7
1542,Jabalpur,Madhya Pradesh,Central,23.16697,79.95006,2026-07-19 00:00:00,27.3,8
1543,Jabalpur,Madhya Pradesh,Central,23.16697,79.95006,2026-07-20 00:00:00,26.6,7.1
1544,Jabalpur,Madhya Pradesh,Central,23.16697,79.95006,2026-07-21 00:00:00,25.2,7.2
1545,Jabalpur,Madhya Pradesh,Central,23.16697,79.95006,2026-07-22 00:00:00,25.1,8.1
1546,Jabalpur,Madhya Pradesh,Central,23.16697,79.95006,2026-07-23 00:00:00,25.4,11.2
1547,Jabalpur,Madhya Pradesh,Central,23.16697,79.95006,2026-07-24 00:00:00,27.6,10.2
1548,Jabalpur,Madhya Pradesh,Central,23.16697,79.95006,2026-07-25 00:00:00,28.1,6.5
1549,Jabalpur,Madhya Pradesh,Central,23.16697,79.95006,2026-07-26 00:00:00,28.4,9.1
1550,Jabalpur,Madhya Pradesh,Central,23.16697,79.95006,2026-07-27 00:00:00,28,8.2
1551,Jabalpur,Madhya Pradesh,Central,23.16697,79.95006,2026-07-28 00:00:00,27.3,5.8
1552,Jabalpur,Madhya Pradesh,Central,23.16697,79.95006,2026-07-29 00:00:00,26.9,11.4
1553,Jabalpur,Madhya Pradesh,Central,23.16697,79.95006,2026-07-30 00:00:00,28,13.5
1554,Jabalpur,Madhya Pradesh,Central,23.16697,79.95006,2026-07-31 00:00:00,27.6,17.3
1555,Jabalpur,Madhya Pradesh,Central,23.16697,79.95006,2026-08-01 00:00:00,28,13.6
1556,Jabalpur,Madhya Pradesh,Central,23.16697,79.95006,2026-08-02 00:00:00,28.2,9.6
1557,Jabalpur,Madhya Pradesh,Central,23.16697,79.95006,2026-08-03 00:00:00,28.5,9.7
1558,Jabalpur,Madhya Pradesh,Central,23.16697,79.95006,2026-08-04 00:00:00,27.7,8.3
1559,Jabalpur,Madhya Pradesh,Central,23.16697,79.95006,2026-08-05 00:00:00,27.5,9.5
1560,Jabalpur,Madhya Pradesh,Central,23.16697,79.95006,2026-08-06 00:00:00,27.8,10.1
1561,Jabalpur,Madhya Pradesh,Central,23.16697,79.95006,2026-08-07 00:00:00,25.9,9.4
1562,Jabalpur,Madhya Pradesh,Central,23.16697,79.95006,2026-08-08 00:00:00,26,10.3
1563,Ujjain,Madhya Pradesh,Central,23.18239,75.77643,2026-07-10 00:00:00,27.6,19.4
1564,Ujjain,Madhya Pradesh,Central,23.18239,75.77643,2026-07-11 00:00:00,27.3,21.2
1565,Ujjain,Madhya Pradesh,Central,23.18239,75.77643,2026-07-12 00:00:00,27.5,19.8
1566,Ujjain,Madhya Pradesh,Central,23.18239,75.77643,2026-07-13 00:00:00,27.8,18.9
1567,Ujjain,Madhya Pradesh,Central,23.18239,75.77643,2026-07-14 00:00:00,27.4,18.3
1568,Ujjain,Madhya Pradesh,Central,23.18239,75.77643,2026-07-15 00:00:00,27.5,13.9
1569,Ujjain,Madhya Pradesh,Central,23.18239,75.77643,2026-07-16 00:00:00,28.1,13
1570,Ujjain,Madhya Pradesh,Central,23.18239,75.77643,2026-07-17 00:00:00,28.2,12.9
1571,Ujjain,Madhya Pradesh,Central,23.18239,75.77643,2026-07-18 00:00:00,27.9,12.5
1572,Ujjain,Madhya Pradesh,Central,23.18239,75.77643,2026-07-19 00:00:00,27.1,10.2
1573,Ujjain,Madhya Pradesh,Central,23.18239,75.77643,2026-07-20 00:00:00,26.1,10
1574,Ujjain,Madhya Pradesh,Central,23.18239,75.77643,2026-07-21 00:00:00,24.5,10.5
1575,Ujjain,Madhya Pradesh,Central,23.18239,75.77643,2026-07-22 00:00:00,24.6,11.9
1576,Ujjain,Madhya Pradesh,Central,23.18239,75.77643,2026-07-23 00:00:00,25.3,11.2
1577,Ujjain,Madhya Pradesh,Central,23.18239,75.77643,2026-07-24 00:00:00,25.5,18
1578,Ujjain,Madhya Pradesh,Central,23.18239,75.77643,2026-07-25 00:00:00,25,14.6
1579,Ujjain,Madhya Pradesh,Central,23.18239,75.77643,2026-07-26 00:00:00,26.5,12.1
1580,Ujjain,Madhya Pradesh,Central,23.18239,75.77643,2026-07-27 00:00:00,26.3,11.6
1581,Ujjain,Madhya Pradesh,Central,23.18239,75.77643,2026-07-28 00:00:00,26,12.9
1582,Ujjain,Madhya Pradesh,Central,23.18239,75.77643,2026-07-29 00:00:00,25.9,10.8
1583,Ujjain,Madhya Pradesh,Central,23.18239,75.77643,2026-07-30 00:00:00,26.4,11.5
1584,Ujjain,Madhya Pradesh,Central,23.18239,75.77643,2026-07-31 00:00:00,26.4,10.5
1585,Ujjain,Madhya Pradesh,Central,23.18239,75.77643,2026-08-01 00:00:00,25.8,13.5
1586,Ujjain,Madhya Pradesh,Central,23.18239,75.77643,2026-08-02 00:00:00,26.3,15.5
1587,Ujjain,Madhya Pradesh,Central,23.18239,75.77643,2026-08-03 00:00:00,26.9,13.7
1588,Ujjain,Madhya Pradesh,Central,23.18239,75.77643,2026-08-04 00:00:00,26.1,12.1
1589,Ujjain,Madhya Pradesh,Central,23.18239,75.77643,2026-08-05 00:00:00,26.2,12.1
1590,Ujjain,Madhya Pradesh,Central,23.18239,75.77643,2026-08-06 00:00:00,25.6,12.6
1591,Ujjain,Madhya Pradesh,Central,23.18239,75.77643,2026-08-07 00:00:00,25.9,15.4
1592,Ujjain,Madhya Pradesh,Central,23.18239,75.77643,2026-08-08 00:00:00,26.1,15.2
1593,Sagar,Madhya Pradesh,Central,22.38384,79.46607,2026-07-10 00:00:00,27.5,12.6
1594,Sagar,Madhya Pradesh,Central,22.38384,79.46607,2026-07-11 00:00:00,27.5,14.9
1595,Sagar,Madhya Pradesh,Central,22.38384,79.46607,2026-07-12 00:00:00,27.8,13.8
1596,Sagar,Madhya Pradesh,Central,22.38384,79.46607,2026-07-13 00:00:00,27.9,14
1597,Sagar,Madhya Pradesh,Central,22.38384,79.46607,2026-07-14 00:00:00,28.3,15.7
1598,Sagar,Madhya Pradesh,Central,22.38384,79.46607,2026-07-15 00:00:00,27.7,13.6
1599,Sagar,Madhya Pradesh,Central,22.38384,79.46607,2026-07-16 00:00:00,28,14.8
1600,Sagar,Madhya Pradesh,Central,22.38384,79.46607,2026-07-17 00:00:00,25.4,11.2
1601,Sagar,Madhya Pradesh,Central,22.38384,79.46607,2026-07-18 00:00:00,26.1,10.2
1602,Sagar,Madhya Pradesh,Central,22.38384,79.46607,2026-07-19 00:00:00,26.4,8.4
1603,Sagar,Madhya Pradesh,Central,22.38384,79.46607,2026-07-20 00:00:00,25.8,7.6
1604,Sagar,Madhya Pradesh,Central,22.38384,79.46607,2026-07-21 00:00:00,24.3,5.5
1605,Sagar,Madhya Pradesh,Central,22.38384,79.46607,2026-07-22 00:00:00,23.6,13.3
1606,Sagar,Madhya Pradesh,Central,22.38384,79.46607,2026-07-23 00:00:00,24.1,16.1
1607,Sagar,Madhya Pradesh,Central,22.38384,79.46607,2026-07-24 00:00:00,26,14.2
1608,Sagar,Madhya Pradesh,Central,22.38384,79.46607,2026-07-25 00:00:00,26.6,9.2
1609,Sagar,Madhya Pradesh,Central,22.38384,79.46607,2026-07-26 00:00:00,26.9,8.1
1610,Sagar,Madhya Pradesh,Central,22.38384,79.46607,2026-07-27 00:00:00,26.5,9.5
1611,Sagar,Madhya Pradesh,Central,22.38384,79.46607,2026-07-28 00:00:00,26.4,8.1
1612,Sagar,Madhya Pradesh,Central,22.38384,79.46607,2026-07-29 00:00:00,25.2,20.2
1613,Sagar,Madhya Pradesh,Central,22.38384,79.46607,2026-07-30 00:00:00,25.8,15.3
1614,Sagar,Madhya Pradesh,Central,22.38384,79.46607,2026-07-31 00:00:00,24.4,19.7
1615,Sagar,Madhya Pradesh,Central,22.38384,79.46607,2026-08-01 00:00:00,26,16.1
1616,Sagar,Madhya Pradesh,Central,22.38384,79.46607,2026-08-02 00:00:00,27.1,10.4
1617,Sagar,Madhya Pradesh,Central,22.38384,79.46607,2026-08-03 00:00:00,27.4,8.1
1618,Sagar,Madhya Pradesh,Central,22.38384,79.46607,2026-08-04 00:00:00,26.9,6.3
1619,Sagar,Madhya Pradesh,Central,22.38384,79.46607,2026-08-05 00:00:00,26.9,6
1620,Sagar,Madhya Pradesh,Central,22.38384,79.46607,2026-08-06 00:00:00,26.7,7.3
1621,Sagar,Madhya Pradesh,Central,22.38384,79.46607,2026-08-07 00:00:00,25.4,13.8
1622,Sagar,Madhya Pradesh,Central,22.38384,79.46607,2026-08-08 00:00:00,24.9,14.7
1623,Raipur,Chhattisgarh,Central,21.23333,81.63333,2026-07-10 00:00:00,29.4,13.4
1624,Raipur,Chhattisgarh,Central,21.23333,81.63333,2026-07-11 00:00:00,29,12.8
1625,Raipur,Chhattisgarh,Central,21.23333,81.63333,2026-07-12 00:00:00,29.7,14.9
1626,Raipur,Chhattisgarh,Central,21.23333,81.63333,2026-07-13 00:00:00,30.4,12.4
1627,Raipur,Chhattisgarh,Central,21.23333,81.63333,2026-07-14 00:00:00,29.8,10.1
1628,Raipur,Chhattisgarh,Central,21.23333,81.63333,2026-07-15 00:00:00,29.7,8.8
1629,Raipur,Chhattisgarh,Central,21.23333,81.63333,2026-07-16 00:00:00,27.1,10.5
1630,Raipur,Chhattisgarh,Central,21.23333,81.63333,2026-07-17 00:00:00,26.1,12.8
1631,Raipur,Chhattisgarh,Central,21.23333,81.63333,2026-07-18 00:00:00,26.1,12
1632,Raipur,Chhattisgarh,Central,21.23333,81.63333,2026-07-19 00:00:00,27.2,9.6
1633,Raipur,Chhattisgarh,Central,21.23333,81.63333,2026-07-20 00:00:00,27,8.9
1634,Raipur,Chhattisgarh,Central,21.23333,81.63333,2026-07-21 00:00:00,25.4,12.8
1635,Raipur,Chhattisgarh,Central,21.23333,81.63333,2026-07-22 00:00:00,25,19.1
1636,Raipur,Chhattisgarh,Central,21.23333,81.63333,2026-07-23 00:00:00,25.9,17.7
1637,Raipur,Chhattisgarh,Central,21.23333,81.63333,2026-07-24 00:00:00,27.8,13.4
1638,Raipur,Chhattisgarh,Central,21.23333,81.63333,2026-07-25 00:00:00,28.5,8.7
1639,Raipur,Chhattisgarh,Central,21.23333,81.63333,2026-07-26 00:00:00,27.8,9.5
1640,Raipur,Chhattisgarh,Central,21.23333,81.63333,2026-07-27 00:00:00,27.1,10.2
1641,Raipur,Chhattisgarh,Central,21.23333,81.63333,2026-07-28 00:00:00,26.3,11.7
1642,Raipur,Chhattisgarh,Central,21.23333,81.63333,2026-07-29 00:00:00,26.2,12.8
1643,Raipur,Chhattisgarh,Central,21.23333,81.63333,2026-07-30 00:00:00,26,16.3
1644,Raipur,Chhattisgarh,Central,21.23333,81.63333,2026-07-31 00:00:00,28.1,13.4
1645,Raipur,Chhattisgarh,Central,21.23333,81.63333,2026-08-01 00:00:00,28.3,8.7
1646,Raipur,Chhattisgarh,Central,21.23333,81.63333,2026-08-02 00:00:00,29,10.8
1647,Raipur,Chhattisgarh,Central,21.23333,81.63333,2026-08-03 00:00:00,28.7,7.3
1648,Raipur,Chhattisgarh,Central,21.23333,81.63333,2026-08-04 00:00:00,28.2,7.7
1649,Raipur,Chhattisgarh,Central,21.23333,81.63333,2026-08-05 00:00:00,27.3,9
1650,Raipur,Chhattisgarh,Central,21.23333,81.63333,2026-08-06 00:00:00,27.5,8.2
1651,Raipur,Chhattisgarh,Central,21.23333,81.63333,2026-08-07 00:00:00,26.2,8.4
1652,Raipur,Chhattisgarh,Central,21.23333,81.63333,2026-08-08 00:00:00,26.1,8.8
1653,Bilaspur,Chhattisgarh,Central,22.08005,82.15543,2026-07-10 00:00:00,29.4,11.3
1654,Bilaspur,Chhattisgarh,Central,22.08005,82.15543,2026-07-11 00:00:00,28.6,12.5
1655,Bilaspur,Chhattisgarh,Central,22.08005,82.15543,2026-07-12 00:00:00,30.2,15
1656,Bilaspur,Chhattisgarh,Central,22.08005,82.15543,2026-07-13 00:00:00,30.6,10.9
1657,Bilaspur,Chhattisgarh,Central,22.08005,82.15543,2026-07-14 00:00:00,29.8,10.1
1658,Bilaspur,Chhattisgarh,Central,22.08005,82.15543,2026-07-15 00:00:00,28.4,7.6
1659,Bilaspur,Chhattisgarh,Central,22.08005,82.15543,2026-07-16 00:00:00,28.1,9.3
1660,Bilaspur,Chhattisgarh,Central,22.08005,82.15543,2026-07-17 00:00:00,26.3,13.8
1661,Bilaspur,Chhattisgarh,Central,22.08005,82.15543,2026-07-18 00:00:00,27.2,9.8
1662,Bilaspur,Chhattisgarh,Central,22.08005,82.15543,2026-07-19 00:00:00,27.6,6
1663,Bilaspur,Chhattisgarh,Central,22.08005,82.15543,2026-07-20 00:00:00,27,5.5
1664,Bilaspur,Chhattisgarh,Central,22.08005,82.15543,2026-07-21 00:00:00,25.9,8
1665,Bilaspur,Chhattisgarh,Central,22.08005,82.15543,2026-07-22 00:00:00,25.2,15.5
1666,Bilaspur,Chhattisgarh,Central,22.08005,82.15543,2026-07-23 00:00:00,25.7,17
1667,Bilaspur,Chhattisgarh,Central,22.08005,82.15543,2026-07-24 00:00:00,28.1,13.1
1668,Bilaspur,Chhattisgarh,Central,22.08005,82.15543,2026-07-25 00:00:00,28,8.8
1669,Bilaspur,Chhattisgarh,Central,22.08005,82.15543,2026-07-26 00:00:00,27.2,6.2
1670,Bilaspur,Chhattisgarh,Central,22.08005,82.15543,2026-07-27 00:00:00,27.1,8.2
1671,Bilaspur,Chhattisgarh,Central,22.08005,82.15543,2026-07-28 00:00:00,26.9,10.2
1672,Bilaspur,Chhattisgarh,Central,22.08005,82.15543,2026-07-29 00:00:00,27.4,17.7
1673,Bilaspur,Chhattisgarh,Central,22.08005,82.15543,2026-07-30 00:00:00,26.9,20.5
1674,Bilaspur,Chhattisgarh,Central,22.08005,82.15543,2026-07-31 00:00:00,27.9,13
1675,Bilaspur,Chhattisgarh,Central,22.08005,82.15543,2026-08-01 00:00:00,27.9,9.2
1676,Bilaspur,Chhattisgarh,Central,22.08005,82.15543,2026-08-02 00:00:00,28.9,9
1677,Bilaspur,Chhattisgarh,Central,22.08005,82.15543,2026-08-03 00:00:00,28.5,7.3
1678,Bilaspur,Chhattisgarh,Central,22.08005,82.15543,2026-08-04 00:00:00,28.4,4.5
1679,Bilaspur,Chhattisgarh,Central,22.08005,82.15543,2026-08-05 00:00:00,27.6,7.6
1680,Bilaspur,Chhattisgarh,Central,22.08005,82.15543,2026-08-06 00:00:00,26.9,7.4
1681,Bilaspur,Chhattisgarh,Central,22.08005,82.15543,2026-08-07 00:00:00,26.5,5.9
1682,Bilaspur,Chhattisgarh,Central,22.08005,82.15543,2026-08-08 00:00:00,26.3,5.2
1683,Durg,Chhattisgarh,Central,21.19147,81.27619,2026-07-10 00:00:00,29.4,13.9
1684,Durg,Chhattisgarh,Central,21.19147,81.27619,2026-07-11 00:00:00,29.3,14.9
1685,Durg,Chhattisgarh,Central,21.19147,81.27619,2026-07-12 00:00:00,29.5,15.2
1686,Durg,Chhattisgarh,Central,21.19147,81.27619,2026-07-13 00:00:00,30.1,12.4
1687,Durg,Chhattisgarh,Central,21.19147,81.27619,2026-07-14 00:00:00,29.9,10.8
1688,Durg,Chhattisgarh,Central,21.19147,81.27619,2026-07-15 00:00:00,29.9,9.9
1689,Durg,Chhattisgarh,Central,21.19147,81.27619,2026-07-16 00:00:00,27.3,11
1690,Durg,Chhattisgarh,Central,21.19147,81.27619,2026-07-17 00:00:00,25.9,12
1691,Durg,Chhattisgarh,Central,21.19147,81.27619,2026-07-18 00:00:00,26,12.5
1692,Durg,Chhattisgarh,Central,21.19147,81.27619,2026-07-19 00:00:00,27.1,11
1693,Durg,Chhattisgarh,Central,21.19147,81.27619,2026-07-20 00:00:00,27.3,9.5
1694,Durg,Chhattisgarh,Central,21.19147,81.27619,2026-07-21 00:00:00,25.4,13.6
1695,Durg,Chhattisgarh,Central,21.19147,81.27619,2026-07-22 00:00:00,24.9,19.6
1696,Durg,Chhattisgarh,Central,21.19147,81.27619,2026-07-23 00:00:00,25.8,18.8
1697,Durg,Chhattisgarh,Central,21.19147,81.27619,2026-07-24 00:00:00,27.6,14.3
1698,Durg,Chhattisgarh,Central,21.19147,81.27619,2026-07-25 00:00:00,28.7,10
1699,Durg,Chhattisgarh,Central,21.19147,81.27619,2026-07-26 00:00:00,27.9,10.3
1700,Durg,Chhattisgarh,Central,21.19147,81.27619,2026-07-27 00:00:00,27.4,10.6
1701,Durg,Chhattisgarh,Central,21.19147,81.27619,2026-07-28 00:00:00,26.4,11.5
1702,Durg,Chhattisgarh,Central,21.19147,81.27619,2026-07-29 00:00:00,26.1,13.8
1703,Durg,Chhattisgarh,Central,21.19147,81.27619,2026-07-30 00:00:00,25.6,15.7
1704,Durg,Chhattisgarh,Central,21.19147,81.27619,2026-07-31 00:00:00,27.8,14.1
1705,Durg,Chhattisgarh,Central,21.19147,81.27619,2026-08-01 00:00:00,28.4,10.8
1706,Durg,Chhattisgarh,Central,21.19147,81.27619,2026-08-02 00:00:00,29,11.5
1707,Durg,Chhattisgarh,Central,21.19147,81.27619,2026-08-03 00:00:00,28.9,8.5
1708,Durg,Chhattisgarh,Central,21.19147,81.27619,2026-08-04 00:00:00,28.2,7.9
1709,Durg,Chhattisgarh,Central,21.19147,81.27619,2026-08-05 00:00:00,27.3,9.7
1710,Durg,Chhattisgarh,Central,21.19147,81.27619,2026-08-06 00:00:00,28,10.9
1711,Durg,Chhattisgarh,Central,21.19147,81.27619,2026-08-07 00:00:00,26.8,8.8
1712,Durg,Chhattisgarh,Central,21.19147,81.27619,2026-08-08 00:00:00,26.2,9.6
1714,Korba,Chhattisgarh,Central,22.3458,82.69633,2026-07-11 00:00:00,28.4,8
1715,Korba,Chhattisgarh,Central,22.3458,82.69633,2026-07-12 00:00:00,30,9.8
1716,Korba,Chhattisgarh,Central,22.3458,82.69633,2026-07-13 00:00:00,30.3,7.8
1717,Korba,Chhattisgarh,Central,22.3458,82.69633,2026-07-14 00:00:00,30.6,9.4
1718,Korba,Chhattisgarh,Central,22.3458,82.69633,2026-07-15 00:00:00,27.7,7.8
1719,Korba,Chhattisgarh,Central,22.3458,82.69633,2026-07-16 00:00:00,27.6,6
1720,Korba,Chhattisgarh,Central,22.3458,82.69633,2026-07-17 00:00:00,27,9.5
1721,Korba,Chhattisgarh,Central,22.3458,82.69633,2026-07-18 00:00:00,27,6.4
1722,Korba,Chhattisgarh,Central,22.3458,82.69633,2026-07-19 00:00:00,27.8,5.2
1723,Korba,Chhattisgarh,Central,22.3458,82.69633,2026-07-20 00:00:00,27.1,5.7
1724,Korba,Chhattisgarh,Central,22.3458,82.69633,2026-07-21 00:00:00,25.8,5.6
1725,Korba,Chhattisgarh,Central,22.3458,82.69633,2026-07-22 00:00:00,24.9,12.5
1726,Korba,Chhattisgarh,Central,22.3458,82.69633,2026-07-23 00:00:00,25.6,14.1
1727,Korba,Chhattisgarh,Central,22.3458,82.69633,2026-07-24 00:00:00,27.8,9.7
1728,Korba,Chhattisgarh,Central,22.3458,82.69633,2026-07-25 00:00:00,27.5,7
1729,Korba,Chhattisgarh,Central,22.3458,82.69633,2026-07-26 00:00:00,27.1,7.8
1730,Korba,Chhattisgarh,Central,22.3458,82.69633,2026-07-27 00:00:00,27.3,8.3
1731,Korba,Chhattisgarh,Central,22.3458,82.69633,2026-07-28 00:00:00,26.6,13.2
1732,Korba,Chhattisgarh,Central,22.3458,82.69633,2026-07-29 00:00:00,27.2,17.1
1733,Korba,Chhattisgarh,Central,22.3458,82.69633,2026-07-30 00:00:00,27.2,17.2
1734,Korba,Chhattisgarh,Central,22.3458,82.69633,2026-07-31 00:00:00,27.6,12.9
1735,Korba,Chhattisgarh,Central,22.3458,82.69633,2026-08-01 00:00:00,27.6,6.8
1736,Korba,Chhattisgarh,Central,22.3458,82.69633,2026-08-02 00:00:00,28.9,5.5
1737,Korba,Chhattisgarh,Central,22.3458,82.69633,2026-08-03 00:00:00,28.4,4.4
1738,Korba,Chhattisgarh,Central,22.3458,82.69633,2026-08-04 00:00:00,28.1,3.5
1739,Korba,Chhattisgarh,Central,22.3458,82.69633,2026-08-05 00:00:00,27.2,3.5
1740,Korba,Chhattisgarh,Central,22.3458,82.69633,2026-08-06 00:00:00,26.8,4.9
1741,Korba,Chhattisgarh,Central,22.3458,82.69633,2026-08-07 00:00:00,26.2,4.5
1742,Korba,Chhattisgarh,Central,22.3458,82.69633,2026-08-08 00:00:00,26.2,3.9
1743,Ranchi,Jharkhand,Central,23.34316,85.3094,2026-07-10 00:00:00,25.6,13.9
1744,Ranchi,Jharkhand,Central,23.34316,85.3094,2026-07-11 00:00:00,25.9,13.5
1745,Ranchi,Jharkhand,Central,23.34316,85.3094,2026-07-12 00:00:00,27.1,12.2
1746,Ranchi,Jharkhand,Central,23.34316,85.3094,2026-07-13 00:00:00,27.3,10.3
1747,Ranchi,Jharkhand,Central,23.34316,85.3094,2026-07-14 00:00:00,26.3,9
1748,Ranchi,Jharkhand,Central,23.34316,85.3094,2026-07-15 00:00:00,26.3,8.9
1749,Ranchi,Jharkhand,Central,23.34316,85.3094,2026-07-16 00:00:00,26.2,10.5
1750,Ranchi,Jharkhand,Central,23.34316,85.3094,2026-07-17 00:00:00,25.6,9.7
1751,Ranchi,Jharkhand,Central,23.34316,85.3094,2026-07-18 00:00:00,25.8,8.1
1752,Ranchi,Jharkhand,Central,23.34316,85.3094,2026-07-19 00:00:00,25.5,6.1
1753,Ranchi,Jharkhand,Central,23.34316,85.3094,2026-07-20 00:00:00,24.7,8.4
1754,Ranchi,Jharkhand,Central,23.34316,85.3094,2026-07-21 00:00:00,23.7,12.4
1755,Ranchi,Jharkhand,Central,23.34316,85.3094,2026-07-22 00:00:00,23.6,13.6
1756,Ranchi,Jharkhand,Central,23.34316,85.3094,2026-07-23 00:00:00,24.3,16
1757,Ranchi,Jharkhand,Central,23.34316,85.3094,2026-07-24 00:00:00,24.8,10.1
1758,Ranchi,Jharkhand,Central,23.34316,85.3094,2026-07-25 00:00:00,25.5,10.3
1759,Ranchi,Jharkhand,Central,23.34316,85.3094,2026-07-26 00:00:00,26.2,11
1760,Ranchi,Jharkhand,Central,23.34316,85.3094,2026-07-27 00:00:00,25.3,11.5
1761,Ranchi,Jharkhand,Central,23.34316,85.3094,2026-07-28 00:00:00,23.8,22.9
1762,Ranchi,Jharkhand,Central,23.34316,85.3094,2026-07-29 00:00:00,24.2,22
1763,Ranchi,Jharkhand,Central,23.34316,85.3094,2026-07-30 00:00:00,24.7,18.2
1764,Ranchi,Jharkhand,Central,23.34316,85.3094,2026-07-31 00:00:00,24.9,15.4
1765,Ranchi,Jharkhand,Central,23.34316,85.3094,2026-08-01 00:00:00,26,9.1
1766,Ranchi,Jharkhand,Central,23.34316,85.3094,2026-08-02 00:00:00,26.3,8.7
1767,Ranchi,Jharkhand,Central,23.34316,85.3094,2026-08-03 00:00:00,25.9,5.9
1768,Ranchi,Jharkhand,Central,23.34316,85.3094,2026-08-04 00:00:00,26,5.4
1769,Ranchi,Jharkhand,Central,23.34316,85.3094,2026-08-05 00:00:00,25.3,6.1
1770,Ranchi,Jharkhand,Central,23.34316,85.3094,2026-08-06 00:00:00,25,3.8
1771,Ranchi,Jharkhand,Central,23.34316,85.3094,2026-08-07 00:00:00,24.9,8.2
1772,Ranchi,Jharkhand,Central,23.34316,85.3094,2026-08-08 00:00:00,24.2,14.1
1773,Jamshedpur,Jharkhand,Central,22.80278,86.18545,2026-07-10 00:00:00,27.4,10.4
1774,Jamshedpur,Jharkhand,Central,22.80278,86.18545,2026-07-11 00:00:00,28.3,10
1775,Jamshedpur,Jharkhand,Central,22.80278,86.18545,2026-07-12 00:00:00,30.3,8.3
1776,Jamshedpur,Jharkhand,Central,22.80278,86.18545,2026-07-13 00:00:00,29.8,7.4
1777,Jamshedpur,Jharkhand,Central,22.80278,86.18545,2026-07-14 00:00:00,28,4.2
1778,Jamshedpur,Jharkhand,Central,22.80278,86.18545,2026-07-15 00:00:00,28.2,6.7
1779,Jamshedpur,Jharkhand,Central,22.80278,86.18545,2026-07-16 00:00:00,28.1,8.4
1780,Jamshedpur,Jharkhand,Central,22.80278,86.18545,2026-07-17 00:00:00,28,6
1781,Jamshedpur,Jharkhand,Central,22.80278,86.18545,2026-07-18 00:00:00,28.5,3.6
1782,Jamshedpur,Jharkhand,Central,22.80278,86.18545,2026-07-19 00:00:00,28.2,6.3
1783,Jamshedpur,Jharkhand,Central,22.80278,86.18545,2026-07-20 00:00:00,27.2,4
1784,Jamshedpur,Jharkhand,Central,22.80278,86.18545,2026-07-21 00:00:00,26,7.6
1785,Jamshedpur,Jharkhand,Central,22.80278,86.18545,2026-07-22 00:00:00,25.8,6.3
1786,Jamshedpur,Jharkhand,Central,22.80278,86.18545,2026-07-23 00:00:00,26.7,9.4
1787,Jamshedpur,Jharkhand,Central,22.80278,86.18545,2026-07-24 00:00:00,27.4,7.7
1788,Jamshedpur,Jharkhand,Central,22.80278,86.18545,2026-07-25 00:00:00,27.3,6
1789,Jamshedpur,Jharkhand,Central,22.80278,86.18545,2026-07-26 00:00:00,28.4,9
1790,Jamshedpur,Jharkhand,Central,22.80278,86.18545,2026-07-27 00:00:00,26.7,10.1
1791,Jamshedpur,Jharkhand,Central,22.80278,86.18545,2026-07-28 00:00:00,26.6,19
1792,Jamshedpur,Jharkhand,Central,22.80278,86.18545,2026-07-29 00:00:00,27.2,14
1793,Jamshedpur,Jharkhand,Central,22.80278,86.18545,2026-07-30 00:00:00,27.6,13.5
1794,Jamshedpur,Jharkhand,Central,22.80278,86.18545,2026-07-31 00:00:00,28,10.1
1795,Jamshedpur,Jharkhand,Central,22.80278,86.18545,2026-08-01 00:00:00,28.2,4.8
1796,Jamshedpur,Jharkhand,Central,22.80278,86.18545,2026-08-02 00:00:00,29.5,5.2
1797,Jamshedpur,Jharkhand,Central,22.80278,86.18545,2026-08-03 00:00:00,28.6,4.1
1798,Jamshedpur,Jharkhand,Central,22.80278,86.18545,2026-08-04 00:00:00,29.1,4.2
1799,Jamshedpur,Jharkhand,Central,22.80278,86.18545,2026-08-05 00:00:00,27.5,4.5
1800,Jamshedpur,Jharkhand,Central,22.80278,86.18545,2026-08-06 00:00:00,26.8,2.7
1801,Jamshedpur,Jharkhand,Central,22.80278,86.18545,2026-08-07 00:00:00,26.9,5.1
1802,Jamshedpur,Jharkhand,Central,22.80278,86.18545,2026-08-08 00:00:00,26.2,9.3
1803,Dhanbad,Jharkhand,Central,23.79759,86.42992,2026-07-10 00:00:00,27.2,8.1
1804,Dhanbad,Jharkhand,Central,23.79759,86.42992,2026-07-11 00:00:00,27.7,9.8
1805,Dhanbad,Jharkhand,Central,23.79759,86.42992,2026-07-12 00:00:00,29.3,6.8
1806,Dhanbad,Jharkhand,Central,23.79759,86.42992,2026-07-13 00:00:00,29.2,6.7
1807,Dhanbad,Jharkhand,Central,23.79759,86.42992,2026-07-14 00:00:00,28.2,5.7
1808,Dhanbad,Jharkhand,Central,23.79759,86.42992,2026-07-15 00:00:00,29.1,6.4
1809,Dhanbad,Jharkhand,Central,23.79759,86.42992,2026-07-16 00:00:00,29.2,9.6
1810,Dhanbad,Jharkhand,Central,23.79759,86.42992,2026-07-17 00:00:00,28.4,5.4
1811,Dhanbad,Jharkhand,Central,23.79759,86.42992,2026-07-18 00:00:00,27.9,4.2
1812,Dhanbad,Jharkhand,Central,23.79759,86.42992,2026-07-19 00:00:00,28,5
1813,Dhanbad,Jharkhand,Central,23.79759,86.42992,2026-07-20 00:00:00,26.8,5.8
1814,Dhanbad,Jharkhand,Central,23.79759,86.42992,2026-07-21 00:00:00,26.1,10.9
1815,Dhanbad,Jharkhand,Central,23.79759,86.42992,2026-07-22 00:00:00,26.1,10.1
1816,Dhanbad,Jharkhand,Central,23.79759,86.42992,2026-07-23 00:00:00,26.8,6.6
1817,Dhanbad,Jharkhand,Central,23.79759,86.42992,2026-07-24 00:00:00,27,5.9
1818,Dhanbad,Jharkhand,Central,23.79759,86.42992,2026-07-25 00:00:00,28.1,10.5
1819,Dhanbad,Jharkhand,Central,23.79759,86.42992,2026-07-26 00:00:00,29,9.7
1820,Dhanbad,Jharkhand,Central,23.79759,86.42992,2026-07-27 00:00:00,28.5,10.5
1821,Dhanbad,Jharkhand,Central,23.79759,86.42992,2026-07-28 00:00:00,27.2,18.7
1822,Dhanbad,Jharkhand,Central,23.79759,86.42992,2026-07-29 00:00:00,27.2,14.4
1823,Dhanbad,Jharkhand,Central,23.79759,86.42992,2026-07-30 00:00:00,26.8,15.2
1824,Dhanbad,Jharkhand,Central,23.79759,86.42992,2026-07-31 00:00:00,27.8,12.8
1825,Dhanbad,Jharkhand,Central,23.79759,86.42992,2026-08-01 00:00:00,28.5,6.2
1826,Dhanbad,Jharkhand,Central,23.79759,86.42992,2026-08-02 00:00:00,29.1,4.9
1827,Dhanbad,Jharkhand,Central,23.79759,86.42992,2026-08-03 00:00:00,28.8,3.3
1828,Dhanbad,Jharkhand,Central,23.79759,86.42992,2026-08-04 00:00:00,28.8,3.9
1829,Dhanbad,Jharkhand,Central,23.79759,86.42992,2026-08-05 00:00:00,27.5,4
1830,Dhanbad,Jharkhand,Central,23.79759,86.42992,2026-08-06 00:00:00,26.4,3.7
1831,Dhanbad,Jharkhand,Central,23.79759,86.42992,2026-08-07 00:00:00,27.4,7.4
1832,Dhanbad,Jharkhand,Central,23.79759,86.42992,2026-08-08 00:00:00,26.7,12.1
1833,Bokaro,Jharkhand,Central,23.66934,86.15161,2026-07-10 00:00:00,27.7,9.8
1834,Bokaro,Jharkhand,Central,23.66934,86.15161,2026-07-11 00:00:00,28.1,11.1
1835,Bokaro,Jharkhand,Central,23.66934,86.15161,2026-07-12 00:00:00,30.2,9.2
1836,Bokaro,Jharkhand,Central,23.66934,86.15161,2026-07-13 00:00:00,29.9,7.3
1837,Bokaro,Jharkhand,Central,23.66934,86.15161,2026-07-14 00:00:00,28.6,6.4
1838,Bokaro,Jharkhand,Central,23.66934,86.15161,2026-07-15 00:00:00,29.4,6.6
1839,Bokaro,Jharkhand,Central,23.66934,86.15161,2026-07-16 00:00:00,28.9,8.4
1840,Bokaro,Jharkhand,Central,23.66934,86.15161,2026-07-17 00:00:00,28.4,5.3
1841,Bokaro,Jharkhand,Central,23.66934,86.15161,2026-07-18 00:00:00,28.4,3.9
1842,Bokaro,Jharkhand,Central,23.66934,86.15161,2026-07-19 00:00:00,28.3,4.5
1843,Bokaro,Jharkhand,Central,23.66934,86.15161,2026-07-20 00:00:00,27.1,5.4
1844,Bokaro,Jharkhand,Central,23.66934,86.15161,2026-07-21 00:00:00,26.2,11.1
1845,Bokaro,Jharkhand,Central,23.66934,86.15161,2026-07-22 00:00:00,26.2,11
1846,Bokaro,Jharkhand,Central,23.66934,86.15161,2026-07-23 00:00:00,27.3,7.6
1847,Bokaro,Jharkhand,Central,23.66934,86.15161,2026-07-24 00:00:00,26.9,7.2
1848,Bokaro,Jharkhand,Central,23.66934,86.15161,2026-07-25 00:00:00,28.1,8.4
1849,Bokaro,Jharkhand,Central,23.66934,86.15161,2026-07-26 00:00:00,29,8.8
1850,Bokaro,Jharkhand,Central,23.66934,86.15161,2026-07-27 00:00:00,28,8
1851,Bokaro,Jharkhand,Central,23.66934,86.15161,2026-07-28 00:00:00,26.8,17.7
1852,Bokaro,Jharkhand,Central,23.66934,86.15161,2026-07-29 00:00:00,26.9,15.2
1853,Bokaro,Jharkhand,Central,23.66934,86.15161,2026-07-30 00:00:00,27,15.5
1854,Bokaro,Jharkhand,Central,23.66934,86.15161,2026-07-31 00:00:00,27.8,13.3
1855,Bokaro,Jharkhand,Central,23.66934,86.15161,2026-08-01 00:00:00,28.9,5.3
1856,Bokaro,Jharkhand,Central,23.66934,86.15161,2026-08-02 00:00:00,29.2,4.5
1857,Bokaro,Jharkhand,Central,23.66934,86.15161,2026-08-03 00:00:00,28.9,3.7
1858,Bokaro,Jharkhand,Central,23.66934,86.15161,2026-08-04 00:00:00,28.8,2.9
1859,Bokaro,Jharkhand,Central,23.66934,86.15161,2026-08-05 00:00:00,27.4,5.5
1860,Bokaro,Jharkhand,Central,23.66934,86.15161,2026-08-06 00:00:00,26.6,3.8
1861,Bokaro,Jharkhand,Central,23.66934,86.15161,2026-08-07 00:00:00,27.3,7.1
1862,Bokaro,Jharkhand,Central,23.66934,86.15161,2026-08-08 00:00:00,26.4,12
1863,Kolkata,West Bengal,East,22.56263,88.36304,2026-07-10 00:00:00,27.4,11.2
1864,Kolkata,West Bengal,East,22.56263,88.36304,2026-07-11 00:00:00,28.9,8.8
1865,Kolkata,West Bengal,East,22.56263,88.36304,2026-07-12 00:00:00,28.8,8.4
1866,Kolkata,West Bengal,East,22.56263,88.36304,2026-07-13 00:00:00,28.8,5.8
1867,Kolkata,West Bengal,East,22.56263,88.36304,2026-07-14 00:00:00,28.7,4.3
1868,Kolkata,West Bengal,East,22.56263,88.36304,2026-07-15 00:00:00,29.5,9.5
1869,Kolkata,West Bengal,East,22.56263,88.36304,2026-07-16 00:00:00,29,10.9
1870,Kolkata,West Bengal,East,22.56263,88.36304,2026-07-17 00:00:00,28.9,10.9
1871,Kolkata,West Bengal,East,22.56263,88.36304,2026-07-18 00:00:00,29.1,11
1872,Kolkata,West Bengal,East,22.56263,88.36304,2026-07-19 00:00:00,28.7,9.7
1873,Kolkata,West Bengal,East,22.56263,88.36304,2026-07-20 00:00:00,27.9,8.5
1874,Kolkata,West Bengal,East,22.56263,88.36304,2026-07-21 00:00:00,26.8,9.2
1875,Kolkata,West Bengal,East,22.56263,88.36304,2026-07-22 00:00:00,26.2,8.7
1876,Kolkata,West Bengal,East,22.56263,88.36304,2026-07-23 00:00:00,26.5,11.4
1877,Kolkata,West Bengal,East,22.56263,88.36304,2026-07-24 00:00:00,26.9,8.4
1878,Kolkata,West Bengal,East,22.56263,88.36304,2026-07-25 00:00:00,28.1,8.4
1879,Kolkata,West Bengal,East,22.56263,88.36304,2026-07-26 00:00:00,28.4,12.6
1880,Kolkata,West Bengal,East,22.56263,88.36304,2026-07-27 00:00:00,27,16.8
1881,Kolkata,West Bengal,East,22.56263,88.36304,2026-07-28 00:00:00,27.9,17.2
1882,Kolkata,West Bengal,East,22.56263,88.36304,2026-07-29 00:00:00,27.9,10.7
1883,Kolkata,West Bengal,East,22.56263,88.36304,2026-07-30 00:00:00,27.8,12.8
1884,Kolkata,West Bengal,East,22.56263,88.36304,2026-07-31 00:00:00,28.5,10.3
1885,Kolkata,West Bengal,East,22.56263,88.36304,2026-08-01 00:00:00,28.5,8.3
1886,Kolkata,West Bengal,East,22.56263,88.36304,2026-08-02 00:00:00,28.8,7.3
1887,Kolkata,West Bengal,East,22.56263,88.36304,2026-08-03 00:00:00,29.2,5.5
1888,Kolkata,West Bengal,East,22.56263,88.36304,2026-08-04 00:00:00,29.4,7.4
1889,Kolkata,West Bengal,East,22.56263,88.36304,2026-08-05 00:00:00,28.4,6.1
1890,Kolkata,West Bengal,East,22.56263,88.36304,2026-08-06 00:00:00,27.7,3.9
1891,Kolkata,West Bengal,East,22.56263,88.36304,2026-08-07 00:00:00,27.1,7.5
1892,Kolkata,West Bengal,East,22.56263,88.36304,2026-08-08 00:00:00,27.8,10
1893,Howrah,West Bengal,East,22.57688,88.31857,2026-07-10 00:00:00,27.4,10.5
1894,Howrah,West Bengal,East,22.57688,88.31857,2026-07-11 00:00:00,28.8,9
1895,Howrah,West Bengal,East,22.57688,88.31857,2026-07-12 00:00:00,29,8.1
1896,Howrah,West Bengal,East,22.57688,88.31857,2026-07-13 00:00:00,28.8,5.6
1897,Howrah,West Bengal,East,22.57688,88.31857,2026-07-14 00:00:00,28.7,3.9
1898,Howrah,West Bengal,East,22.57688,88.31857,2026-07-15 00:00:00,29.4,9
1899,Howrah,West Bengal,East,22.57688,88.31857,2026-07-16 00:00:00,28.9,10.5
1900,Howrah,West Bengal,East,22.57688,88.31857,2026-07-17 00:00:00,28.9,10.6
1901,Howrah,West Bengal,East,22.57688,88.31857,2026-07-18 00:00:00,29.2,10.8
1902,Howrah,West Bengal,East,22.57688,88.31857,2026-07-19 00:00:00,28.7,9.7
1903,Howrah,West Bengal,East,22.57688,88.31857,2026-07-20 00:00:00,27.9,8.5
1904,Howrah,West Bengal,East,22.57688,88.31857,2026-07-21 00:00:00,26.9,9
1905,Howrah,West Bengal,East,22.57688,88.31857,2026-07-22 00:00:00,26.4,9
1906,Howrah,West Bengal,East,22.57688,88.31857,2026-07-23 00:00:00,26.6,11.2
1907,Howrah,West Bengal,East,22.57688,88.31857,2026-07-24 00:00:00,26.9,8.2
1908,Howrah,West Bengal,East,22.57688,88.31857,2026-07-25 00:00:00,28.2,8.6
1909,Howrah,West Bengal,East,22.57688,88.31857,2026-07-26 00:00:00,28.4,12.1
1910,Howrah,West Bengal,East,22.57688,88.31857,2026-07-27 00:00:00,27.1,16.5
1911,Howrah,West Bengal,East,22.57688,88.31857,2026-07-28 00:00:00,27.9,17.1
1912,Howrah,West Bengal,East,22.57688,88.31857,2026-07-29 00:00:00,27.9,10.7
1913,Howrah,West Bengal,East,22.57688,88.31857,2026-07-30 00:00:00,27.9,12.5
1914,Howrah,West Bengal,East,22.57688,88.31857,2026-07-31 00:00:00,28.6,10.1
1915,Howrah,West Bengal,East,22.57688,88.31857,2026-08-01 00:00:00,28.4,7.8
1916,Howrah,West Bengal,East,22.57688,88.31857,2026-08-02 00:00:00,28.8,6.8
1917,Howrah,West Bengal,East,22.57688,88.31857,2026-08-03 00:00:00,29.2,5.6
1918,Howrah,West Bengal,East,22.57688,88.31857,2026-08-04 00:00:00,29.4,7.1
1919,Howrah,West Bengal,East,22.57688,88.31857,2026-08-05 00:00:00,28.6,5.8
1920,Howrah,West Bengal,East,22.57688,88.31857,2026-08-06 00:00:00,27.8,4
1921,Howrah,West Bengal,East,22.57688,88.31857,2026-08-07 00:00:00,27.2,7.4
1922,Howrah,West Bengal,East,22.57688,88.31857,2026-08-08 00:00:00,27.9,9.6
1923,Durgapur,West Bengal,East,23.51583,87.30801,2026-07-10 00:00:00,27.3,9.6
1924,Durgapur,West Bengal,East,23.51583,87.30801,2026-07-11 00:00:00,28.6,11.4
1925,Durgapur,West Bengal,East,23.51583,87.30801,2026-07-12 00:00:00,30.1,8
1926,Durgapur,West Bengal,East,23.51583,87.30801,2026-07-13 00:00:00,28.5,6.3
1927,Durgapur,West Bengal,East,23.51583,87.30801,2026-07-14 00:00:00,28,3.6
1928,Durgapur,West Bengal,East,23.51583,87.30801,2026-07-15 00:00:00,30.1,7.6
1929,Durgapur,West Bengal,East,23.51583,87.30801,2026-07-16 00:00:00,29.3,11.8
1930,Durgapur,West Bengal,East,23.51583,87.30801,2026-07-17 00:00:00,28.9,7.2
1931,Durgapur,West Bengal,East,23.51583,87.30801,2026-07-18 00:00:00,29,8.1
1932,Durgapur,West Bengal,East,23.51583,87.30801,2026-07-19 00:00:00,28.5,8
1933,Durgapur,West Bengal,East,23.51583,87.30801,2026-07-20 00:00:00,27.3,8.2
1934,Durgapur,West Bengal,East,23.51583,87.30801,2026-07-21 00:00:00,26.8,11.3
1935,Durgapur,West Bengal,East,23.51583,87.30801,2026-07-22 00:00:00,27.2,10.9
1936,Durgapur,West Bengal,East,23.51583,87.30801,2026-07-23 00:00:00,27.1,8.6
1937,Durgapur,West Bengal,East,23.51583,87.30801,2026-07-24 00:00:00,27.7,5.5
1938,Durgapur,West Bengal,East,23.51583,87.30801,2026-07-25 00:00:00,28.4,9.6
1939,Durgapur,West Bengal,East,23.51583,87.30801,2026-07-26 00:00:00,29,11.9
1940,Durgapur,West Bengal,East,23.51583,87.30801,2026-07-27 00:00:00,28.5,14.5
1941,Durgapur,West Bengal,East,23.51583,87.30801,2026-07-28 00:00:00,27.9,19.1
1942,Durgapur,West Bengal,East,23.51583,87.30801,2026-07-29 00:00:00,28.1,13
1943,Durgapur,West Bengal,East,23.51583,87.30801,2026-07-30 00:00:00,27.3,13.9
1944,Durgapur,West Bengal,East,23.51583,87.30801,2026-07-31 00:00:00,28.6,12.2
1945,Durgapur,West Bengal,East,23.51583,87.30801,2026-08-01 00:00:00,28.9,6
1946,Durgapur,West Bengal,East,23.51583,87.30801,2026-08-02 00:00:00,29,5.3
1947,Durgapur,West Bengal,East,23.51583,87.30801,2026-08-03 00:00:00,29,4.5
1948,Durgapur,West Bengal,East,23.51583,87.30801,2026-08-04 00:00:00,29.2,4.5
1949,Durgapur,West Bengal,East,23.51583,87.30801,2026-08-05 00:00:00,28,5.9
1950,Durgapur,West Bengal,East,23.51583,87.30801,2026-08-06 00:00:00,27.9,3.2
1951,Durgapur,West Bengal,East,23.51583,87.30801,2026-08-07 00:00:00,28,6.8
1952,Durgapur,West Bengal,East,23.51583,87.30801,2026-08-08 00:00:00,27.2,11.7
1953,Siliguri,West Bengal,East,26.71004,88.42851,2026-07-10 00:00:00,27.3,9
1954,Siliguri,West Bengal,East,26.71004,88.42851,2026-07-11 00:00:00,27.9,7.3
1955,Siliguri,West Bengal,East,26.71004,88.42851,2026-07-12 00:00:00,27.5,6.1
1956,Siliguri,West Bengal,East,26.71004,88.42851,2026-07-13 00:00:00,26.9,9.4
1957,Siliguri,West Bengal,East,26.71004,88.42851,2026-07-14 00:00:00,28.8,7
1958,Siliguri,West Bengal,East,26.71004,88.42851,2026-07-15 00:00:00,28.8,4.9
1959,Siliguri,West Bengal,East,26.71004,88.42851,2026-07-16 00:00:00,28.1,7.7
1960,Siliguri,West Bengal,East,26.71004,88.42851,2026-07-17 00:00:00,28.3,11.9
1961,Siliguri,West Bengal,East,26.71004,88.42851,2026-07-18 00:00:00,26.6,12.5
1962,Siliguri,West Bengal,East,26.71004,88.42851,2026-07-19 00:00:00,26.7,9.9
1963,Siliguri,West Bengal,East,26.71004,88.42851,2026-07-20 00:00:00,26.5,12.2
1964,Siliguri,West Bengal,East,26.71004,88.42851,2026-07-21 00:00:00,27.9,11.7
1965,Siliguri,West Bengal,East,26.71004,88.42851,2026-07-22 00:00:00,27.4,13
1966,Siliguri,West Bengal,East,26.71004,88.42851,2026-07-23 00:00:00,27.8,11.6
1967,Siliguri,West Bengal,East,26.71004,88.42851,2026-07-24 00:00:00,28,10.6
1968,Siliguri,West Bengal,East,26.71004,88.42851,2026-07-25 00:00:00,30.3,4.2
1969,Siliguri,West Bengal,East,26.71004,88.42851,2026-07-26 00:00:00,30.5,3.8
1970,Siliguri,West Bengal,East,26.71004,88.42851,2026-07-27 00:00:00,29.6,8.3
1971,Siliguri,West Bengal,East,26.71004,88.42851,2026-07-28 00:00:00,29.8,12.4
1972,Siliguri,West Bengal,East,26.71004,88.42851,2026-07-29 00:00:00,27.9,13.4
1973,Siliguri,West Bengal,East,26.71004,88.42851,2026-07-30 00:00:00,26.6,13.5
1974,Siliguri,West Bengal,East,26.71004,88.42851,2026-07-31 00:00:00,27.4,6
1975,Siliguri,West Bengal,East,26.71004,88.42851,2026-08-01 00:00:00,27.1,5.4
1976,Siliguri,West Bengal,East,26.71004,88.42851,2026-08-02 00:00:00,27.6,6.1
1977,Siliguri,West Bengal,East,26.71004,88.42851,2026-08-03 00:00:00,27.6,6
1978,Siliguri,West Bengal,East,26.71004,88.42851,2026-08-04 00:00:00,27.8,7.4
1979,Siliguri,West Bengal,East,26.71004,88.42851,2026-08-05 00:00:00,26.5,9.8
1980,Siliguri,West Bengal,East,26.71004,88.42851,2026-08-06 00:00:00,29.2,7.2
1981,Siliguri,West Bengal,East,26.71004,88.42851,2026-08-07 00:00:00,28.7,9.8
1982,Siliguri,West Bengal,East,26.71004,88.42851,2026-08-08 00:00:00,28.6,10.9
1983,Asansol,West Bengal,East,23.68333,86.98333,2026-07-10 00:00:00,27.4,9.3
1984,Asansol,West Bengal,East,23.68333,86.98333,2026-07-11 00:00:00,28.4,12.3
1985,Asansol,West Bengal,East,23.68333,86.98333,2026-07-12 00:00:00,29.8,8.5
1986,Asansol,West Bengal,East,23.68333,86.98333,2026-07-13 00:00:00,28.7,6.5
1987,Asansol,West Bengal,East,23.68333,86.98333,2026-07-14 00:00:00,27.7,3.6
1988,Asansol,West Bengal,East,23.68333,86.98333,2026-07-15 00:00:00,29.9,7
1989,Asansol,West Bengal,East,23.68333,86.98333,2026-07-16 00:00:00,29.6,11.1
1990,Asansol,West Bengal,East,23.68333,86.98333,2026-07-17 00:00:00,28.8,6.7
1991,Asansol,West Bengal,East,23.68333,86.98333,2026-07-18 00:00:00,28.8,6.5
1992,Asansol,West Bengal,East,23.68333,86.98333,2026-07-19 00:00:00,28.3,7.2
1993,Asansol,West Bengal,East,23.68333,86.98333,2026-07-20 00:00:00,27.2,7.9
1994,Asansol,West Bengal,East,23.68333,86.98333,2026-07-21 00:00:00,26.9,12.1
1995,Asansol,West Bengal,East,23.68333,86.98333,2026-07-22 00:00:00,26.9,11.3
1996,Asansol,West Bengal,East,23.68333,86.98333,2026-07-23 00:00:00,27.5,7.5
1997,Asansol,West Bengal,East,23.68333,86.98333,2026-07-24 00:00:00,27.5,7
1998,Asansol,West Bengal,East,23.68333,86.98333,2026-07-25 00:00:00,28.4,10
1999,Asansol,West Bengal,East,23.68333,86.98333,2026-07-26 00:00:00,29.3,10.8
2000,Asansol,West Bengal,East,23.68333,86.98333,2026-07-27 00:00:00,28.7,13.3
2001,Asansol,West Bengal,East,23.68333,86.98333,2026-07-28 00:00:00,27.7,19.4
2002,Asansol,West Bengal,East,23.68333,86.98333,2026-07-29 00:00:00,28.1,14
2003,Asansol,West Bengal,East,23.68333,86.98333,2026-07-30 00:00:00,27.2,15.5
2004,Asansol,West Bengal,East,23.68333,86.98333,2026-07-31 00:00:00,28.6,13.5
2005,Asansol,West Bengal,East,23.68333,86.98333,2026-08-01 00:00:00,28.9,6.6
2006,Asansol,West Bengal,East,23.68333,86.98333,2026-08-02 00:00:00,28.8,5.5
2007,Asansol,West Bengal,East,23.68333,86.98333,2026-08-03 00:00:00,29.1,4.1
2008,Asansol,West Bengal,East,23.68333,86.98333,2026-08-04 00:00:00,29,5
2009,Asansol,West Bengal,East,23.68333,86.98333,2026-08-05 00:00:00,28.1,5.7
2010,Asansol,West Bengal,East,23.68333,86.98333,2026-08-06 00:00:00,27.7,3.6
2011,Asansol,West Bengal,East,23.68333,86.98333,2026-08-07 00:00:00,28,6.8
2012,Asansol,West Bengal,East,23.68333,86.98333,2026-08-08 00:00:00,27.2,12.2
2013,Bhubaneswar,Odisha,East,20.27241,85.83385,2026-07-10 00:00:00,28.8,12.4
2014,Bhubaneswar,Odisha,East,20.27241,85.83385,2026-07-11 00:00:00,29.9,11.8
2015,Bhubaneswar,Odisha,East,20.27241,85.83385,2026-07-12 00:00:00,30.5,11.6
2016,Bhubaneswar,Odisha,East,20.27241,85.83385,2026-07-13 00:00:00,30.7,9.6
2017,Bhubaneswar,Odisha,East,20.27241,85.83385,2026-07-14 00:00:00,27.5,7.2
2018,Bhubaneswar,Odisha,East,20.27241,85.83385,2026-07-15 00:00:00,27.6,11.7
2019,Bhubaneswar,Odisha,East,20.27241,85.83385,2026-07-16 00:00:00,26.3,13.7
2020,Bhubaneswar,Odisha,East,20.27241,85.83385,2026-07-17 00:00:00,27.4,13.6
2021,Bhubaneswar,Odisha,East,20.27241,85.83385,2026-07-18 00:00:00,27.3,10.5
2022,Bhubaneswar,Odisha,East,20.27241,85.83385,2026-07-19 00:00:00,28.9,8.1
2023,Bhubaneswar,Odisha,East,20.27241,85.83385,2026-07-20 00:00:00,28.3,5.8
2024,Bhubaneswar,Odisha,East,20.27241,85.83385,2026-07-21 00:00:00,26.8,6.8
2025,Bhubaneswar,Odisha,East,20.27241,85.83385,2026-07-22 00:00:00,26.8,11.1
2026,Bhubaneswar,Odisha,East,20.27241,85.83385,2026-07-23 00:00:00,27.4,13.3
2027,Bhubaneswar,Odisha,East,20.27241,85.83385,2026-07-24 00:00:00,27.9,10.1
2028,Bhubaneswar,Odisha,East,20.27241,85.83385,2026-07-25 00:00:00,26.7,11.7
2029,Bhubaneswar,Odisha,East,20.27241,85.83385,2026-07-26 00:00:00,26.6,12.4
2030,Bhubaneswar,Odisha,East,20.27241,85.83385,2026-07-27 00:00:00,27.4,15.8
2031,Bhubaneswar,Odisha,East,20.27241,85.83385,2026-07-28 00:00:00,26.3,19.5
2032,Bhubaneswar,Odisha,East,20.27241,85.83385,2026-07-29 00:00:00,28.6,18.3
2033,Bhubaneswar,Odisha,East,20.27241,85.83385,2026-07-30 00:00:00,29,20.4
2034,Bhubaneswar,Odisha,East,20.27241,85.83385,2026-07-31 00:00:00,29.2,17.9
2035,Bhubaneswar,Odisha,East,20.27241,85.83385,2026-08-01 00:00:00,29,14.8
2036,Bhubaneswar,Odisha,East,20.27241,85.83385,2026-08-02 00:00:00,28.9,8
2037,Bhubaneswar,Odisha,East,20.27241,85.83385,2026-08-03 00:00:00,29,5.7
2038,Bhubaneswar,Odisha,East,20.27241,85.83385,2026-08-04 00:00:00,29.1,5.8
2039,Bhubaneswar,Odisha,East,20.27241,85.83385,2026-08-05 00:00:00,28.7,5.7
2040,Bhubaneswar,Odisha,East,20.27241,85.83385,2026-08-06 00:00:00,27.2,6.9
2041,Bhubaneswar,Odisha,East,20.27241,85.83385,2026-08-07 00:00:00,27.2,7.1
2042,Bhubaneswar,Odisha,East,20.27241,85.83385,2026-08-08 00:00:00,27.9,7.3
2043,Cuttack,Odisha,East,20.46497,85.87927,2026-07-10 00:00:00,28.6,10.9
2044,Cuttack,Odisha,East,20.46497,85.87927,2026-07-11 00:00:00,30.4,10.9
2045,Cuttack,Odisha,East,20.46497,85.87927,2026-07-12 00:00:00,30.9,10.7
2046,Cuttack,Odisha,East,20.46497,85.87927,2026-07-13 00:00:00,30.9,10.1
2047,Cuttack,Odisha,East,20.46497,85.87927,2026-07-14 00:00:00,27.7,7
2048,Cuttack,Odisha,East,20.46497,85.87927,2026-07-15 00:00:00,27.8,12.3
2049,Cuttack,Odisha,East,20.46497,85.87927,2026-07-16 00:00:00,26.6,12.9
2050,Cuttack,Odisha,East,20.46497,85.87927,2026-07-17 00:00:00,27.6,12.9
2051,Cuttack,Odisha,East,20.46497,85.87927,2026-07-18 00:00:00,27.7,10.4
2052,Cuttack,Odisha,East,20.46497,85.87927,2026-07-19 00:00:00,28.9,6.5
2053,Cuttack,Odisha,East,20.46497,85.87927,2026-07-20 00:00:00,28.6,5.6
2054,Cuttack,Odisha,East,20.46497,85.87927,2026-07-21 00:00:00,27.2,6.9
2055,Cuttack,Odisha,East,20.46497,85.87927,2026-07-22 00:00:00,27,9.6
2056,Cuttack,Odisha,East,20.46497,85.87927,2026-07-23 00:00:00,27.3,12.2
2057,Cuttack,Odisha,East,20.46497,85.87927,2026-07-24 00:00:00,28,8.1
2058,Cuttack,Odisha,East,20.46497,85.87927,2026-07-25 00:00:00,26.9,13
2059,Cuttack,Odisha,East,20.46497,85.87927,2026-07-26 00:00:00,26.7,13.1
2060,Cuttack,Odisha,East,20.46497,85.87927,2026-07-27 00:00:00,27.6,17.2
2061,Cuttack,Odisha,East,20.46497,85.87927,2026-07-28 00:00:00,26.4,20.3
2062,Cuttack,Odisha,East,20.46497,85.87927,2026-07-29 00:00:00,28.7,16.1
2063,Cuttack,Odisha,East,20.46497,85.87927,2026-07-30 00:00:00,29.2,17.8
2064,Cuttack,Odisha,East,20.46497,85.87927,2026-07-31 00:00:00,29.5,16
2065,Cuttack,Odisha,East,20.46497,85.87927,2026-08-01 00:00:00,29.2,12
2066,Cuttack,Odisha,East,20.46497,85.87927,2026-08-02 00:00:00,29.4,7.6
2067,Cuttack,Odisha,East,20.46497,85.87927,2026-08-03 00:00:00,29.3,5.8
2068,Cuttack,Odisha,East,20.46497,85.87927,2026-08-04 00:00:00,29.6,6.4
2069,Cuttack,Odisha,East,20.46497,85.87927,2026-08-05 00:00:00,29.5,5.6
2070,Cuttack,Odisha,East,20.46497,85.87927,2026-08-06 00:00:00,27.7,7.4
2071,Cuttack,Odisha,East,20.46497,85.87927,2026-08-07 00:00:00,27.8,7
2072,Cuttack,Odisha,East,20.46497,85.87927,2026-08-08 00:00:00,27.6,5.2
2073,Rourkela,Odisha,East,22.22496,84.86414,2026-07-10 00:00:00,27.3,9.4
2074,Rourkela,Odisha,East,22.22496,84.86414,2026-07-11 00:00:00,28.5,9.1
2075,Rourkela,Odisha,East,22.22496,84.86414,2026-07-12 00:00:00,30.1,9
2076,Rourkela,Odisha,East,22.22496,84.86414,2026-07-13 00:00:00,30.7,7
2077,Rourkela,Odisha,East,22.22496,84.86414,2026-07-14 00:00:00,29.2,4.2
2078,Rourkela,Odisha,East,22.22496,84.86414,2026-07-15 00:00:00,27.9,6
2079,Rourkela,Odisha,East,22.22496,84.86414,2026-07-16 00:00:00,27.3,8.1
2080,Rourkela,Odisha,East,22.22496,84.86414,2026-07-17 00:00:00,27.3,8.2
2081,Rourkela,Odisha,East,22.22496,84.86414,2026-07-18 00:00:00,27.7,6
2082,Rourkela,Odisha,East,22.22496,84.86414,2026-07-19 00:00:00,27.8,5.4
2083,Rourkela,Odisha,East,22.22496,84.86414,2026-07-20 00:00:00,27.4,4.1
2084,Rourkela,Odisha,East,22.22496,84.86414,2026-07-21 00:00:00,25.9,4.6
2085,Rourkela,Odisha,East,22.22496,84.86414,2026-07-22 00:00:00,25.3,9.9
2086,Rourkela,Odisha,East,22.22496,84.86414,2026-07-23 00:00:00,26.1,10.4
2087,Rourkela,Odisha,East,22.22496,84.86414,2026-07-24 00:00:00,27.4,8.3
2088,Rourkela,Odisha,East,22.22496,84.86414,2026-07-25 00:00:00,27.1,4.7
2089,Rourkela,Odisha,East,22.22496,84.86414,2026-07-26 00:00:00,27.9,5.7
2090,Rourkela,Odisha,East,22.22496,84.86414,2026-07-27 00:00:00,26.6,6.1
2091,Rourkela,Odisha,East,22.22496,84.86414,2026-07-28 00:00:00,26.8,14.7
2092,Rourkela,Odisha,East,22.22496,84.86414,2026-07-29 00:00:00,27.3,11.4
2093,Rourkela,Odisha,East,22.22496,84.86414,2026-07-30 00:00:00,28.4,7.4
2094,Rourkela,Odisha,East,22.22496,84.86414,2026-07-31 00:00:00,29,7
2095,Rourkela,Odisha,East,22.22496,84.86414,2026-08-01 00:00:00,28.3,6.5
2096,Rourkela,Odisha,East,22.22496,84.86414,2026-08-02 00:00:00,28.9,6.6
2097,Rourkela,Odisha,East,22.22496,84.86414,2026-08-03 00:00:00,28.2,5.2
2098,Rourkela,Odisha,East,22.22496,84.86414,2026-08-04 00:00:00,28.5,4.7
2099,Rourkela,Odisha,East,22.22496,84.86414,2026-08-05 00:00:00,27.5,5.3
2100,Rourkela,Odisha,East,22.22496,84.86414,2026-08-06 00:00:00,26.6,4.5
2101,Rourkela,Odisha,East,22.22496,84.86414,2026-08-07 00:00:00,26.8,5.4
2102,Rourkela,Odisha,East,22.22496,84.86414,2026-08-08 00:00:00,26.4,6.1
2103,Sambalpur,Odisha,East,21.46527,83.97573,2026-07-10 00:00:00,28.1,10.1
2104,Sambalpur,Odisha,East,21.46527,83.97573,2026-07-11 00:00:00,29.3,12.2
2105,Sambalpur,Odisha,East,21.46527,83.97573,2026-07-12 00:00:00,30.3,13.2
2106,Sambalpur,Odisha,East,21.46527,83.97573,2026-07-13 00:00:00,30.9,11.3
2107,Sambalpur,Odisha,East,21.46527,83.97573,2026-07-14 00:00:00,30.7,8
2108,Sambalpur,Odisha,East,21.46527,83.97573,2026-07-15 00:00:00,28.1,7.9
2109,Sambalpur,Odisha,East,21.46527,83.97573,2026-07-16 00:00:00,26.6,9.1
2110,Sambalpur,Odisha,East,21.46527,83.97573,2026-07-17 00:00:00,27.3,10.8
2111,Sambalpur,Odisha,East,21.46527,83.97573,2026-07-18 00:00:00,27.4,9.8
2112,Sambalpur,Odisha,East,21.46527,83.97573,2026-07-19 00:00:00,28.1,7.1
2113,Sambalpur,Odisha,East,21.46527,83.97573,2026-07-20 00:00:00,27.4,8.2
2114,Sambalpur,Odisha,East,21.46527,83.97573,2026-07-21 00:00:00,26.1,8.5
2115,Sambalpur,Odisha,East,21.46527,83.97573,2026-07-22 00:00:00,25.3,14.4
2116,Sambalpur,Odisha,East,21.46527,83.97573,2026-07-23 00:00:00,27.1,14
2117,Sambalpur,Odisha,East,21.46527,83.97573,2026-07-24 00:00:00,27.9,8.3
2118,Sambalpur,Odisha,East,21.46527,83.97573,2026-07-25 00:00:00,27.1,7.1
2119,Sambalpur,Odisha,East,21.46527,83.97573,2026-07-26 00:00:00,27.6,10.5
2120,Sambalpur,Odisha,East,21.46527,83.97573,2026-07-27 00:00:00,27.4,9.7
2121,Sambalpur,Odisha,East,21.46527,83.97573,2026-07-28 00:00:00,26,16.9
2122,Sambalpur,Odisha,East,21.46527,83.97573,2026-07-29 00:00:00,26.1,15
2123,Sambalpur,Odisha,East,21.46527,83.97573,2026-07-30 00:00:00,27.5,12.4
2124,Sambalpur,Odisha,East,21.46527,83.97573,2026-07-31 00:00:00,28.5,9.3
2125,Sambalpur,Odisha,East,21.46527,83.97573,2026-08-01 00:00:00,28.5,7.7
2126,Sambalpur,Odisha,East,21.46527,83.97573,2026-08-02 00:00:00,29.1,7.1
2127,Sambalpur,Odisha,East,21.46527,83.97573,2026-08-03 00:00:00,29.5,5.1
2128,Sambalpur,Odisha,East,21.46527,83.97573,2026-08-04 00:00:00,28.8,5
2129,Sambalpur,Odisha,East,21.46527,83.97573,2026-08-05 00:00:00,27.5,7.3
2130,Sambalpur,Odisha,East,21.46527,83.97573,2026-08-06 00:00:00,26.9,6.2
2131,Sambalpur,Odisha,East,21.46527,83.97573,2026-08-07 00:00:00,26.9,8
2132,Sambalpur,Odisha,East,21.46527,83.97573,2026-08-08 00:00:00,26.2,6.6
2133,Puri,Odisha,East,19.79825,85.82494,2026-07-10 00:00:00,29.1,18.5
2134,Puri,Odisha,East,19.79825,85.82494,2026-07-11 00:00:00,29.8,16
2135,Puri,Odisha,East,19.79825,85.82494,2026-07-12 00:00:00,30,14.6
2136,Puri,Odisha,East,19.79825,85.82494,2026-07-13 00:00:00,30.3,7.9
2137,Puri,Odisha,East,19.79825,85.82494,2026-07-14 00:00:00,27.8,6.5
2138,Puri,Odisha,East,19.79825,85.82494,2026-07-15 00:00:00,27,11.2
2139,Puri,Odisha,East,19.79825,85.82494,2026-07-16 00:00:00,26.3,18.1
2140,Puri,Odisha,East,19.79825,85.82494,2026-07-17 00:00:00,27.7,17.5
2141,Puri,Odisha,East,19.79825,85.82494,2026-07-18 00:00:00,27.8,14
2142,Puri,Odisha,East,19.79825,85.82494,2026-07-19 00:00:00,29.2,13.6
2143,Puri,Odisha,East,19.79825,85.82494,2026-07-20 00:00:00,28.6,8.2
2144,Puri,Odisha,East,19.79825,85.82494,2026-07-21 00:00:00,27.2,6
2145,Puri,Odisha,East,19.79825,85.82494,2026-07-22 00:00:00,27.4,16.4
2146,Puri,Odisha,East,19.79825,85.82494,2026-07-23 00:00:00,28.4,21.9
2147,Puri,Odisha,East,19.79825,85.82494,2026-07-24 00:00:00,28.6,16.2
2148,Puri,Odisha,East,19.79825,85.82494,2026-07-25 00:00:00,26.9,11.5
2149,Puri,Odisha,East,19.79825,85.82494,2026-07-26 00:00:00,26.6,13.7
2150,Puri,Odisha,East,19.79825,85.82494,2026-07-27 00:00:00,27.7,14.1
2151,Puri,Odisha,East,19.79825,85.82494,2026-07-28 00:00:00,27,22.3
2152,Puri,Odisha,East,19.79825,85.82494,2026-07-29 00:00:00,28.9,27.5
2153,Puri,Odisha,East,19.79825,85.82494,2026-07-30 00:00:00,28.9,28.6
2154,Puri,Odisha,East,19.79825,85.82494,2026-07-31 00:00:00,28.9,24
2155,Puri,Odisha,East,19.79825,85.82494,2026-08-01 00:00:00,29,20.9
2156,Puri,Odisha,East,19.79825,85.82494,2026-08-02 00:00:00,28.9,12.4
2157,Puri,Odisha,East,19.79825,85.82494,2026-08-03 00:00:00,28.9,8.4
2158,Puri,Odisha,East,19.79825,85.82494,2026-08-04 00:00:00,29.3,8.1
2159,Puri,Odisha,East,19.79825,85.82494,2026-08-05 00:00:00,29.3,8.5
2160,Puri,Odisha,East,19.79825,85.82494,2026-08-06 00:00:00,27.1,7.5
2161,Puri,Odisha,East,19.79825,85.82494,2026-08-07 00:00:00,27.4,7
2162,Puri,Odisha,East,19.79825,85.82494,2026-08-08 00:00:00,28.3,10.1
2163,Patna,Bihar,East,25.59408,85.13563,2026-07-10 00:00:00,29.1,7.4
2164,Patna,Bihar,East,25.59408,85.13563,2026-07-11 00:00:00,28.2,11.3
2165,Patna,Bihar,East,25.59408,85.13563,2026-07-12 00:00:00,30.7,12.4
2166,Patna,Bihar,East,25.59408,85.13563,2026-07-13 00:00:00,30.3,6.9
2167,Patna,Bihar,East,25.59408,85.13563,2026-07-14 00:00:00,30.1,4
2168,Patna,Bihar,East,25.59408,85.13563,2026-07-15 00:00:00,30.4,5.2
2169,Patna,Bihar,East,25.59408,85.13563,2026-07-16 00:00:00,30.5,8.7
2170,Patna,Bihar,East,25.59408,85.13563,2026-07-17 00:00:00,30.5,7.7
2171,Patna,Bihar,East,25.59408,85.13563,2026-07-18 00:00:00,28.7,6.4
2172,Patna,Bihar,East,25.59408,85.13563,2026-07-19 00:00:00,28.3,8.1
2173,Patna,Bihar,East,25.59408,85.13563,2026-07-20 00:00:00,27.8,8.4
2174,Patna,Bihar,East,25.59408,85.13563,2026-07-21 00:00:00,28.3,13.9
2175,Patna,Bihar,East,25.59408,85.13563,2026-07-22 00:00:00,28.6,15.7
2176,Patna,Bihar,East,25.59408,85.13563,2026-07-23 00:00:00,28.2,10.5
2177,Patna,Bihar,East,25.59408,85.13563,2026-07-24 00:00:00,28.7,4.2
2178,Patna,Bihar,East,25.59408,85.13563,2026-07-25 00:00:00,30.4,7.8
2179,Patna,Bihar,East,25.59408,85.13563,2026-07-26 00:00:00,31.3,5.8
2180,Patna,Bihar,East,25.59408,85.13563,2026-07-27 00:00:00,30.6,5.8
2181,Patna,Bihar,East,25.59408,85.13563,2026-07-28 00:00:00,30.4,13.1
2182,Patna,Bihar,East,25.59408,85.13563,2026-07-29 00:00:00,30.3,16.1
2183,Patna,Bihar,East,25.59408,85.13563,2026-07-30 00:00:00,28.8,17.5
2184,Patna,Bihar,East,25.59408,85.13563,2026-07-31 00:00:00,29.5,15.4
2185,Patna,Bihar,East,25.59408,85.13563,2026-08-01 00:00:00,30.1,6.3
2186,Patna,Bihar,East,25.59408,85.13563,2026-08-02 00:00:00,29.9,4.7
2187,Patna,Bihar,East,25.59408,85.13563,2026-08-03 00:00:00,29.7,3.2
2188,Patna,Bihar,East,25.59408,85.13563,2026-08-04 00:00:00,29.3,5.4
2189,Patna,Bihar,East,25.59408,85.13563,2026-08-05 00:00:00,28.4,4.1
2190,Patna,Bihar,East,25.59408,85.13563,2026-08-06 00:00:00,28.3,6.6
2191,Patna,Bihar,East,25.59408,85.13563,2026-08-07 00:00:00,29.6,6
2192,Patna,Bihar,East,25.59408,85.13563,2026-08-08 00:00:00,29.7,13.1
2193,Gaya,Bihar,East,24.79686,85.00385,2026-07-10 00:00:00,28.7,11.8
2194,Gaya,Bihar,East,24.79686,85.00385,2026-07-11 00:00:00,28.9,12.4
2195,Gaya,Bihar,East,24.79686,85.00385,2026-07-12 00:00:00,31,12.3
2196,Gaya,Bihar,East,24.79686,85.00385,2026-07-13 00:00:00,30.7,8.9
2197,Gaya,Bihar,East,24.79686,85.00385,2026-07-14 00:00:00,30,4.7
2198,Gaya,Bihar,East,24.79686,85.00385,2026-07-15 00:00:00,29.7,6
2199,Gaya,Bihar,East,24.79686,85.00385,2026-07-16 00:00:00,30.3,6.4
2200,Gaya,Bihar,East,24.79686,85.00385,2026-07-17 00:00:00,29.8,5.5
2201,Gaya,Bihar,East,24.79686,85.00385,2026-07-18 00:00:00,28.2,5.8
2202,Gaya,Bihar,East,24.79686,85.00385,2026-07-19 00:00:00,28.2,4.1
2203,Gaya,Bihar,East,24.79686,85.00385,2026-07-20 00:00:00,26.9,5
2204,Gaya,Bihar,East,24.79686,85.00385,2026-07-21 00:00:00,28,13
2205,Gaya,Bihar,East,24.79686,85.00385,2026-07-22 00:00:00,28.3,14.5
2206,Gaya,Bihar,East,24.79686,85.00385,2026-07-23 00:00:00,28.5,5.7
2207,Gaya,Bihar,East,24.79686,85.00385,2026-07-24 00:00:00,28.5,5.6
2208,Gaya,Bihar,East,24.79686,85.00385,2026-07-25 00:00:00,29.8,7.7
2209,Gaya,Bihar,East,24.79686,85.00385,2026-07-26 00:00:00,30.5,6.4
2210,Gaya,Bihar,East,24.79686,85.00385,2026-07-27 00:00:00,29.7,6.6
2211,Gaya,Bihar,East,24.79686,85.00385,2026-07-28 00:00:00,28.9,12.7
2212,Gaya,Bihar,East,24.79686,85.00385,2026-07-29 00:00:00,29.6,16.9
2213,Gaya,Bihar,East,24.79686,85.00385,2026-07-30 00:00:00,29.4,16.9
2214,Gaya,Bihar,East,24.79686,85.00385,2026-07-31 00:00:00,29.9,14.2
2215,Gaya,Bihar,East,24.79686,85.00385,2026-08-01 00:00:00,29.9,5.3
2216,Gaya,Bihar,East,24.79686,85.00385,2026-08-02 00:00:00,29.7,5.2
2217,Gaya,Bihar,East,24.79686,85.00385,2026-08-03 00:00:00,29.9,3.8
2218,Gaya,Bihar,East,24.79686,85.00385,2026-08-04 00:00:00,28.8,6
2219,Gaya,Bihar,East,24.79686,85.00385,2026-08-05 00:00:00,27.7,6.3
2220,Gaya,Bihar,East,24.79686,85.00385,2026-08-06 00:00:00,27.8,4.3
2221,Gaya,Bihar,East,24.79686,85.00385,2026-08-07 00:00:00,28.5,5.2
2222,Gaya,Bihar,East,24.79686,85.00385,2026-08-08 00:00:00,28.7,11.8
2223,Muzaffarpur,Bihar,East,26.12259,85.39055,2026-07-10 00:00:00,28.6,7.3
2224,Muzaffarpur,Bihar,East,26.12259,85.39055,2026-07-11 00:00:00,28.8,9.3
2225,Muzaffarpur,Bihar,East,26.12259,85.39055,2026-07-12 00:00:00,30,11.4
2226,Muzaffarpur,Bihar,East,26.12259,85.39055,2026-07-13 00:00:00,29.2,7.3
2227,Muzaffarpur,Bihar,East,26.12259,85.39055,2026-07-14 00:00:00,29.8,3.9
2228,Muzaffarpur,Bihar,East,26.12259,85.39055,2026-07-15 00:00:00,30.1,5.4
2229,Muzaffarpur,Bihar,East,26.12259,85.39055,2026-07-16 00:00:00,30,9
2230,Muzaffarpur,Bihar,East,26.12259,85.39055,2026-07-17 00:00:00,30.5,8.6
2231,Muzaffarpur,Bihar,East,26.12259,85.39055,2026-07-18 00:00:00,28.7,9.4
2232,Muzaffarpur,Bihar,East,26.12259,85.39055,2026-07-19 00:00:00,28,11
2233,Muzaffarpur,Bihar,East,26.12259,85.39055,2026-07-20 00:00:00,27.8,12
2234,Muzaffarpur,Bihar,East,26.12259,85.39055,2026-07-21 00:00:00,28.5,15.7
2235,Muzaffarpur,Bihar,East,26.12259,85.39055,2026-07-22 00:00:00,28.8,17.7
2236,Muzaffarpur,Bihar,East,26.12259,85.39055,2026-07-23 00:00:00,28.5,13.6
2237,Muzaffarpur,Bihar,East,26.12259,85.39055,2026-07-24 00:00:00,28.7,7.7
2238,Muzaffarpur,Bihar,East,26.12259,85.39055,2026-07-25 00:00:00,30.4,8.1
2239,Muzaffarpur,Bihar,East,26.12259,85.39055,2026-07-26 00:00:00,31.3,5.8
2240,Muzaffarpur,Bihar,East,26.12259,85.39055,2026-07-27 00:00:00,30.7,5.6
2241,Muzaffarpur,Bihar,East,26.12259,85.39055,2026-07-28 00:00:00,30.5,13.3
2242,Muzaffarpur,Bihar,East,26.12259,85.39055,2026-07-29 00:00:00,30.6,17.1
2243,Muzaffarpur,Bihar,East,26.12259,85.39055,2026-07-30 00:00:00,29.2,19.8
2244,Muzaffarpur,Bihar,East,26.12259,85.39055,2026-07-31 00:00:00,29.2,17
2245,Muzaffarpur,Bihar,East,26.12259,85.39055,2026-08-01 00:00:00,29.5,8.7
2246,Muzaffarpur,Bihar,East,26.12259,85.39055,2026-08-02 00:00:00,29.2,6.2
2247,Muzaffarpur,Bihar,East,26.12259,85.39055,2026-08-03 00:00:00,29.4,4.6
2248,Muzaffarpur,Bihar,East,26.12259,85.39055,2026-08-04 00:00:00,28.7,5
2249,Muzaffarpur,Bihar,East,26.12259,85.39055,2026-08-05 00:00:00,27.9,6.8
2250,Muzaffarpur,Bihar,East,26.12259,85.39055,2026-08-06 00:00:00,28.6,9.2
2251,Muzaffarpur,Bihar,East,26.12259,85.39055,2026-08-07 00:00:00,29.7,9.1
2252,Muzaffarpur,Bihar,East,26.12259,85.39055,2026-08-08 00:00:00,30.2,14.6
2253,Bhagalpur,Bihar,East,25.24446,86.97183,2026-07-10 00:00:00,29.1,5.6
2254,Bhagalpur,Bihar,East,25.24446,86.97183,2026-07-11 00:00:00,28.7,10.5
2255,Bhagalpur,Bihar,East,25.24446,86.97183,2026-07-12 00:00:00,30.5,8.8
2256,Bhagalpur,Bihar,East,25.24446,86.97183,2026-07-13 00:00:00,29.1,4.3
2257,Bhagalpur,Bihar,East,25.24446,86.97183,2026-07-14 00:00:00,30.1,5.6
2258,Bhagalpur,Bihar,East,25.24446,86.97183,2026-07-15 00:00:00,30.8,5.2
2259,Bhagalpur,Bihar,East,25.24446,86.97183,2026-07-16 00:00:00,30.7,9.6
2260,Bhagalpur,Bihar,East,25.24446,86.97183,2026-07-17 00:00:00,30.2,10.3
2261,Bhagalpur,Bihar,East,25.24446,86.97183,2026-07-18 00:00:00,28.7,8.5
2262,Bhagalpur,Bihar,East,25.24446,86.97183,2026-07-19 00:00:00,28.5,8.8
2263,Bhagalpur,Bihar,East,25.24446,86.97183,2026-07-20 00:00:00,27.2,10.6
2264,Bhagalpur,Bihar,East,25.24446,86.97183,2026-07-21 00:00:00,27.7,13.3
2265,Bhagalpur,Bihar,East,25.24446,86.97183,2026-07-22 00:00:00,28.4,14.3
2266,Bhagalpur,Bihar,East,25.24446,86.97183,2026-07-23 00:00:00,28.4,9.8
2267,Bhagalpur,Bihar,East,25.24446,86.97183,2026-07-24 00:00:00,29.1,7.5
2268,Bhagalpur,Bihar,East,25.24446,86.97183,2026-07-25 00:00:00,30.2,10.3
2269,Bhagalpur,Bihar,East,25.24446,86.97183,2026-07-26 00:00:00,31,6.8
2270,Bhagalpur,Bihar,East,25.24446,86.97183,2026-07-27 00:00:00,30.5,9.6
2271,Bhagalpur,Bihar,East,25.24446,86.97183,2026-07-28 00:00:00,30.1,17
2272,Bhagalpur,Bihar,East,25.24446,86.97183,2026-07-29 00:00:00,30,16.1
2273,Bhagalpur,Bihar,East,25.24446,86.97183,2026-07-30 00:00:00,28.8,16.7
2274,Bhagalpur,Bihar,East,25.24446,86.97183,2026-07-31 00:00:00,29.4,12.6
2275,Bhagalpur,Bihar,East,25.24446,86.97183,2026-08-01 00:00:00,30.1,6.7
2276,Bhagalpur,Bihar,East,25.24446,86.97183,2026-08-02 00:00:00,29.4,5.4
2277,Bhagalpur,Bihar,East,25.24446,86.97183,2026-08-03 00:00:00,29.4,4.3
2278,Bhagalpur,Bihar,East,25.24446,86.97183,2026-08-04 00:00:00,29,3.5
2279,Bhagalpur,Bihar,East,25.24446,86.97183,2026-08-05 00:00:00,28.1,5.4
2280,Bhagalpur,Bihar,East,25.24446,86.97183,2026-08-06 00:00:00,28.7,6.3
2281,Bhagalpur,Bihar,East,25.24446,86.97183,2026-08-07 00:00:00,29.6,10
2282,Bhagalpur,Bihar,East,25.24446,86.97183,2026-08-08 00:00:00,29.1,13.1
2283,Darbhanga,Bihar,East,26.15216,85.89707,2026-07-10 00:00:00,28.8,6.1
2284,Darbhanga,Bihar,East,26.15216,85.89707,2026-07-11 00:00:00,28.7,8.9
2285,Darbhanga,Bihar,East,26.15216,85.89707,2026-07-12 00:00:00,29.8,11.4
2286,Darbhanga,Bihar,East,26.15216,85.89707,2026-07-13 00:00:00,28.7,7
2287,Darbhanga,Bihar,East,26.15216,85.89707,2026-07-14 00:00:00,29.5,4
2288,Darbhanga,Bihar,East,26.15216,85.89707,2026-07-15 00:00:00,30.5,5.4
2289,Darbhanga,Bihar,East,26.15216,85.89707,2026-07-16 00:00:00,30.3,9.3
2290,Darbhanga,Bihar,East,26.15216,85.89707,2026-07-17 00:00:00,30.5,9.8
2291,Darbhanga,Bihar,East,26.15216,85.89707,2026-07-18 00:00:00,28.7,11.5
2292,Darbhanga,Bihar,East,26.15216,85.89707,2026-07-19 00:00:00,28.1,11.7
2293,Darbhanga,Bihar,East,26.15216,85.89707,2026-07-20 00:00:00,27.7,13.3
2294,Darbhanga,Bihar,East,26.15216,85.89707,2026-07-21 00:00:00,28.4,15
2295,Darbhanga,Bihar,East,26.15216,85.89707,2026-07-22 00:00:00,28.6,17.9
2296,Darbhanga,Bihar,East,26.15216,85.89707,2026-07-23 00:00:00,28.4,13.7
2297,Darbhanga,Bihar,East,26.15216,85.89707,2026-07-24 00:00:00,28.8,8.8
2298,Darbhanga,Bihar,East,26.15216,85.89707,2026-07-25 00:00:00,30.5,8.6
2299,Darbhanga,Bihar,East,26.15216,85.89707,2026-07-26 00:00:00,31.4,5.6
2300,Darbhanga,Bihar,East,26.15216,85.89707,2026-07-27 00:00:00,30.3,5.2
2301,Darbhanga,Bihar,East,26.15216,85.89707,2026-07-28 00:00:00,31,14.3
2302,Darbhanga,Bihar,East,26.15216,85.89707,2026-07-29 00:00:00,30.5,17.5
2303,Darbhanga,Bihar,East,26.15216,85.89707,2026-07-30 00:00:00,29,20.8
2304,Darbhanga,Bihar,East,26.15216,85.89707,2026-07-31 00:00:00,29,16.2
2305,Darbhanga,Bihar,East,26.15216,85.89707,2026-08-01 00:00:00,29.2,8.6
2306,Darbhanga,Bihar,East,26.15216,85.89707,2026-08-02 00:00:00,28.9,7
2307,Darbhanga,Bihar,East,26.15216,85.89707,2026-08-03 00:00:00,29.2,4.8
2308,Darbhanga,Bihar,East,26.15216,85.89707,2026-08-04 00:00:00,28.3,5
2309,Darbhanga,Bihar,East,26.15216,85.89707,2026-08-05 00:00:00,27.6,7.7
2310,Darbhanga,Bihar,East,26.15216,85.89707,2026-08-06 00:00:00,28.8,8.9
2311,Darbhanga,Bihar,East,26.15216,85.89707,2026-08-07 00:00:00,29.9,9.4
2312,Darbhanga,Bihar,East,26.15216,85.89707,2026-08-08 00:00:00,30.1,14.3
2314,Guwahati,Assam,Northeast,26.1844,91.7458,2026-07-11 00:00:00,28.1,4.9
2315,Guwahati,Assam,Northeast,26.1844,91.7458,2026-07-12 00:00:00,27.8,3.5
2316,Guwahati,Assam,Northeast,26.1844,91.7458,2026-07-13 00:00:00,28.4,6.8
2317,Guwahati,Assam,Northeast,26.1844,91.7458,2026-07-14 00:00:00,29.1,5.5
2318,Guwahati,Assam,Northeast,26.1844,91.7458,2026-07-15 00:00:00,28.2,6.1
2319,Guwahati,Assam,Northeast,26.1844,91.7458,2026-07-16 00:00:00,29,3.7
2320,Guwahati,Assam,Northeast,26.1844,91.7458,2026-07-17 00:00:00,27.7,4.5
2321,Guwahati,Assam,Northeast,26.1844,91.7458,2026-07-18 00:00:00,27.3,5.1
2322,Guwahati,Assam,Northeast,26.1844,91.7458,2026-07-19 00:00:00,27.4,6.4
2323,Guwahati,Assam,Northeast,26.1844,91.7458,2026-07-20 00:00:00,26.7,4.6
2324,Guwahati,Assam,Northeast,26.1844,91.7458,2026-07-21 00:00:00,28.7,4.1
2325,Guwahati,Assam,Northeast,26.1844,91.7458,2026-07-22 00:00:00,27.8,5.9
2326,Guwahati,Assam,Northeast,26.1844,91.7458,2026-07-23 00:00:00,27.9,4.4
2327,Guwahati,Assam,Northeast,26.1844,91.7458,2026-07-24 00:00:00,28.4,3.9
2328,Guwahati,Assam,Northeast,26.1844,91.7458,2026-07-25 00:00:00,29.9,4.3
2329,Guwahati,Assam,Northeast,26.1844,91.7458,2026-07-26 00:00:00,29.9,3.4
2330,Guwahati,Assam,Northeast,26.1844,91.7458,2026-07-27 00:00:00,29.8,4.4
2331,Guwahati,Assam,Northeast,26.1844,91.7458,2026-07-28 00:00:00,29.2,4.1
2332,Guwahati,Assam,Northeast,26.1844,91.7458,2026-07-29 00:00:00,28.5,7.4
2333,Guwahati,Assam,Northeast,26.1844,91.7458,2026-07-30 00:00:00,27.4,4
2334,Guwahati,Assam,Northeast,26.1844,91.7458,2026-07-31 00:00:00,27.8,4.9
2335,Guwahati,Assam,Northeast,26.1844,91.7458,2026-08-01 00:00:00,28.1,7.1
2336,Guwahati,Assam,Northeast,26.1844,91.7458,2026-08-02 00:00:00,28.4,4.7
2337,Guwahati,Assam,Northeast,26.1844,91.7458,2026-08-03 00:00:00,28,4.6
2338,Guwahati,Assam,Northeast,26.1844,91.7458,2026-08-04 00:00:00,28,3
2339,Guwahati,Assam,Northeast,26.1844,91.7458,2026-08-05 00:00:00,26.9,5.5
2340,Guwahati,Assam,Northeast,26.1844,91.7458,2026-08-06 00:00:00,29.6,5.1
2341,Guwahati,Assam,Northeast,26.1844,91.7458,2026-08-07 00:00:00,29.9,4.6
2342,Guwahati,Assam,Northeast,26.1844,91.7458,2026-08-08 00:00:00,28.5,5.4
2343,Silchar,Assam,Northeast,24.82733,92.79787,2026-07-10 00:00:00,27.8,4.5
2344,Silchar,Assam,Northeast,24.82733,92.79787,2026-07-11 00:00:00,27.9,5.8
2345,Silchar,Assam,Northeast,24.82733,92.79787,2026-07-12 00:00:00,28.2,4.7
2346,Silchar,Assam,Northeast,24.82733,92.79787,2026-07-13 00:00:00,29.8,3.8
2347,Silchar,Assam,Northeast,24.82733,92.79787,2026-07-14 00:00:00,29.5,3.6
2348,Silchar,Assam,Northeast,24.82733,92.79787,2026-07-15 00:00:00,29.9,6.6
2349,Silchar,Assam,Northeast,24.82733,92.79787,2026-07-16 00:00:00,29,6.6
2350,Silchar,Assam,Northeast,24.82733,92.79787,2026-07-17 00:00:00,27.5,3.8
2351,Silchar,Assam,Northeast,24.82733,92.79787,2026-07-18 00:00:00,28.4,5
2352,Silchar,Assam,Northeast,24.82733,92.79787,2026-07-19 00:00:00,26.7,4.4
2353,Silchar,Assam,Northeast,24.82733,92.79787,2026-07-20 00:00:00,25.4,4.9
2354,Silchar,Assam,Northeast,24.82733,92.79787,2026-07-21 00:00:00,28.2,5.1
2355,Silchar,Assam,Northeast,24.82733,92.79787,2026-07-22 00:00:00,28.2,5.2
2356,Silchar,Assam,Northeast,24.82733,92.79787,2026-07-23 00:00:00,27.7,6
2357,Silchar,Assam,Northeast,24.82733,92.79787,2026-07-24 00:00:00,28.8,4.3
2358,Silchar,Assam,Northeast,24.82733,92.79787,2026-07-25 00:00:00,30.1,4.1
2359,Silchar,Assam,Northeast,24.82733,92.79787,2026-07-26 00:00:00,29.3,4.6
2360,Silchar,Assam,Northeast,24.82733,92.79787,2026-07-27 00:00:00,30,4
2361,Silchar,Assam,Northeast,24.82733,92.79787,2026-07-28 00:00:00,28.8,5.3
2362,Silchar,Assam,Northeast,24.82733,92.79787,2026-07-29 00:00:00,28.5,5.6
2363,Silchar,Assam,Northeast,24.82733,92.79787,2026-07-30 00:00:00,27.9,5.9
2364,Silchar,Assam,Northeast,24.82733,92.79787,2026-07-31 00:00:00,28.8,4.3
2365,Silchar,Assam,Northeast,24.82733,92.79787,2026-08-01 00:00:00,28,4.9
2366,Silchar,Assam,Northeast,24.82733,92.79787,2026-08-02 00:00:00,28.1,4.9
2367,Silchar,Assam,Northeast,24.82733,92.79787,2026-08-03 00:00:00,28.3,4.5
2368,Silchar,Assam,Northeast,24.82733,92.79787,2026-08-04 00:00:00,27.7,3.8
2369,Silchar,Assam,Northeast,24.82733,92.79787,2026-08-05 00:00:00,26.9,3.6
2370,Silchar,Assam,Northeast,24.82733,92.79787,2026-08-06 00:00:00,28.4,3.1
2371,Silchar,Assam,Northeast,24.82733,92.79787,2026-08-07 00:00:00,29.3,3.4
2372,Silchar,Assam,Northeast,24.82733,92.79787,2026-08-08 00:00:00,29,6.5
2373,Dibrugarh,Assam,Northeast,27.47989,94.90837,2026-07-10 00:00:00,28.1,5.8
2374,Dibrugarh,Assam,Northeast,27.47989,94.90837,2026-07-11 00:00:00,28.8,6.1
2375,Dibrugarh,Assam,Northeast,27.47989,94.90837,2026-07-12 00:00:00,27.7,5.5
2376,Dibrugarh,Assam,Northeast,27.47989,94.90837,2026-07-13 00:00:00,28.4,4.2
2377,Dibrugarh,Assam,Northeast,27.47989,94.90837,2026-07-14 00:00:00,30.1,4
2378,Dibrugarh,Assam,Northeast,27.47989,94.90837,2026-07-15 00:00:00,29,5
2379,Dibrugarh,Assam,Northeast,27.47989,94.90837,2026-07-16 00:00:00,28,7.4
2380,Dibrugarh,Assam,Northeast,27.47989,94.90837,2026-07-17 00:00:00,27.5,8.5
2381,Dibrugarh,Assam,Northeast,27.47989,94.90837,2026-07-18 00:00:00,26.7,7.5
2382,Dibrugarh,Assam,Northeast,27.47989,94.90837,2026-07-19 00:00:00,26,7.4
2383,Dibrugarh,Assam,Northeast,27.47989,94.90837,2026-07-20 00:00:00,28.2,5.8
2384,Dibrugarh,Assam,Northeast,27.47989,94.90837,2026-07-21 00:00:00,29.6,4.1
2385,Dibrugarh,Assam,Northeast,27.47989,94.90837,2026-07-22 00:00:00,28,6.4
2386,Dibrugarh,Assam,Northeast,27.47989,94.90837,2026-07-23 00:00:00,27.9,7.1
2387,Dibrugarh,Assam,Northeast,27.47989,94.90837,2026-07-24 00:00:00,29.1,5.2
2388,Dibrugarh,Assam,Northeast,27.47989,94.90837,2026-07-25 00:00:00,30.9,3.3
2389,Dibrugarh,Assam,Northeast,27.47989,94.90837,2026-07-26 00:00:00,30.1,3.9
2390,Dibrugarh,Assam,Northeast,27.47989,94.90837,2026-07-27 00:00:00,29.9,4.3
2391,Dibrugarh,Assam,Northeast,27.47989,94.90837,2026-07-28 00:00:00,29,4.2
2392,Dibrugarh,Assam,Northeast,27.47989,94.90837,2026-07-29 00:00:00,29.3,5.3
2393,Dibrugarh,Assam,Northeast,27.47989,94.90837,2026-07-30 00:00:00,26.5,4.8
2394,Dibrugarh,Assam,Northeast,27.47989,94.90837,2026-07-31 00:00:00,27.2,4.8
2395,Dibrugarh,Assam,Northeast,27.47989,94.90837,2026-08-01 00:00:00,26.8,5.9
2396,Dibrugarh,Assam,Northeast,27.47989,94.90837,2026-08-02 00:00:00,27.4,4.5
2397,Dibrugarh,Assam,Northeast,27.47989,94.90837,2026-08-03 00:00:00,26.8,4.6
2398,Dibrugarh,Assam,Northeast,27.47989,94.90837,2026-08-04 00:00:00,27,3.9
2399,Dibrugarh,Assam,Northeast,27.47989,94.90837,2026-08-05 00:00:00,28.6,3.1
2400,Dibrugarh,Assam,Northeast,27.47989,94.90837,2026-08-06 00:00:00,30.6,3
2401,Dibrugarh,Assam,Northeast,27.47989,94.90837,2026-08-07 00:00:00,29.6,4.7
2402,Dibrugarh,Assam,Northeast,27.47989,94.90837,2026-08-08 00:00:00,28.4,4.3
2403,Jorhat,Assam,Northeast,26.75751,94.20306,2026-07-10 00:00:00,29,5.9
2404,Jorhat,Assam,Northeast,26.75751,94.20306,2026-07-11 00:00:00,29.1,5.7
2405,Jorhat,Assam,Northeast,26.75751,94.20306,2026-07-12 00:00:00,28.7,6.6
2406,Jorhat,Assam,Northeast,26.75751,94.20306,2026-07-13 00:00:00,28.4,5.4
2407,Jorhat,Assam,Northeast,26.75751,94.20306,2026-07-14 00:00:00,30.3,3.8
2408,Jorhat,Assam,Northeast,26.75751,94.20306,2026-07-15 00:00:00,29.6,5.9
2409,Jorhat,Assam,Northeast,26.75751,94.20306,2026-07-16 00:00:00,28.5,4.7
2410,Jorhat,Assam,Northeast,26.75751,94.20306,2026-07-17 00:00:00,28.7,11.7
2411,Jorhat,Assam,Northeast,26.75751,94.20306,2026-07-18 00:00:00,28,6.7
2412,Jorhat,Assam,Northeast,26.75751,94.20306,2026-07-19 00:00:00,26,9.6
2413,Jorhat,Assam,Northeast,26.75751,94.20306,2026-07-20 00:00:00,27.5,6.3
2414,Jorhat,Assam,Northeast,26.75751,94.20306,2026-07-21 00:00:00,29.3,4.6
2415,Jorhat,Assam,Northeast,26.75751,94.20306,2026-07-22 00:00:00,27.8,6.1
2416,Jorhat,Assam,Northeast,26.75751,94.20306,2026-07-23 00:00:00,27.6,5.6
2417,Jorhat,Assam,Northeast,26.75751,94.20306,2026-07-24 00:00:00,29.2,5
2418,Jorhat,Assam,Northeast,26.75751,94.20306,2026-07-25 00:00:00,30.8,4.5
2419,Jorhat,Assam,Northeast,26.75751,94.20306,2026-07-26 00:00:00,29.7,4.2
2420,Jorhat,Assam,Northeast,26.75751,94.20306,2026-07-27 00:00:00,29.8,4
2421,Jorhat,Assam,Northeast,26.75751,94.20306,2026-07-28 00:00:00,28.8,6.3
2422,Jorhat,Assam,Northeast,26.75751,94.20306,2026-07-29 00:00:00,28.9,5.7
2423,Jorhat,Assam,Northeast,26.75751,94.20306,2026-07-30 00:00:00,28.3,4.3
2424,Jorhat,Assam,Northeast,26.75751,94.20306,2026-07-31 00:00:00,27.7,3.9
2425,Jorhat,Assam,Northeast,26.75751,94.20306,2026-08-01 00:00:00,27.8,5.3
2426,Jorhat,Assam,Northeast,26.75751,94.20306,2026-08-02 00:00:00,28.4,7.2
2427,Jorhat,Assam,Northeast,26.75751,94.20306,2026-08-03 00:00:00,28.2,6
2428,Jorhat,Assam,Northeast,26.75751,94.20306,2026-08-04 00:00:00,27.3,4.7
2429,Jorhat,Assam,Northeast,26.75751,94.20306,2026-08-05 00:00:00,27.6,4.6
2430,Jorhat,Assam,Northeast,26.75751,94.20306,2026-08-06 00:00:00,29.7,4.5
2431,Jorhat,Assam,Northeast,26.75751,94.20306,2026-08-07 00:00:00,29.3,4.5
2432,Jorhat,Assam,Northeast,26.75751,94.20306,2026-08-08 00:00:00,27.9,5.5
2433,Tinsukia,Assam,Northeast,27.48905,95.35992,2026-07-10 00:00:00,28,4.7
2434,Tinsukia,Assam,Northeast,27.48905,95.35992,2026-07-11 00:00:00,29.1,5.8
2435,Tinsukia,Assam,Northeast,27.48905,95.35992,2026-07-12 00:00:00,28.2,4.1
2436,Tinsukia,Assam,Northeast,27.48905,95.35992,2026-07-13 00:00:00,29.2,3.5
2437,Tinsukia,Assam,Northeast,27.48905,95.35992,2026-07-14 00:00:00,29.9,3.7
2438,Tinsukia,Assam,Northeast,27.48905,95.35992,2026-07-15 00:00:00,28.8,4.4
2439,Tinsukia,Assam,Northeast,27.48905,95.35992,2026-07-16 00:00:00,27.8,7
2440,Tinsukia,Assam,Northeast,27.48905,95.35992,2026-07-17 00:00:00,27.1,8.6
2441,Tinsukia,Assam,Northeast,27.48905,95.35992,2026-07-18 00:00:00,26.4,4.8
2442,Tinsukia,Assam,Northeast,27.48905,95.35992,2026-07-19 00:00:00,26.2,6.6
2443,Tinsukia,Assam,Northeast,27.48905,95.35992,2026-07-20 00:00:00,28.1,5.3
2444,Tinsukia,Assam,Northeast,27.48905,95.35992,2026-07-21 00:00:00,29.5,3.8
2445,Tinsukia,Assam,Northeast,27.48905,95.35992,2026-07-22 00:00:00,27.5,5.3
2446,Tinsukia,Assam,Northeast,27.48905,95.35992,2026-07-23 00:00:00,27.8,5.2
2447,Tinsukia,Assam,Northeast,27.48905,95.35992,2026-07-24 00:00:00,28.8,4
2448,Tinsukia,Assam,Northeast,27.48905,95.35992,2026-07-25 00:00:00,30.7,3.2
2449,Tinsukia,Assam,Northeast,27.48905,95.35992,2026-07-26 00:00:00,29.9,3.7
2450,Tinsukia,Assam,Northeast,27.48905,95.35992,2026-07-27 00:00:00,30,3.7
2451,Tinsukia,Assam,Northeast,27.48905,95.35992,2026-07-28 00:00:00,29.2,3.9
2452,Tinsukia,Assam,Northeast,27.48905,95.35992,2026-07-29 00:00:00,29.3,5.9
2453,Tinsukia,Assam,Northeast,27.48905,95.35992,2026-07-30 00:00:00,27.3,4.2
2454,Tinsukia,Assam,Northeast,27.48905,95.35992,2026-07-31 00:00:00,27,3.6
2455,Tinsukia,Assam,Northeast,27.48905,95.35992,2026-08-01 00:00:00,26.8,3.8
2456,Tinsukia,Assam,Northeast,27.48905,95.35992,2026-08-02 00:00:00,27.4,3.7
2457,Tinsukia,Assam,Northeast,27.48905,95.35992,2026-08-03 00:00:00,27,4.6
2458,Tinsukia,Assam,Northeast,27.48905,95.35992,2026-08-04 00:00:00,26.9,3.6
2459,Tinsukia,Assam,Northeast,27.48905,95.35992,2026-08-05 00:00:00,28.7,3.7
2460,Tinsukia,Assam,Northeast,27.48905,95.35992,2026-08-06 00:00:00,30.1,4.4
2461,Tinsukia,Assam,Northeast,27.48905,95.35992,2026-08-07 00:00:00,29.5,3.8
2462,Tinsukia,Assam,Northeast,27.48905,95.35992,2026-08-08 00:00:00,28.1,4
2463,Tezpur,Assam,Northeast,26.63333,92.8,2026-07-10 00:00:00,28.5,5.5
2464,Tezpur,Assam,Northeast,26.63333,92.8,2026-07-11 00:00:00,29,8.9
2465,Tezpur,Assam,Northeast,26.63333,92.8,2026-07-12 00:00:00,28.8,9.3
2466,Tezpur,Assam,Northeast,26.63333,92.8,2026-07-13 00:00:00,28.8,10.4
2467,Tezpur,Assam,Northeast,26.63333,92.8,2026-07-14 00:00:00,30.7,4.3
2468,Tezpur,Assam,Northeast,26.63333,92.8,2026-07-15 00:00:00,29.7,6.1
2469,Tezpur,Assam,Northeast,26.63333,92.8,2026-07-16 00:00:00,29.3,6.6
2470,Tezpur,Assam,Northeast,26.63333,92.8,2026-07-17 00:00:00,28.2,7.1
2471,Tezpur,Assam,Northeast,26.63333,92.8,2026-07-18 00:00:00,27.7,5.3
2472,Tezpur,Assam,Northeast,26.63333,92.8,2026-07-19 00:00:00,27.1,9.6
2473,Tezpur,Assam,Northeast,26.63333,92.8,2026-07-20 00:00:00,27.4,7.1
2474,Tezpur,Assam,Northeast,26.63333,92.8,2026-07-21 00:00:00,29.9,3.8
2475,Tezpur,Assam,Northeast,26.63333,92.8,2026-07-22 00:00:00,28.4,5.3
2476,Tezpur,Assam,Northeast,26.63333,92.8,2026-07-23 00:00:00,28.7,5
2477,Tezpur,Assam,Northeast,26.63333,92.8,2026-07-24 00:00:00,29.5,4.1
2478,Tezpur,Assam,Northeast,26.63333,92.8,2026-07-25 00:00:00,31.2,3.5
2479,Tezpur,Assam,Northeast,26.63333,92.8,2026-07-26 00:00:00,30.9,4.3
2480,Tezpur,Assam,Northeast,26.63333,92.8,2026-07-27 00:00:00,31,4.4
2481,Tezpur,Assam,Northeast,26.63333,92.8,2026-07-28 00:00:00,29.2,5.9
2482,Tezpur,Assam,Northeast,26.63333,92.8,2026-07-29 00:00:00,28.9,9.2
2483,Tezpur,Assam,Northeast,26.63333,92.8,2026-07-30 00:00:00,29,6.9
2484,Tezpur,Assam,Northeast,26.63333,92.8,2026-07-31 00:00:00,27.5,5.3
2485,Tezpur,Assam,Northeast,26.63333,92.8,2026-08-01 00:00:00,28,10.2
2486,Tezpur,Assam,Northeast,26.63333,92.8,2026-08-02 00:00:00,28.9,5.9
2487,Tezpur,Assam,Northeast,26.63333,92.8,2026-08-03 00:00:00,28.7,6.1
2488,Tezpur,Assam,Northeast,26.63333,92.8,2026-08-04 00:00:00,27.9,6.6
2489,Tezpur,Assam,Northeast,26.63333,92.8,2026-08-05 00:00:00,27.3,5.6
2490,Tezpur,Assam,Northeast,26.63333,92.8,2026-08-06 00:00:00,30.1,3.1
2491,Tezpur,Assam,Northeast,26.63333,92.8,2026-08-07 00:00:00,30.2,5.1
2492,Tezpur,Assam,Northeast,26.63333,92.8,2026-08-08 00:00:00,28.8,6.2
2493,Nagaon,Assam,Northeast,26.35,92.66667,2026-07-10 00:00:00,28.9,4.9
2494,Nagaon,Assam,Northeast,26.35,92.66667,2026-07-11 00:00:00,29.3,5.5
2495,Nagaon,Assam,Northeast,26.35,92.66667,2026-07-12 00:00:00,29.1,6.7
2496,Nagaon,Assam,Northeast,26.35,92.66667,2026-07-13 00:00:00,29.2,7.1
2497,Nagaon,Assam,Northeast,26.35,92.66667,2026-07-14 00:00:00,30.3,3.9
2498,Nagaon,Assam,Northeast,26.35,92.66667,2026-07-15 00:00:00,29.4,5.5
2499,Nagaon,Assam,Northeast,26.35,92.66667,2026-07-16 00:00:00,29.5,4.9
2500,Nagaon,Assam,Northeast,26.35,92.66667,2026-07-17 00:00:00,28.2,6.4
2501,Nagaon,Assam,Northeast,26.35,92.66667,2026-07-18 00:00:00,27.7,4.4
2502,Nagaon,Assam,Northeast,26.35,92.66667,2026-07-19 00:00:00,26.9,7.3
2503,Nagaon,Assam,Northeast,26.35,92.66667,2026-07-20 00:00:00,26.6,6.8
2504,Nagaon,Assam,Northeast,26.35,92.66667,2026-07-21 00:00:00,29.6,3.2
2505,Nagaon,Assam,Northeast,26.35,92.66667,2026-07-22 00:00:00,28.3,4.7
2506,Nagaon,Assam,Northeast,26.35,92.66667,2026-07-23 00:00:00,28.3,4.4
2507,Nagaon,Assam,Northeast,26.35,92.66667,2026-07-24 00:00:00,29.3,4.2
2508,Nagaon,Assam,Northeast,26.35,92.66667,2026-07-25 00:00:00,30.7,2.7
2509,Nagaon,Assam,Northeast,26.35,92.66667,2026-07-26 00:00:00,30.4,3.8
2510,Nagaon,Assam,Northeast,26.35,92.66667,2026-07-27 00:00:00,30.8,4.1
2511,Nagaon,Assam,Northeast,26.35,92.66667,2026-07-28 00:00:00,29.3,4
2512,Nagaon,Assam,Northeast,26.35,92.66667,2026-07-29 00:00:00,28.9,6.3
2513,Nagaon,Assam,Northeast,26.35,92.66667,2026-07-30 00:00:00,29,4.4
2514,Nagaon,Assam,Northeast,26.35,92.66667,2026-07-31 00:00:00,27.4,3.8
2515,Nagaon,Assam,Northeast,26.35,92.66667,2026-08-01 00:00:00,27.9,6.1
2516,Nagaon,Assam,Northeast,26.35,92.66667,2026-08-02 00:00:00,28.8,5
2517,Nagaon,Assam,Northeast,26.35,92.66667,2026-08-03 00:00:00,28.8,3.9
2518,Nagaon,Assam,Northeast,26.35,92.66667,2026-08-04 00:00:00,27.9,4.9
2519,Nagaon,Assam,Northeast,26.35,92.66667,2026-08-05 00:00:00,27.2,3.4
2520,Nagaon,Assam,Northeast,26.35,92.66667,2026-08-06 00:00:00,30,3.8
2521,Nagaon,Assam,Northeast,26.35,92.66667,2026-08-07 00:00:00,30.2,3.2
2522,Nagaon,Assam,Northeast,26.35,92.66667,2026-08-08 00:00:00,28.1,4.7
2523,Sibsagar,Assam,Northeast,26.98427,94.63784,2026-07-10 00:00:00,28.8,6
2524,Sibsagar,Assam,Northeast,26.98427,94.63784,2026-07-11 00:00:00,29.4,5.4
2525,Sibsagar,Assam,Northeast,26.98427,94.63784,2026-07-12 00:00:00,28.8,5.8
2526,Sibsagar,Assam,Northeast,26.98427,94.63784,2026-07-13 00:00:00,28.3,3.8
2527,Sibsagar,Assam,Northeast,26.98427,94.63784,2026-07-14 00:00:00,30.4,4.2
2528,Sibsagar,Assam,Northeast,26.98427,94.63784,2026-07-15 00:00:00,29.3,5.3
2529,Sibsagar,Assam,Northeast,26.98427,94.63784,2026-07-16 00:00:00,28.5,6.1
2530,Sibsagar,Assam,Northeast,26.98427,94.63784,2026-07-17 00:00:00,28.6,11.8
2531,Sibsagar,Assam,Northeast,26.98427,94.63784,2026-07-18 00:00:00,28.1,7.2
2532,Sibsagar,Assam,Northeast,26.98427,94.63784,2026-07-19 00:00:00,26.1,9.3
2533,Sibsagar,Assam,Northeast,26.98427,94.63784,2026-07-20 00:00:00,28.1,5.6
2534,Sibsagar,Assam,Northeast,26.98427,94.63784,2026-07-21 00:00:00,29.6,3.7
2535,Sibsagar,Assam,Northeast,26.98427,94.63784,2026-07-22 00:00:00,28,7.1
2536,Sibsagar,Assam,Northeast,26.98427,94.63784,2026-07-23 00:00:00,27.6,6.5
2537,Sibsagar,Assam,Northeast,26.98427,94.63784,2026-07-24 00:00:00,29.3,4.8
2538,Sibsagar,Assam,Northeast,26.98427,94.63784,2026-07-25 00:00:00,31.1,3.5
2539,Sibsagar,Assam,Northeast,26.98427,94.63784,2026-07-26 00:00:00,30.1,4.1
2540,Sibsagar,Assam,Northeast,26.98427,94.63784,2026-07-27 00:00:00,29.9,3.9
2541,Sibsagar,Assam,Northeast,26.98427,94.63784,2026-07-28 00:00:00,28.8,4.7
2542,Sibsagar,Assam,Northeast,26.98427,94.63784,2026-07-29 00:00:00,29,5.2
2543,Sibsagar,Assam,Northeast,26.98427,94.63784,2026-07-30 00:00:00,27.6,3.9
2544,Sibsagar,Assam,Northeast,26.98427,94.63784,2026-07-31 00:00:00,27.9,4.8
2545,Sibsagar,Assam,Northeast,26.98427,94.63784,2026-08-01 00:00:00,27.5,5.9
2546,Sibsagar,Assam,Northeast,26.98427,94.63784,2026-08-02 00:00:00,28.3,5.9
2547,Sibsagar,Assam,Northeast,26.98427,94.63784,2026-08-03 00:00:00,27.6,4.5
2548,Sibsagar,Assam,Northeast,26.98427,94.63784,2026-08-04 00:00:00,27.4,4.8
2549,Sibsagar,Assam,Northeast,26.98427,94.63784,2026-08-05 00:00:00,28.5,3.6
2550,Sibsagar,Assam,Northeast,26.98427,94.63784,2026-08-06 00:00:00,30,4.1
2551,Sibsagar,Assam,Northeast,26.98427,94.63784,2026-08-07 00:00:00,29.7,4.4
2552,Sibsagar,Assam,Northeast,26.98427,94.63784,2026-08-08 00:00:00,28,4.5
2553,Shillong,Meghalaya,Northeast,25.56892,91.88313,2026-07-10 00:00:00,21.8,9
2554,Shillong,Meghalaya,Northeast,25.56892,91.88313,2026-07-11 00:00:00,22,6.6
2555,Shillong,Meghalaya,Northeast,25.56892,91.88313,2026-07-12 00:00:00,21.6,6.9
2556,Shillong,Meghalaya,Northeast,25.56892,91.88313,2026-07-13 00:00:00,21.5,5.4
2557,Shillong,Meghalaya,Northeast,25.56892,91.88313,2026-07-14 00:00:00,21.7,4.6
2558,Shillong,Meghalaya,Northeast,25.56892,91.88313,2026-07-15 00:00:00,22.2,5.2
2559,Shillong,Meghalaya,Northeast,25.56892,91.88313,2026-07-16 00:00:00,22.1,7.7
2560,Shillong,Meghalaya,Northeast,25.56892,91.88313,2026-07-17 00:00:00,21.4,11.8
2561,Shillong,Meghalaya,Northeast,25.56892,91.88313,2026-07-18 00:00:00,21.5,13.2
2562,Shillong,Meghalaya,Northeast,25.56892,91.88313,2026-07-19 00:00:00,21,10.2
2563,Shillong,Meghalaya,Northeast,25.56892,91.88313,2026-07-20 00:00:00,19.6,4.5
2564,Shillong,Meghalaya,Northeast,25.56892,91.88313,2026-07-21 00:00:00,21.3,5.4
2565,Shillong,Meghalaya,Northeast,25.56892,91.88313,2026-07-22 00:00:00,21.3,6.2
2566,Shillong,Meghalaya,Northeast,25.56892,91.88313,2026-07-23 00:00:00,21.4,5.1
2567,Shillong,Meghalaya,Northeast,25.56892,91.88313,2026-07-24 00:00:00,21.8,5.8
2568,Shillong,Meghalaya,Northeast,25.56892,91.88313,2026-07-25 00:00:00,22.4,5.4
2569,Shillong,Meghalaya,Northeast,25.56892,91.88313,2026-07-26 00:00:00,21.9,5.7
2570,Shillong,Meghalaya,Northeast,25.56892,91.88313,2026-07-27 00:00:00,22.5,7.6
2571,Shillong,Meghalaya,Northeast,25.56892,91.88313,2026-07-28 00:00:00,21.8,6.4
2572,Shillong,Meghalaya,Northeast,25.56892,91.88313,2026-07-29 00:00:00,22.2,7.5
2573,Shillong,Meghalaya,Northeast,25.56892,91.88313,2026-07-30 00:00:00,21.6,5.8
2574,Shillong,Meghalaya,Northeast,25.56892,91.88313,2026-07-31 00:00:00,21.5,5.4
2575,Shillong,Meghalaya,Northeast,25.56892,91.88313,2026-08-01 00:00:00,21.6,8.1
2576,Shillong,Meghalaya,Northeast,25.56892,91.88313,2026-08-02 00:00:00,21.9,5.8
2577,Shillong,Meghalaya,Northeast,25.56892,91.88313,2026-08-03 00:00:00,21.8,5.6
2578,Shillong,Meghalaya,Northeast,25.56892,91.88313,2026-08-04 00:00:00,21.3,5.1
2579,Shillong,Meghalaya,Northeast,25.56892,91.88313,2026-08-05 00:00:00,20.1,2.8
2580,Shillong,Meghalaya,Northeast,25.56892,91.88313,2026-08-06 00:00:00,21.4,6.1
2581,Shillong,Meghalaya,Northeast,25.56892,91.88313,2026-08-07 00:00:00,21.9,5.5
2582,Shillong,Meghalaya,Northeast,25.56892,91.88313,2026-08-08 00:00:00,21.4,5.5
2583,Imphal,Manipur,Northeast,24.80805,93.9442,2026-07-10 00:00:00,25.1,4.1
2584,Imphal,Manipur,Northeast,24.80805,93.9442,2026-07-11 00:00:00,25.6,4
2585,Imphal,Manipur,Northeast,24.80805,93.9442,2026-07-12 00:00:00,25.3,2.3
2586,Imphal,Manipur,Northeast,24.80805,93.9442,2026-07-13 00:00:00,25.9,4.2
2587,Imphal,Manipur,Northeast,24.80805,93.9442,2026-07-14 00:00:00,26.7,4.9
2588,Imphal,Manipur,Northeast,24.80805,93.9442,2026-07-15 00:00:00,26.6,6.5
2589,Imphal,Manipur,Northeast,24.80805,93.9442,2026-07-16 00:00:00,25.8,4.3
2590,Imphal,Manipur,Northeast,24.80805,93.9442,2026-07-17 00:00:00,24.3,2.4
2591,Imphal,Manipur,Northeast,24.80805,93.9442,2026-07-18 00:00:00,25.5,4.2
2592,Imphal,Manipur,Northeast,24.80805,93.9442,2026-07-19 00:00:00,23.5,2.7
2593,Imphal,Manipur,Northeast,24.80805,93.9442,2026-07-20 00:00:00,23,2.2
2594,Imphal,Manipur,Northeast,24.80805,93.9442,2026-07-21 00:00:00,25.2,4.1
2595,Imphal,Manipur,Northeast,24.80805,93.9442,2026-07-22 00:00:00,24.4,3.1
2596,Imphal,Manipur,Northeast,24.80805,93.9442,2026-07-23 00:00:00,25,4.2
2597,Imphal,Manipur,Northeast,24.80805,93.9442,2026-07-24 00:00:00,25.2,2.5
2598,Imphal,Manipur,Northeast,24.80805,93.9442,2026-07-25 00:00:00,26.2,4.4
2599,Imphal,Manipur,Northeast,24.80805,93.9442,2026-07-26 00:00:00,26.4,5.3
2600,Imphal,Manipur,Northeast,24.80805,93.9442,2026-07-27 00:00:00,25.8,4.1
2601,Imphal,Manipur,Northeast,24.80805,93.9442,2026-07-28 00:00:00,25.8,4.3
2602,Imphal,Manipur,Northeast,24.80805,93.9442,2026-07-29 00:00:00,25.4,5
2603,Imphal,Manipur,Northeast,24.80805,93.9442,2026-07-30 00:00:00,24.8,3.4
2604,Imphal,Manipur,Northeast,24.80805,93.9442,2026-07-31 00:00:00,25.3,3.6
2605,Imphal,Manipur,Northeast,24.80805,93.9442,2026-08-01 00:00:00,25.5,5.3
2606,Imphal,Manipur,Northeast,24.80805,93.9442,2026-08-02 00:00:00,25.7,4.4
2607,Imphal,Manipur,Northeast,24.80805,93.9442,2026-08-03 00:00:00,25.9,3.8
2608,Imphal,Manipur,Northeast,24.80805,93.9442,2026-08-04 00:00:00,25.1,3.6
2609,Imphal,Manipur,Northeast,24.80805,93.9442,2026-08-05 00:00:00,23.8,1.9
2610,Imphal,Manipur,Northeast,24.80805,93.9442,2026-08-06 00:00:00,25,4.4
2611,Imphal,Manipur,Northeast,24.80805,93.9442,2026-08-07 00:00:00,25.3,3.3
2612,Imphal,Manipur,Northeast,24.80805,93.9442,2026-08-08 00:00:00,24.4,3
2613,Aizawl,Mizoram,Northeast,23.72894,92.71791,2026-07-10 00:00:00,20.7,11.3
2614,Aizawl,Mizoram,Northeast,23.72894,92.71791,2026-07-11 00:00:00,21.2,10.5
2615,Aizawl,Mizoram,Northeast,23.72894,92.71791,2026-07-12 00:00:00,21.8,9.6
2616,Aizawl,Mizoram,Northeast,23.72894,92.71791,2026-07-13 00:00:00,22,3
2617,Aizawl,Mizoram,Northeast,23.72894,92.71791,2026-07-14 00:00:00,22.3,2.8
2618,Aizawl,Mizoram,Northeast,23.72894,92.71791,2026-07-15 00:00:00,22.6,3.4
2619,Aizawl,Mizoram,Northeast,23.72894,92.71791,2026-07-16 00:00:00,22.7,6.2
2620,Aizawl,Mizoram,Northeast,23.72894,92.71791,2026-07-17 00:00:00,21,10.2
2621,Aizawl,Mizoram,Northeast,23.72894,92.71791,2026-07-18 00:00:00,22,10.4
2622,Aizawl,Mizoram,Northeast,23.72894,92.71791,2026-07-19 00:00:00,21.1,9.2
2623,Aizawl,Mizoram,Northeast,23.72894,92.71791,2026-07-20 00:00:00,20.2,2.1
2624,Aizawl,Mizoram,Northeast,23.72894,92.71791,2026-07-21 00:00:00,21.2,3.5
2625,Aizawl,Mizoram,Northeast,23.72894,92.71791,2026-07-22 00:00:00,21.6,4.5
2626,Aizawl,Mizoram,Northeast,23.72894,92.71791,2026-07-23 00:00:00,20.6,9.4
2627,Aizawl,Mizoram,Northeast,23.72894,92.71791,2026-07-24 00:00:00,21.7,6.7
2628,Aizawl,Mizoram,Northeast,23.72894,92.71791,2026-07-25 00:00:00,22.5,2.2
2629,Aizawl,Mizoram,Northeast,23.72894,92.71791,2026-07-26 00:00:00,22.1,3.3
2630,Aizawl,Mizoram,Northeast,23.72894,92.71791,2026-07-27 00:00:00,22.5,2.6
2631,Aizawl,Mizoram,Northeast,23.72894,92.71791,2026-07-28 00:00:00,22,2.5
2632,Aizawl,Mizoram,Northeast,23.72894,92.71791,2026-07-29 00:00:00,21.9,4.9
2633,Aizawl,Mizoram,Northeast,23.72894,92.71791,2026-07-30 00:00:00,21.8,5.3
2634,Aizawl,Mizoram,Northeast,23.72894,92.71791,2026-07-31 00:00:00,22.5,4.5
2635,Aizawl,Mizoram,Northeast,23.72894,92.71791,2026-08-01 00:00:00,22,6.6
2636,Aizawl,Mizoram,Northeast,23.72894,92.71791,2026-08-02 00:00:00,21.8,6.4
2637,Aizawl,Mizoram,Northeast,23.72894,92.71791,2026-08-03 00:00:00,21.9,6.2
2638,Aizawl,Mizoram,Northeast,23.72894,92.71791,2026-08-04 00:00:00,21.7,6.4
2639,Aizawl,Mizoram,Northeast,23.72894,92.71791,2026-08-05 00:00:00,20.4,3.3
2640,Aizawl,Mizoram,Northeast,23.72894,92.71791,2026-08-06 00:00:00,20,3.8
2641,Aizawl,Mizoram,Northeast,23.72894,92.71791,2026-08-07 00:00:00,22.1,2.4
2642,Aizawl,Mizoram,Northeast,23.72894,92.71791,2026-08-08 00:00:00,22,2.8
2643,Agartala,Tripura,Northeast,23.83605,91.27939,2026-07-10 00:00:00,26.8,15.9
2644,Agartala,Tripura,Northeast,23.83605,91.27939,2026-07-11 00:00:00,27.2,12.8
2645,Agartala,Tripura,Northeast,23.83605,91.27939,2026-07-12 00:00:00,27.1,12
2646,Agartala,Tripura,Northeast,23.83605,91.27939,2026-07-13 00:00:00,27.5,7.9
2647,Agartala,Tripura,Northeast,23.83605,91.27939,2026-07-14 00:00:00,29.7,7.2
2648,Agartala,Tripura,Northeast,23.83605,91.27939,2026-07-15 00:00:00,29.2,6.2
2649,Agartala,Tripura,Northeast,23.83605,91.27939,2026-07-16 00:00:00,29.4,14.9
2650,Agartala,Tripura,Northeast,23.83605,91.27939,2026-07-17 00:00:00,27.8,18.9
2651,Agartala,Tripura,Northeast,23.83605,91.27939,2026-07-18 00:00:00,28.6,17.8
2652,Agartala,Tripura,Northeast,23.83605,91.27939,2026-07-19 00:00:00,27.2,16.4
2653,Agartala,Tripura,Northeast,23.83605,91.27939,2026-07-20 00:00:00,26.4,10.2
2654,Agartala,Tripura,Northeast,23.83605,91.27939,2026-07-21 00:00:00,27.5,10.9
2655,Agartala,Tripura,Northeast,23.83605,91.27939,2026-07-22 00:00:00,27.1,13.3
2656,Agartala,Tripura,Northeast,23.83605,91.27939,2026-07-23 00:00:00,26.5,12.4
2657,Agartala,Tripura,Northeast,23.83605,91.27939,2026-07-24 00:00:00,27.8,12.5
2658,Agartala,Tripura,Northeast,23.83605,91.27939,2026-07-25 00:00:00,28.9,11
2659,Agartala,Tripura,Northeast,23.83605,91.27939,2026-07-26 00:00:00,29.4,9.9
2660,Agartala,Tripura,Northeast,23.83605,91.27939,2026-07-27 00:00:00,29.1,15.2
2661,Agartala,Tripura,Northeast,23.83605,91.27939,2026-07-28 00:00:00,28.5,14.8
2662,Agartala,Tripura,Northeast,23.83605,91.27939,2026-07-29 00:00:00,27.9,14.7
2663,Agartala,Tripura,Northeast,23.83605,91.27939,2026-07-30 00:00:00,26.9,12.8
2664,Agartala,Tripura,Northeast,23.83605,91.27939,2026-07-31 00:00:00,28.8,9.7
2665,Agartala,Tripura,Northeast,23.83605,91.27939,2026-08-01 00:00:00,28.7,10.8
2666,Agartala,Tripura,Northeast,23.83605,91.27939,2026-08-02 00:00:00,28.2,11.2
2667,Agartala,Tripura,Northeast,23.83605,91.27939,2026-08-03 00:00:00,28.1,10.9
2668,Agartala,Tripura,Northeast,23.83605,91.27939,2026-08-04 00:00:00,28,10.4
2669,Agartala,Tripura,Northeast,23.83605,91.27939,2026-08-05 00:00:00,26.5,5.8
2670,Agartala,Tripura,Northeast,23.83605,91.27939,2026-08-06 00:00:00,26.6,9.4
2671,Agartala,Tripura,Northeast,23.83605,91.27939,2026-08-07 00:00:00,27.6,10.5
2672,Agartala,Tripura,Northeast,23.83605,91.27939,2026-08-08 00:00:00,27.5,10
2673,Kohima,Nagaland,Northeast,25.67467,94.11099,2026-07-10 00:00:00,21.6,3.2
2674,Kohima,Nagaland,Northeast,25.67467,94.11099,2026-07-11 00:00:00,22,2.7
2675,Kohima,Nagaland,Northeast,25.67467,94.11099,2026-07-12 00:00:00,21.9,2.3
2676,Kohima,Nagaland,Northeast,25.67467,94.11099,2026-07-13 00:00:00,21.6,3.2
2677,Kohima,Nagaland,Northeast,25.67467,94.11099,2026-07-14 00:00:00,22.3,3.3
2678,Kohima,Nagaland,Northeast,25.67467,94.11099,2026-07-15 00:00:00,22.4,3.5
2679,Kohima,Nagaland,Northeast,25.67467,94.11099,2026-07-16 00:00:00,21.5,2.6
2680,Kohima,Nagaland,Northeast,25.67467,94.11099,2026-07-17 00:00:00,21.2,2.1
2681,Kohima,Nagaland,Northeast,25.67467,94.11099,2026-07-18 00:00:00,21.6,2.8
2682,Kohima,Nagaland,Northeast,25.67467,94.11099,2026-07-19 00:00:00,20.4,1.6
2683,Kohima,Nagaland,Northeast,25.67467,94.11099,2026-07-20 00:00:00,20.4,2.5
2684,Kohima,Nagaland,Northeast,25.67467,94.11099,2026-07-21 00:00:00,21.6,2.5
2685,Kohima,Nagaland,Northeast,25.67467,94.11099,2026-07-22 00:00:00,21.4,3
2686,Kohima,Nagaland,Northeast,25.67467,94.11099,2026-07-23 00:00:00,21,2.8
2687,Kohima,Nagaland,Northeast,25.67467,94.11099,2026-07-24 00:00:00,21.7,2.6
2688,Kohima,Nagaland,Northeast,25.67467,94.11099,2026-07-25 00:00:00,22.5,4.3
2689,Kohima,Nagaland,Northeast,25.67467,94.11099,2026-07-26 00:00:00,22.3,4
2690,Kohima,Nagaland,Northeast,25.67467,94.11099,2026-07-27 00:00:00,21.9,3.7
2691,Kohima,Nagaland,Northeast,25.67467,94.11099,2026-07-28 00:00:00,22,2.8
2692,Kohima,Nagaland,Northeast,25.67467,94.11099,2026-07-29 00:00:00,22,2.5
2693,Kohima,Nagaland,Northeast,25.67467,94.11099,2026-07-30 00:00:00,20.8,3
2694,Kohima,Nagaland,Northeast,25.67467,94.11099,2026-07-31 00:00:00,20.7,2.9
2695,Kohima,Nagaland,Northeast,25.67467,94.11099,2026-08-01 00:00:00,20.8,2.5
2696,Kohima,Nagaland,Northeast,25.67467,94.11099,2026-08-02 00:00:00,21.1,2.7
2697,Kohima,Nagaland,Northeast,25.67467,94.11099,2026-08-03 00:00:00,21.2,2.4
2698,Kohima,Nagaland,Northeast,25.67467,94.11099,2026-08-04 00:00:00,21,2.7
2699,Kohima,Nagaland,Northeast,25.67467,94.11099,2026-08-05 00:00:00,20.6,1.7
2700,Kohima,Nagaland,Northeast,25.67467,94.11099,2026-08-06 00:00:00,22.3,4.3
2701,Kohima,Nagaland,Northeast,25.67467,94.11099,2026-08-07 00:00:00,21.8,3.3
2702,Kohima,Nagaland,Northeast,25.67467,94.11099,2026-08-08 00:00:00,20.9,2.7
2703,Dimapur,Nagaland,Northeast,25.91174,93.7217,2026-07-10 00:00:00,29.9,7.7
2704,Dimapur,Nagaland,Northeast,25.91174,93.7217,2026-07-11 00:00:00,29.9,3.6
2705,Dimapur,Nagaland,Northeast,25.91174,93.7217,2026-07-12 00:00:00,29.2,5
2706,Dimapur,Nagaland,Northeast,25.91174,93.7217,2026-07-13 00:00:00,28.6,8.3
2707,Dimapur,Nagaland,Northeast,25.91174,93.7217,2026-07-14 00:00:00,29.5,3.8
2708,Dimapur,Nagaland,Northeast,25.91174,93.7217,2026-07-15 00:00:00,29.2,5.8
2709,Dimapur,Nagaland,Northeast,25.91174,93.7217,2026-07-16 00:00:00,29.5,5.4
2710,Dimapur,Nagaland,Northeast,25.91174,93.7217,2026-07-17 00:00:00,28.7,12.5
2711,Dimapur,Nagaland,Northeast,25.91174,93.7217,2026-07-18 00:00:00,29.6,11.6
2712,Dimapur,Nagaland,Northeast,25.91174,93.7217,2026-07-19 00:00:00,25.9,5.3
2713,Dimapur,Nagaland,Northeast,25.91174,93.7217,2026-07-20 00:00:00,26.5,3.8
2714,Dimapur,Nagaland,Northeast,25.91174,93.7217,2026-07-21 00:00:00,28.3,4.6
2715,Dimapur,Nagaland,Northeast,25.91174,93.7217,2026-07-22 00:00:00,27.8,4.5
2716,Dimapur,Nagaland,Northeast,25.91174,93.7217,2026-07-23 00:00:00,28.1,4.3
2717,Dimapur,Nagaland,Northeast,25.91174,93.7217,2026-07-24 00:00:00,29,4.2
2718,Dimapur,Nagaland,Northeast,25.91174,93.7217,2026-07-25 00:00:00,30.1,4.2
2719,Dimapur,Nagaland,Northeast,25.91174,93.7217,2026-07-26 00:00:00,29.6,4.8
2720,Dimapur,Nagaland,Northeast,25.91174,93.7217,2026-07-27 00:00:00,29.5,4.7
2721,Dimapur,Nagaland,Northeast,25.91174,93.7217,2026-07-28 00:00:00,28.6,4.5
2722,Dimapur,Nagaland,Northeast,25.91174,93.7217,2026-07-29 00:00:00,28.1,6.4
2723,Dimapur,Nagaland,Northeast,25.91174,93.7217,2026-07-30 00:00:00,28.4,3.5
2724,Dimapur,Nagaland,Northeast,25.91174,93.7217,2026-07-31 00:00:00,28.3,5.1
2725,Dimapur,Nagaland,Northeast,25.91174,93.7217,2026-08-01 00:00:00,28.5,6.7
2726,Dimapur,Nagaland,Northeast,25.91174,93.7217,2026-08-02 00:00:00,29,4.8
2727,Dimapur,Nagaland,Northeast,25.91174,93.7217,2026-08-03 00:00:00,28.4,4.8
2728,Dimapur,Nagaland,Northeast,25.91174,93.7217,2026-08-04 00:00:00,27.3,5.6
2729,Dimapur,Nagaland,Northeast,25.91174,93.7217,2026-08-05 00:00:00,26,5.9
2730,Dimapur,Nagaland,Northeast,25.91174,93.7217,2026-08-06 00:00:00,28.6,4.7
2731,Dimapur,Nagaland,Northeast,25.91174,93.7217,2026-08-07 00:00:00,28.9,4.1
2732,Dimapur,Nagaland,Northeast,25.91174,93.7217,2026-08-08 00:00:00,27.5,4.2
2733,Itanagar,Arunachal Pradesh,Northeast,27.08694,93.60987,2026-07-10 00:00:00,26.6,7.1
2734,Itanagar,Arunachal Pradesh,Northeast,27.08694,93.60987,2026-07-11 00:00:00,27,3.8
2735,Itanagar,Arunachal Pradesh,Northeast,27.08694,93.60987,2026-07-12 00:00:00,26.3,4.4
2736,Itanagar,Arunachal Pradesh,Northeast,27.08694,93.60987,2026-07-13 00:00:00,26.6,3.7
2737,Itanagar,Arunachal Pradesh,Northeast,27.08694,93.60987,2026-07-14 00:00:00,29,4.4
2738,Itanagar,Arunachal Pradesh,Northeast,27.08694,93.60987,2026-07-15 00:00:00,27.8,4.9
2739,Itanagar,Arunachal Pradesh,Northeast,27.08694,93.60987,2026-07-16 00:00:00,26.9,7.4
2740,Itanagar,Arunachal Pradesh,Northeast,27.08694,93.60987,2026-07-17 00:00:00,26.1,10.4
2741,Itanagar,Arunachal Pradesh,Northeast,27.08694,93.60987,2026-07-18 00:00:00,26.2,11
2742,Itanagar,Arunachal Pradesh,Northeast,27.08694,93.60987,2026-07-19 00:00:00,24.9,4.6
2743,Itanagar,Arunachal Pradesh,Northeast,27.08694,93.60987,2026-07-20 00:00:00,26,5.2
2744,Itanagar,Arunachal Pradesh,Northeast,27.08694,93.60987,2026-07-21 00:00:00,28.1,4.6
2745,Itanagar,Arunachal Pradesh,Northeast,27.08694,93.60987,2026-07-22 00:00:00,26.2,3.7
2746,Itanagar,Arunachal Pradesh,Northeast,27.08694,93.60987,2026-07-23 00:00:00,26.3,4.8
2747,Itanagar,Arunachal Pradesh,Northeast,27.08694,93.60987,2026-07-24 00:00:00,27.4,4.2
2748,Itanagar,Arunachal Pradesh,Northeast,27.08694,93.60987,2026-07-25 00:00:00,29.4,4.7
2749,Itanagar,Arunachal Pradesh,Northeast,27.08694,93.60987,2026-07-26 00:00:00,28.4,4.1
2750,Itanagar,Arunachal Pradesh,Northeast,27.08694,93.60987,2026-07-27 00:00:00,28.3,3.7
2751,Itanagar,Arunachal Pradesh,Northeast,27.08694,93.60987,2026-07-28 00:00:00,27.2,5.6
2752,Itanagar,Arunachal Pradesh,Northeast,27.08694,93.60987,2026-07-29 00:00:00,26.9,4.6
2753,Itanagar,Arunachal Pradesh,Northeast,27.08694,93.60987,2026-07-30 00:00:00,26.3,3.4
2754,Itanagar,Arunachal Pradesh,Northeast,27.08694,93.60987,2026-07-31 00:00:00,26,4.3
2755,Itanagar,Arunachal Pradesh,Northeast,27.08694,93.60987,2026-08-01 00:00:00,25.5,8.7
2756,Itanagar,Arunachal Pradesh,Northeast,27.08694,93.60987,2026-08-02 00:00:00,27.1,8.3
2757,Itanagar,Arunachal Pradesh,Northeast,27.08694,93.60987,2026-08-03 00:00:00,26.6,4.3
2758,Itanagar,Arunachal Pradesh,Northeast,27.08694,93.60987,2026-08-04 00:00:00,25.6,3.5
2759,Itanagar,Arunachal Pradesh,Northeast,27.08694,93.60987,2026-08-05 00:00:00,26.1,3.9
2760,Itanagar,Arunachal Pradesh,Northeast,27.08694,93.60987,2026-08-06 00:00:00,28.6,4
2761,Itanagar,Arunachal Pradesh,Northeast,27.08694,93.60987,2026-08-07 00:00:00,28,4.3
2762,Itanagar,Arunachal Pradesh,Northeast,27.08694,93.60987,2026-08-08 00:00:00,26.5,5.3
2763,Gangtok,Sikkim,Northeast,27.32574,88.61216,2026-07-10 00:00:00,20.5,2.7
2764,Gangtok,Sikkim,Northeast,27.32574,88.61216,2026-07-11 00:00:00,20.8,2.4
2765,Gangtok,Sikkim,Northeast,27.32574,88.61216,2026-07-12 00:00:00,20.7,2.2
2766,Gangtok,Sikkim,Northeast,27.32574,88.61216,2026-07-13 00:00:00,19.7,2.5
2767,Gangtok,Sikkim,Northeast,27.32574,88.61216,2026-07-14 00:00:00,20.3,1.7
2768,Gangtok,Sikkim,Northeast,27.32574,88.61216,2026-07-15 00:00:00,21,2.3
2769,Gangtok,Sikkim,Northeast,27.32574,88.61216,2026-07-16 00:00:00,20.7,2.6
2770,Gangtok,Sikkim,Northeast,27.32574,88.61216,2026-07-17 00:00:00,20.5,2.5
2771,Gangtok,Sikkim,Northeast,27.32574,88.61216,2026-07-18 00:00:00,20,2.5
2772,Gangtok,Sikkim,Northeast,27.32574,88.61216,2026-07-19 00:00:00,19.8,2
2773,Gangtok,Sikkim,Northeast,27.32574,88.61216,2026-07-20 00:00:00,19.2,2.1
2774,Gangtok,Sikkim,Northeast,27.32574,88.61216,2026-07-21 00:00:00,18.7,2.2
2775,Gangtok,Sikkim,Northeast,27.32574,88.61216,2026-07-22 00:00:00,19.1,2.5
2776,Gangtok,Sikkim,Northeast,27.32574,88.61216,2026-07-23 00:00:00,19.7,2.7
2777,Gangtok,Sikkim,Northeast,27.32574,88.61216,2026-07-24 00:00:00,20,2.5
2778,Gangtok,Sikkim,Northeast,27.32574,88.61216,2026-07-25 00:00:00,21,2.5
2779,Gangtok,Sikkim,Northeast,27.32574,88.61216,2026-07-26 00:00:00,21.9,2.2
2780,Gangtok,Sikkim,Northeast,27.32574,88.61216,2026-07-27 00:00:00,21.1,2.5
2781,Gangtok,Sikkim,Northeast,27.32574,88.61216,2026-07-28 00:00:00,20.1,2.4
2782,Gangtok,Sikkim,Northeast,27.32574,88.61216,2026-07-29 00:00:00,20.3,2.6
2783,Gangtok,Sikkim,Northeast,27.32574,88.61216,2026-07-30 00:00:00,19.5,2.3
2784,Gangtok,Sikkim,Northeast,27.32574,88.61216,2026-07-31 00:00:00,19.7,2.4
2785,Gangtok,Sikkim,Northeast,27.32574,88.61216,2026-08-01 00:00:00,19.4,2.1
2786,Gangtok,Sikkim,Northeast,27.32574,88.61216,2026-08-02 00:00:00,20.5,2.3
2787,Gangtok,Sikkim,Northeast,27.32574,88.61216,2026-08-03 00:00:00,20.3,2
2788,Gangtok,Sikkim,Northeast,27.32574,88.61216,2026-08-04 00:00:00,20.3,2.3
2789,Gangtok,Sikkim,Northeast,27.32574,88.61216,2026-08-05 00:00:00,19.7,2.3
2790,Gangtok,Sikkim,Northeast,27.32574,88.61216,2026-08-06 00:00:00,20.4,2.2
2791,Gangtok,Sikkim,Northeast,27.32574,88.61216,2026-08-07 00:00:00,20.7,2.3
2792,Gangtok,Sikkim,Northeast,27.32574,88.61216,2026-08-08 00:00:00,19.8,2.1
2793,Naharlagun,Arunachal Pradesh,Northeast,27.10467,93.69518,2026-07-10 00:00:00,27.4,5
2794,Naharlagun,Arunachal Pradesh,Northeast,27.10467,93.69518,2026-07-11 00:00:00,27.6,2.9
2795,Naharlagun,Arunachal Pradesh,Northeast,27.10467,93.69518,2026-07-12 00:00:00,26.9,3.4
2796,Naharlagun,Arunachal Pradesh,Northeast,27.10467,93.69518,2026-07-13 00:00:00,27.5,2.4
2797,Naharlagun,Arunachal Pradesh,Northeast,27.10467,93.69518,2026-07-14 00:00:00,29.7,2.9
2798,Naharlagun,Arunachal Pradesh,Northeast,27.10467,93.69518,2026-07-15 00:00:00,28.4,3.8
2799,Naharlagun,Arunachal Pradesh,Northeast,27.10467,93.69518,2026-07-16 00:00:00,27.4,6
2800,Naharlagun,Arunachal Pradesh,Northeast,27.10467,93.69518,2026-07-17 00:00:00,27.2,8
2801,Naharlagun,Arunachal Pradesh,Northeast,27.10467,93.69518,2026-07-18 00:00:00,27.1,8.6
2802,Naharlagun,Arunachal Pradesh,Northeast,27.10467,93.69518,2026-07-19 00:00:00,25.4,2.7
2803,Naharlagun,Arunachal Pradesh,Northeast,27.10467,93.69518,2026-07-20 00:00:00,26.7,4.3
2804,Naharlagun,Arunachal Pradesh,Northeast,27.10467,93.69518,2026-07-21 00:00:00,28.9,3.3
2805,Naharlagun,Arunachal Pradesh,Northeast,27.10467,93.69518,2026-07-22 00:00:00,26.9,2.7
2806,Naharlagun,Arunachal Pradesh,Northeast,27.10467,93.69518,2026-07-23 00:00:00,26.9,3.6
2807,Naharlagun,Arunachal Pradesh,Northeast,27.10467,93.69518,2026-07-24 00:00:00,28.1,3.9
2808,Naharlagun,Arunachal Pradesh,Northeast,27.10467,93.69518,2026-07-25 00:00:00,30.1,3.2
2809,Naharlagun,Arunachal Pradesh,Northeast,27.10467,93.69518,2026-07-26 00:00:00,29.1,3.7
2810,Naharlagun,Arunachal Pradesh,Northeast,27.10467,93.69518,2026-07-27 00:00:00,29,3
2811,Naharlagun,Arunachal Pradesh,Northeast,27.10467,93.69518,2026-07-28 00:00:00,27.8,4.1
2812,Naharlagun,Arunachal Pradesh,Northeast,27.10467,93.69518,2026-07-29 00:00:00,27.6,3.1
2813,Naharlagun,Arunachal Pradesh,Northeast,27.10467,93.69518,2026-07-30 00:00:00,26.9,2.5
2814,Naharlagun,Arunachal Pradesh,Northeast,27.10467,93.69518,2026-07-31 00:00:00,26.4,3.2
2815,Naharlagun,Arunachal Pradesh,Northeast,27.10467,93.69518,2026-08-01 00:00:00,26.5,7.1
2816,Naharlagun,Arunachal Pradesh,Northeast,27.10467,93.69518,2026-08-02 00:00:00,27.8,5.9
2817,Naharlagun,Arunachal Pradesh,Northeast,27.10467,93.69518,2026-08-03 00:00:00,26.8,2.3
2818,Naharlagun,Arunachal Pradesh,Northeast,27.10467,93.69518,2026-08-04 00:00:00,25.9,2.6
2819,Naharlagun,Arunachal Pradesh,Northeast,27.10467,93.69518,2026-08-05 00:00:00,26.9,2.6
2820,Naharlagun,Arunachal Pradesh,Northeast,27.10467,93.69518,2026-08-06 00:00:00,29.4,2.4
2821,Naharlagun,Arunachal Pradesh,Northeast,27.10467,93.69518,2026-08-07 00:00:00,28.7,3.2
2822,Naharlagun,Arunachal Pradesh,Northeast,27.10467,93.69518,2026-08-08 00:00:00,27.1,3.6
2823,Bengaluru,Karnataka,South,12.97194,77.59369,2026-07-10 00:00:00,24.3,13.2
2824,Bengaluru,Karnataka,South,12.97194,77.59369,2026-07-11 00:00:00,25.3,14
2825,Bengaluru,Karnataka,South,12.97194,77.59369,2026-07-12 00:00:00,25.6,13.8
2826,Bengaluru,Karnataka,South,12.97194,77.59369,2026-07-13 00:00:00,25.8,14.4
2827,Bengaluru,Karnataka,South,12.97194,77.59369,2026-07-14 00:00:00,25.8,11.9
2828,Bengaluru,Karnataka,South,12.97194,77.59369,2026-07-15 00:00:00,25.4,12.5
2829,Bengaluru,Karnataka,South,12.97194,77.59369,2026-07-16 00:00:00,25,11.6
2830,Bengaluru,Karnataka,South,12.97194,77.59369,2026-07-17 00:00:00,22.8,12.7
2831,Bengaluru,Karnataka,South,12.97194,77.59369,2026-07-18 00:00:00,22.8,13.5
2832,Bengaluru,Karnataka,South,12.97194,77.59369,2026-07-19 00:00:00,23.7,11.7
2833,Bengaluru,Karnataka,South,12.97194,77.59369,2026-07-20 00:00:00,22.9,13.8
2834,Bengaluru,Karnataka,South,12.97194,77.59369,2026-07-21 00:00:00,24,14.3
2835,Bengaluru,Karnataka,South,12.97194,77.59369,2026-07-22 00:00:00,22.5,14.6
2836,Bengaluru,Karnataka,South,12.97194,77.59369,2026-07-23 00:00:00,24,14.7
2837,Bengaluru,Karnataka,South,12.97194,77.59369,2026-07-24 00:00:00,24,13.8
2838,Bengaluru,Karnataka,South,12.97194,77.59369,2026-07-25 00:00:00,23.4,13.9
2839,Bengaluru,Karnataka,South,12.97194,77.59369,2026-07-26 00:00:00,23.6,14.9
2840,Bengaluru,Karnataka,South,12.97194,77.59369,2026-07-27 00:00:00,24.4,17.1
2841,Bengaluru,Karnataka,South,12.97194,77.59369,2026-07-28 00:00:00,24.5,18.1
2842,Bengaluru,Karnataka,South,12.97194,77.59369,2026-07-29 00:00:00,24.2,18.6
2843,Bengaluru,Karnataka,South,12.97194,77.59369,2026-07-30 00:00:00,24,19.5
2844,Bengaluru,Karnataka,South,12.97194,77.59369,2026-07-31 00:00:00,24.4,18
2845,Bengaluru,Karnataka,South,12.97194,77.59369,2026-08-01 00:00:00,23.2,15.3
2846,Bengaluru,Karnataka,South,12.97194,77.59369,2026-08-02 00:00:00,24.3,15
2847,Bengaluru,Karnataka,South,12.97194,77.59369,2026-08-03 00:00:00,23.3,12.4
2848,Bengaluru,Karnataka,South,12.97194,77.59369,2026-08-04 00:00:00,22.8,12.5
2849,Bengaluru,Karnataka,South,12.97194,77.59369,2026-08-05 00:00:00,22.8,13.8
2850,Bengaluru,Karnataka,South,12.97194,77.59369,2026-08-06 00:00:00,22.5,14.6
2851,Bengaluru,Karnataka,South,12.97194,77.59369,2026-08-07 00:00:00,22.1,14.5
2852,Bengaluru,Karnataka,South,12.97194,77.59369,2026-08-08 00:00:00,22.7,13.9
2853,Mysuru,Karnataka,South,12.29791,76.63925,2026-07-10 00:00:00,23.8,14.6
2854,Mysuru,Karnataka,South,12.29791,76.63925,2026-07-11 00:00:00,25.1,16.3
2855,Mysuru,Karnataka,South,12.29791,76.63925,2026-07-12 00:00:00,25,16
2856,Mysuru,Karnataka,South,12.29791,76.63925,2026-07-13 00:00:00,25.5,15
2857,Mysuru,Karnataka,South,12.29791,76.63925,2026-07-14 00:00:00,25.3,12.7
2858,Mysuru,Karnataka,South,12.29791,76.63925,2026-07-15 00:00:00,24.7,14.4
2859,Mysuru,Karnataka,South,12.29791,76.63925,2026-07-16 00:00:00,24.1,14.5
2860,Mysuru,Karnataka,South,12.29791,76.63925,2026-07-17 00:00:00,22.9,16.2
2861,Mysuru,Karnataka,South,12.29791,76.63925,2026-07-18 00:00:00,24.4,17.7
2862,Mysuru,Karnataka,South,12.29791,76.63925,2026-07-19 00:00:00,24,15.5
2863,Mysuru,Karnataka,South,12.29791,76.63925,2026-07-20 00:00:00,23.7,17.1
2864,Mysuru,Karnataka,South,12.29791,76.63925,2026-07-21 00:00:00,24.6,16.7
2865,Mysuru,Karnataka,South,12.29791,76.63925,2026-07-22 00:00:00,23.6,16.7
2866,Mysuru,Karnataka,South,12.29791,76.63925,2026-07-23 00:00:00,24.7,17.9
2867,Mysuru,Karnataka,South,12.29791,76.63925,2026-07-24 00:00:00,24.4,16.7
2868,Mysuru,Karnataka,South,12.29791,76.63925,2026-07-25 00:00:00,24,15.3
2869,Mysuru,Karnataka,South,12.29791,76.63925,2026-07-26 00:00:00,24.3,19.1
2870,Mysuru,Karnataka,South,12.29791,76.63925,2026-07-27 00:00:00,24.6,19
2871,Mysuru,Karnataka,South,12.29791,76.63925,2026-07-28 00:00:00,24.4,20.5
2872,Mysuru,Karnataka,South,12.29791,76.63925,2026-07-29 00:00:00,24.3,21.3
2873,Mysuru,Karnataka,South,12.29791,76.63925,2026-07-30 00:00:00,24.4,22.4
2874,Mysuru,Karnataka,South,12.29791,76.63925,2026-07-31 00:00:00,24.5,20.7
2875,Mysuru,Karnataka,South,12.29791,76.63925,2026-08-01 00:00:00,23.3,17.9
2876,Mysuru,Karnataka,South,12.29791,76.63925,2026-08-02 00:00:00,23.9,17.1
2877,Mysuru,Karnataka,South,12.29791,76.63925,2026-08-03 00:00:00,23.7,16.3
2878,Mysuru,Karnataka,South,12.29791,76.63925,2026-08-04 00:00:00,23.3,15
2879,Mysuru,Karnataka,South,12.29791,76.63925,2026-08-05 00:00:00,23.5,16.8
2880,Mysuru,Karnataka,South,12.29791,76.63925,2026-08-06 00:00:00,23.6,17.5
2881,Mysuru,Karnataka,South,12.29791,76.63925,2026-08-07 00:00:00,22.5,17.4
2882,Mysuru,Karnataka,South,12.29791,76.63925,2026-08-08 00:00:00,23.8,17.9
2883,Mangaluru,Karnataka,South,12.91723,74.85603,2026-07-10 00:00:00,26.7,7.2
2884,Mangaluru,Karnataka,South,12.91723,74.85603,2026-07-11 00:00:00,26.9,10.6
2885,Mangaluru,Karnataka,South,12.91723,74.85603,2026-07-12 00:00:00,27.3,11.9
2886,Mangaluru,Karnataka,South,12.91723,74.85603,2026-07-13 00:00:00,27.5,14
2887,Mangaluru,Karnataka,South,12.91723,74.85603,2026-07-14 00:00:00,27.7,10.5
2888,Mangaluru,Karnataka,South,12.91723,74.85603,2026-07-15 00:00:00,27.7,9.8
2889,Mangaluru,Karnataka,South,12.91723,74.85603,2026-07-16 00:00:00,26.6,6.6
2890,Mangaluru,Karnataka,South,12.91723,74.85603,2026-07-17 00:00:00,24.8,5.8
2891,Mangaluru,Karnataka,South,12.91723,74.85603,2026-07-18 00:00:00,25.6,8
2892,Mangaluru,Karnataka,South,12.91723,74.85603,2026-07-19 00:00:00,25.7,5.5
2893,Mangaluru,Karnataka,South,12.91723,74.85603,2026-07-20 00:00:00,24.9,7.5
2894,Mangaluru,Karnataka,South,12.91723,74.85603,2026-07-21 00:00:00,25.9,7.3
2895,Mangaluru,Karnataka,South,12.91723,74.85603,2026-07-22 00:00:00,24.9,7.1
2896,Mangaluru,Karnataka,South,12.91723,74.85603,2026-07-23 00:00:00,25.5,8.9
2897,Mangaluru,Karnataka,South,12.91723,74.85603,2026-07-24 00:00:00,25.9,8
2898,Mangaluru,Karnataka,South,12.91723,74.85603,2026-07-25 00:00:00,25.5,7
2899,Mangaluru,Karnataka,South,12.91723,74.85603,2026-07-26 00:00:00,25.8,6.2
2900,Mangaluru,Karnataka,South,12.91723,74.85603,2026-07-27 00:00:00,25.4,6.5
2901,Mangaluru,Karnataka,South,12.91723,74.85603,2026-07-28 00:00:00,25.8,7
2902,Mangaluru,Karnataka,South,12.91723,74.85603,2026-07-29 00:00:00,25.8,8.5
2903,Mangaluru,Karnataka,South,12.91723,74.85603,2026-07-30 00:00:00,26.7,15.9
2904,Mangaluru,Karnataka,South,12.91723,74.85603,2026-07-31 00:00:00,25.3,9.2
2905,Mangaluru,Karnataka,South,12.91723,74.85603,2026-08-01 00:00:00,24.5,6.8
2906,Mangaluru,Karnataka,South,12.91723,74.85603,2026-08-02 00:00:00,25,7.5
2907,Mangaluru,Karnataka,South,12.91723,74.85603,2026-08-03 00:00:00,25.1,5.9
2908,Mangaluru,Karnataka,South,12.91723,74.85603,2026-08-04 00:00:00,25.1,8.3
2909,Mangaluru,Karnataka,South,12.91723,74.85603,2026-08-05 00:00:00,25.4,5.3
2910,Mangaluru,Karnataka,South,12.91723,74.85603,2026-08-06 00:00:00,25.7,7.5
2911,Mangaluru,Karnataka,South,12.91723,74.85603,2026-08-07 00:00:00,24.6,6.3
2912,Mangaluru,Karnataka,South,12.91723,74.85603,2026-08-08 00:00:00,25.4,7.2
2913,Hubballi,Karnataka,South,15.34776,75.13378,2026-07-10 00:00:00,25.2,18.9
2914,Hubballi,Karnataka,South,15.34776,75.13378,2026-07-11 00:00:00,25,19
2915,Hubballi,Karnataka,South,15.34776,75.13378,2026-07-12 00:00:00,25.1,19.4
2916,Hubballi,Karnataka,South,15.34776,75.13378,2026-07-13 00:00:00,25.2,18.9
2917,Hubballi,Karnataka,South,15.34776,75.13378,2026-07-14 00:00:00,25.2,16.9
2918,Hubballi,Karnataka,South,15.34776,75.13378,2026-07-15 00:00:00,24.8,17.6
2919,Hubballi,Karnataka,South,15.34776,75.13378,2026-07-16 00:00:00,24.4,16.5
2920,Hubballi,Karnataka,South,15.34776,75.13378,2026-07-17 00:00:00,23.3,17.2
2921,Hubballi,Karnataka,South,15.34776,75.13378,2026-07-18 00:00:00,24,18.2
2922,Hubballi,Karnataka,South,15.34776,75.13378,2026-07-19 00:00:00,24.1,18.4
2923,Hubballi,Karnataka,South,15.34776,75.13378,2026-07-20 00:00:00,23.2,19.9
2924,Hubballi,Karnataka,South,15.34776,75.13378,2026-07-21 00:00:00,23.9,19.9
2925,Hubballi,Karnataka,South,15.34776,75.13378,2026-07-22 00:00:00,23.2,22
2926,Hubballi,Karnataka,South,15.34776,75.13378,2026-07-23 00:00:00,23.3,23.3
2927,Hubballi,Karnataka,South,15.34776,75.13378,2026-07-24 00:00:00,23.4,22.8
2928,Hubballi,Karnataka,South,15.34776,75.13378,2026-07-25 00:00:00,24.1,21.4
2929,Hubballi,Karnataka,South,15.34776,75.13378,2026-07-26 00:00:00,24.4,20.1
2930,Hubballi,Karnataka,South,15.34776,75.13378,2026-07-27 00:00:00,23.7,19.5
2931,Hubballi,Karnataka,South,15.34776,75.13378,2026-07-28 00:00:00,23.7,20.6
2932,Hubballi,Karnataka,South,15.34776,75.13378,2026-07-29 00:00:00,23.9,23.8
2933,Hubballi,Karnataka,South,15.34776,75.13378,2026-07-30 00:00:00,24.1,25.5
2934,Hubballi,Karnataka,South,15.34776,75.13378,2026-07-31 00:00:00,23.5,23.5
2935,Hubballi,Karnataka,South,15.34776,75.13378,2026-08-01 00:00:00,23.9,21.5
2936,Hubballi,Karnataka,South,15.34776,75.13378,2026-08-02 00:00:00,24,18.8
2937,Hubballi,Karnataka,South,15.34776,75.13378,2026-08-03 00:00:00,23.8,18.5
2938,Hubballi,Karnataka,South,15.34776,75.13378,2026-08-04 00:00:00,23.6,16.9
2939,Hubballi,Karnataka,South,15.34776,75.13378,2026-08-05 00:00:00,23.8,18.8
2940,Hubballi,Karnataka,South,15.34776,75.13378,2026-08-06 00:00:00,23.7,19.2
2941,Hubballi,Karnataka,South,15.34776,75.13378,2026-08-07 00:00:00,24.5,19.9
2942,Hubballi,Karnataka,South,15.34776,75.13378,2026-08-08 00:00:00,23.9,19.2
2943,Belagavi,Karnataka,South,15.85212,74.50447,2026-07-10 00:00:00,23.8,18.8
2944,Belagavi,Karnataka,South,15.85212,74.50447,2026-07-11 00:00:00,23.6,19
2945,Belagavi,Karnataka,South,15.85212,74.50447,2026-07-12 00:00:00,23.4,19.4
2946,Belagavi,Karnataka,South,15.85212,74.50447,2026-07-13 00:00:00,23.4,18.7
2947,Belagavi,Karnataka,South,15.85212,74.50447,2026-07-14 00:00:00,23.4,16.4
2948,Belagavi,Karnataka,South,15.85212,74.50447,2026-07-15 00:00:00,22.8,16.4
2949,Belagavi,Karnataka,South,15.85212,74.50447,2026-07-16 00:00:00,23.1,17.5
2950,Belagavi,Karnataka,South,15.85212,74.50447,2026-07-17 00:00:00,22.1,17.4
2951,Belagavi,Karnataka,South,15.85212,74.50447,2026-07-18 00:00:00,22.2,17.7
2952,Belagavi,Karnataka,South,15.85212,74.50447,2026-07-19 00:00:00,22.6,18.7
2953,Belagavi,Karnataka,South,15.85212,74.50447,2026-07-20 00:00:00,22,19.2
2954,Belagavi,Karnataka,South,15.85212,74.50447,2026-07-21 00:00:00,22.3,20.4
2955,Belagavi,Karnataka,South,15.85212,74.50447,2026-07-22 00:00:00,21.6,22.6
2956,Belagavi,Karnataka,South,15.85212,74.50447,2026-07-23 00:00:00,21.8,23.3
2957,Belagavi,Karnataka,South,15.85212,74.50447,2026-07-24 00:00:00,22.2,23.7
2958,Belagavi,Karnataka,South,15.85212,74.50447,2026-07-25 00:00:00,22.7,21
2959,Belagavi,Karnataka,South,15.85212,74.50447,2026-07-26 00:00:00,23.1,19.4
2960,Belagavi,Karnataka,South,15.85212,74.50447,2026-07-27 00:00:00,22.6,18.7
2961,Belagavi,Karnataka,South,15.85212,74.50447,2026-07-28 00:00:00,22.5,20.7
2962,Belagavi,Karnataka,South,15.85212,74.50447,2026-07-29 00:00:00,22.4,23.1
2963,Belagavi,Karnataka,South,15.85212,74.50447,2026-07-30 00:00:00,22.6,26
2964,Belagavi,Karnataka,South,15.85212,74.50447,2026-07-31 00:00:00,22.4,25
2965,Belagavi,Karnataka,South,15.85212,74.50447,2026-08-01 00:00:00,22.6,22.1
2966,Belagavi,Karnataka,South,15.85212,74.50447,2026-08-02 00:00:00,22.3,18.7
2967,Belagavi,Karnataka,South,15.85212,74.50447,2026-08-03 00:00:00,22.6,18.1
2968,Belagavi,Karnataka,South,15.85212,74.50447,2026-08-04 00:00:00,22.6,17.7
2969,Belagavi,Karnataka,South,15.85212,74.50447,2026-08-05 00:00:00,22.3,17.8
2970,Belagavi,Karnataka,South,15.85212,74.50447,2026-08-06 00:00:00,22.2,19.8
2971,Belagavi,Karnataka,South,15.85212,74.50447,2026-08-07 00:00:00,23,21.3
2972,Belagavi,Karnataka,South,15.85212,74.50447,2026-08-08 00:00:00,22.6,18.7
2973,Chennai,Tamil Nadu,South,13.08784,80.27847,2026-07-10 00:00:00,30.5,8.8
2974,Chennai,Tamil Nadu,South,13.08784,80.27847,2026-07-11 00:00:00,31.5,10.5
2975,Chennai,Tamil Nadu,South,13.08784,80.27847,2026-07-12 00:00:00,32.4,11
2976,Chennai,Tamil Nadu,South,13.08784,80.27847,2026-07-13 00:00:00,33,12.4
2977,Chennai,Tamil Nadu,South,13.08784,80.27847,2026-07-14 00:00:00,33.1,10.8
2978,Chennai,Tamil Nadu,South,13.08784,80.27847,2026-07-15 00:00:00,32.7,11.6
2979,Chennai,Tamil Nadu,South,13.08784,80.27847,2026-07-16 00:00:00,32.6,10.7
2980,Chennai,Tamil Nadu,South,13.08784,80.27847,2026-07-17 00:00:00,31.7,10.2
2981,Chennai,Tamil Nadu,South,13.08784,80.27847,2026-07-18 00:00:00,29,7.6
2982,Chennai,Tamil Nadu,South,13.08784,80.27847,2026-07-19 00:00:00,29,9.3
2983,Chennai,Tamil Nadu,South,13.08784,80.27847,2026-07-20 00:00:00,29.4,8.9
2984,Chennai,Tamil Nadu,South,13.08784,80.27847,2026-07-21 00:00:00,30.2,8.7
2985,Chennai,Tamil Nadu,South,13.08784,80.27847,2026-07-22 00:00:00,30.3,10.4
2986,Chennai,Tamil Nadu,South,13.08784,80.27847,2026-07-23 00:00:00,30,10.6
2987,Chennai,Tamil Nadu,South,13.08784,80.27847,2026-07-24 00:00:00,29.6,7.8
2988,Chennai,Tamil Nadu,South,13.08784,80.27847,2026-07-25 00:00:00,30.3,9.4
2989,Chennai,Tamil Nadu,South,13.08784,80.27847,2026-07-26 00:00:00,31.6,11.3
2990,Chennai,Tamil Nadu,South,13.08784,80.27847,2026-07-27 00:00:00,32.3,11.6
2991,Chennai,Tamil Nadu,South,13.08784,80.27847,2026-07-28 00:00:00,32.4,14.4
2992,Chennai,Tamil Nadu,South,13.08784,80.27847,2026-07-29 00:00:00,32.5,14.3
2993,Chennai,Tamil Nadu,South,13.08784,80.27847,2026-07-30 00:00:00,32.4,15.8
2994,Chennai,Tamil Nadu,South,13.08784,80.27847,2026-07-31 00:00:00,31.5,13.7
2995,Chennai,Tamil Nadu,South,13.08784,80.27847,2026-08-01 00:00:00,30.4,10.6
2996,Chennai,Tamil Nadu,South,13.08784,80.27847,2026-08-02 00:00:00,29.8,10
2997,Chennai,Tamil Nadu,South,13.08784,80.27847,2026-08-03 00:00:00,29.7,7.7
2998,Chennai,Tamil Nadu,South,13.08784,80.27847,2026-08-04 00:00:00,30.1,10.6
2999,Chennai,Tamil Nadu,South,13.08784,80.27847,2026-08-05 00:00:00,29.4,10
3000,Chennai,Tamil Nadu,South,13.08784,80.27847,2026-08-06 00:00:00,29.8,9
3001,Chennai,Tamil Nadu,South,13.08784,80.27847,2026-08-07 00:00:00,28.7,10.3
3002,Chennai,Tamil Nadu,South,13.08784,80.27847,2026-08-08 00:00:00,29.2,11.1
3003,Coimbatore,Tamil Nadu,South,11.00555,76.96612,2026-07-10 00:00:00,25.7,12
3004,Coimbatore,Tamil Nadu,South,11.00555,76.96612,2026-07-11 00:00:00,26.3,13.5
3005,Coimbatore,Tamil Nadu,South,11.00555,76.96612,2026-07-12 00:00:00,26.6,16.7
3006,Coimbatore,Tamil Nadu,South,11.00555,76.96612,2026-07-13 00:00:00,27,15.8
3007,Coimbatore,Tamil Nadu,South,11.00555,76.96612,2026-07-14 00:00:00,27.5,15
3008,Coimbatore,Tamil Nadu,South,11.00555,76.96612,2026-07-15 00:00:00,27.4,16.1
3009,Coimbatore,Tamil Nadu,South,11.00555,76.96612,2026-07-16 00:00:00,26.7,13.9
3010,Coimbatore,Tamil Nadu,South,11.00555,76.96612,2026-07-17 00:00:00,24.6,16.2
3011,Coimbatore,Tamil Nadu,South,11.00555,76.96612,2026-07-18 00:00:00,25.9,14.1
3012,Coimbatore,Tamil Nadu,South,11.00555,76.96612,2026-07-19 00:00:00,26,13.4
3013,Coimbatore,Tamil Nadu,South,11.00555,76.96612,2026-07-20 00:00:00,25.1,15.4
3014,Coimbatore,Tamil Nadu,South,11.00555,76.96612,2026-07-21 00:00:00,26.7,15
3015,Coimbatore,Tamil Nadu,South,11.00555,76.96612,2026-07-22 00:00:00,26.5,15.1
3016,Coimbatore,Tamil Nadu,South,11.00555,76.96612,2026-07-23 00:00:00,26.9,15.7
3017,Coimbatore,Tamil Nadu,South,11.00555,76.96612,2026-07-24 00:00:00,26.7,14.5
3018,Coimbatore,Tamil Nadu,South,11.00555,76.96612,2026-07-25 00:00:00,26.9,13
3019,Coimbatore,Tamil Nadu,South,11.00555,76.96612,2026-07-26 00:00:00,26.4,17.4
3020,Coimbatore,Tamil Nadu,South,11.00555,76.96612,2026-07-27 00:00:00,26.1,18
3021,Coimbatore,Tamil Nadu,South,11.00555,76.96612,2026-07-28 00:00:00,26.4,19.8
3022,Coimbatore,Tamil Nadu,South,11.00555,76.96612,2026-07-29 00:00:00,26,19.9
3023,Coimbatore,Tamil Nadu,South,11.00555,76.96612,2026-07-30 00:00:00,26.1,20.3
3024,Coimbatore,Tamil Nadu,South,11.00555,76.96612,2026-07-31 00:00:00,26.4,18.4
3025,Coimbatore,Tamil Nadu,South,11.00555,76.96612,2026-08-01 00:00:00,23.4,16.3
3026,Coimbatore,Tamil Nadu,South,11.00555,76.96612,2026-08-02 00:00:00,24.6,15.8
3027,Coimbatore,Tamil Nadu,South,11.00555,76.96612,2026-08-03 00:00:00,24.8,15.2
3028,Coimbatore,Tamil Nadu,South,11.00555,76.96612,2026-08-04 00:00:00,25,12.7
3029,Coimbatore,Tamil Nadu,South,11.00555,76.96612,2026-08-05 00:00:00,25.2,13.9
3030,Coimbatore,Tamil Nadu,South,11.00555,76.96612,2026-08-06 00:00:00,25,15.3
3031,Coimbatore,Tamil Nadu,South,11.00555,76.96612,2026-08-07 00:00:00,23.9,15.7
3032,Coimbatore,Tamil Nadu,South,11.00555,76.96612,2026-08-08 00:00:00,24.2,15.6
3033,Madurai,Tamil Nadu,South,9.919,78.11953,2026-07-10 00:00:00,30.9,9.2
3034,Madurai,Tamil Nadu,South,9.919,78.11953,2026-07-11 00:00:00,31.7,4.4
3035,Madurai,Tamil Nadu,South,9.919,78.11953,2026-07-12 00:00:00,32.4,10
3036,Madurai,Tamil Nadu,South,9.919,78.11953,2026-07-13 00:00:00,32.8,8.4
3037,Madurai,Tamil Nadu,South,9.919,78.11953,2026-07-14 00:00:00,33.1,8.9
3038,Madurai,Tamil Nadu,South,9.919,78.11953,2026-07-15 00:00:00,32.7,9.3
3039,Madurai,Tamil Nadu,South,9.919,78.11953,2026-07-16 00:00:00,32.4,9.6
3040,Madurai,Tamil Nadu,South,9.919,78.11953,2026-07-17 00:00:00,31.3,13.2
3041,Madurai,Tamil Nadu,South,9.919,78.11953,2026-07-18 00:00:00,31.5,5.8
3042,Madurai,Tamil Nadu,South,9.919,78.11953,2026-07-19 00:00:00,31.6,6.7
3043,Madurai,Tamil Nadu,South,9.919,78.11953,2026-07-20 00:00:00,31.4,9.8
3044,Madurai,Tamil Nadu,South,9.919,78.11953,2026-07-21 00:00:00,32.5,7.1
3045,Madurai,Tamil Nadu,South,9.919,78.11953,2026-07-22 00:00:00,32.4,8.4
3046,Madurai,Tamil Nadu,South,9.919,78.11953,2026-07-23 00:00:00,32.2,6.2
3047,Madurai,Tamil Nadu,South,9.919,78.11953,2026-07-24 00:00:00,32.7,7.2
3048,Madurai,Tamil Nadu,South,9.919,78.11953,2026-07-25 00:00:00,32.6,6.7
3049,Madurai,Tamil Nadu,South,9.919,78.11953,2026-07-26 00:00:00,32.6,11.9
3050,Madurai,Tamil Nadu,South,9.919,78.11953,2026-07-27 00:00:00,32,8
3051,Madurai,Tamil Nadu,South,9.919,78.11953,2026-07-28 00:00:00,32.3,18.6
3052,Madurai,Tamil Nadu,South,9.919,78.11953,2026-07-29 00:00:00,32.3,16
3053,Madurai,Tamil Nadu,South,9.919,78.11953,2026-07-30 00:00:00,32.4,9.9
3054,Madurai,Tamil Nadu,South,9.919,78.11953,2026-07-31 00:00:00,31.5,7.3
3055,Madurai,Tamil Nadu,South,9.919,78.11953,2026-08-01 00:00:00,29.7,16.6
3056,Madurai,Tamil Nadu,South,9.919,78.11953,2026-08-02 00:00:00,30.8,9.9
3057,Madurai,Tamil Nadu,South,9.919,78.11953,2026-08-03 00:00:00,31.5,9.7
3058,Madurai,Tamil Nadu,South,9.919,78.11953,2026-08-04 00:00:00,29.6,9.2
3059,Madurai,Tamil Nadu,South,9.919,78.11953,2026-08-05 00:00:00,31.5,6.1
3060,Madurai,Tamil Nadu,South,9.919,78.11953,2026-08-06 00:00:00,30.9,8.6
3061,Madurai,Tamil Nadu,South,9.919,78.11953,2026-08-07 00:00:00,31,6.7
3062,Madurai,Tamil Nadu,South,9.919,78.11953,2026-08-08 00:00:00,30.8,8.4
3063,Tiruchirappalli,Tamil Nadu,South,10.8155,78.69651,2026-07-10 00:00:00,31,16.2
3064,Tiruchirappalli,Tamil Nadu,South,10.8155,78.69651,2026-07-11 00:00:00,32,17
3065,Tiruchirappalli,Tamil Nadu,South,10.8155,78.69651,2026-07-12 00:00:00,32.5,19.5
3066,Tiruchirappalli,Tamil Nadu,South,10.8155,78.69651,2026-07-13 00:00:00,32.7,20
3067,Tiruchirappalli,Tamil Nadu,South,10.8155,78.69651,2026-07-14 00:00:00,33.1,15.5
3068,Tiruchirappalli,Tamil Nadu,South,10.8155,78.69651,2026-07-15 00:00:00,32.6,14.9
3069,Tiruchirappalli,Tamil Nadu,South,10.8155,78.69651,2026-07-16 00:00:00,32.4,14.6
3070,Tiruchirappalli,Tamil Nadu,South,10.8155,78.69651,2026-07-17 00:00:00,31.5,20.4
3071,Tiruchirappalli,Tamil Nadu,South,10.8155,78.69651,2026-07-18 00:00:00,31.7,15.4
3072,Tiruchirappalli,Tamil Nadu,South,10.8155,78.69651,2026-07-19 00:00:00,31.3,14.3
3073,Tiruchirappalli,Tamil Nadu,South,10.8155,78.69651,2026-07-20 00:00:00,31.2,20.2
3074,Tiruchirappalli,Tamil Nadu,South,10.8155,78.69651,2026-07-21 00:00:00,32.1,15.1
3075,Tiruchirappalli,Tamil Nadu,South,10.8155,78.69651,2026-07-22 00:00:00,31.6,14
3076,Tiruchirappalli,Tamil Nadu,South,10.8155,78.69651,2026-07-23 00:00:00,31.8,13.2
3077,Tiruchirappalli,Tamil Nadu,South,10.8155,78.69651,2026-07-24 00:00:00,32.5,15.3
3078,Tiruchirappalli,Tamil Nadu,South,10.8155,78.69651,2026-07-25 00:00:00,33,12.4
3079,Tiruchirappalli,Tamil Nadu,South,10.8155,78.69651,2026-07-26 00:00:00,33,22.1
3080,Tiruchirappalli,Tamil Nadu,South,10.8155,78.69651,2026-07-27 00:00:00,32.1,21.8
3081,Tiruchirappalli,Tamil Nadu,South,10.8155,78.69651,2026-07-28 00:00:00,32.5,19.8
3082,Tiruchirappalli,Tamil Nadu,South,10.8155,78.69651,2026-07-29 00:00:00,32.4,26.1
3083,Tiruchirappalli,Tamil Nadu,South,10.8155,78.69651,2026-07-30 00:00:00,32.6,25.3
3084,Tiruchirappalli,Tamil Nadu,South,10.8155,78.69651,2026-07-31 00:00:00,32,18.9
3085,Tiruchirappalli,Tamil Nadu,South,10.8155,78.69651,2026-08-01 00:00:00,31.3,24.8
3086,Tiruchirappalli,Tamil Nadu,South,10.8155,78.69651,2026-08-02 00:00:00,31.1,20.1
3087,Tiruchirappalli,Tamil Nadu,South,10.8155,78.69651,2026-08-03 00:00:00,31.8,20
3088,Tiruchirappalli,Tamil Nadu,South,10.8155,78.69651,2026-08-04 00:00:00,31.2,19.1
3089,Tiruchirappalli,Tamil Nadu,South,10.8155,78.69651,2026-08-05 00:00:00,31.7,19.5
3090,Tiruchirappalli,Tamil Nadu,South,10.8155,78.69651,2026-08-06 00:00:00,31.5,17.6
3091,Tiruchirappalli,Tamil Nadu,South,10.8155,78.69651,2026-08-07 00:00:00,30.6,24
3092,Tiruchirappalli,Tamil Nadu,South,10.8155,78.69651,2026-08-08 00:00:00,31.3,20.4
3093,Salem,Tamil Nadu,South,11.65376,78.15538,2026-07-10 00:00:00,27.5,5
3094,Salem,Tamil Nadu,South,11.65376,78.15538,2026-07-11 00:00:00,28.5,6.8
3095,Salem,Tamil Nadu,South,11.65376,78.15538,2026-07-12 00:00:00,28.7,6.1
3096,Salem,Tamil Nadu,South,11.65376,78.15538,2026-07-13 00:00:00,29.1,8.2
3097,Salem,Tamil Nadu,South,11.65376,78.15538,2026-07-14 00:00:00,29.7,8.6
3098,Salem,Tamil Nadu,South,11.65376,78.15538,2026-07-15 00:00:00,29.4,6.9
3099,Salem,Tamil Nadu,South,11.65376,78.15538,2026-07-16 00:00:00,28.8,5.6
3100,Salem,Tamil Nadu,South,11.65376,78.15538,2026-07-17 00:00:00,27.5,7
3101,Salem,Tamil Nadu,South,11.65376,78.15538,2026-07-18 00:00:00,29.1,9
3102,Salem,Tamil Nadu,South,11.65376,78.15538,2026-07-19 00:00:00,29.1,7.6
3103,Salem,Tamil Nadu,South,11.65376,78.15538,2026-07-20 00:00:00,28.3,7.1
3104,Salem,Tamil Nadu,South,11.65376,78.15538,2026-07-21 00:00:00,28.8,5.2
3105,Salem,Tamil Nadu,South,11.65376,78.15538,2026-07-22 00:00:00,28.7,5.6
3106,Salem,Tamil Nadu,South,11.65376,78.15538,2026-07-23 00:00:00,29.8,5.3
3107,Salem,Tamil Nadu,South,11.65376,78.15538,2026-07-24 00:00:00,29.7,8.3
3108,Salem,Tamil Nadu,South,11.65376,78.15538,2026-07-25 00:00:00,30.5,7.9
3109,Salem,Tamil Nadu,South,11.65376,78.15538,2026-07-26 00:00:00,29.7,7.1
3110,Salem,Tamil Nadu,South,11.65376,78.15538,2026-07-27 00:00:00,29.1,7.5
3111,Salem,Tamil Nadu,South,11.65376,78.15538,2026-07-28 00:00:00,29.5,7.8
3112,Salem,Tamil Nadu,South,11.65376,78.15538,2026-07-29 00:00:00,29.2,10.6
3113,Salem,Tamil Nadu,South,11.65376,78.15538,2026-07-30 00:00:00,29.2,10
3114,Salem,Tamil Nadu,South,11.65376,78.15538,2026-07-31 00:00:00,29.2,6.9
3115,Salem,Tamil Nadu,South,11.65376,78.15538,2026-08-01 00:00:00,27.4,9.4
3116,Salem,Tamil Nadu,South,11.65376,78.15538,2026-08-02 00:00:00,28.2,7.5
3117,Salem,Tamil Nadu,South,11.65376,78.15538,2026-08-03 00:00:00,27.9,8
3118,Salem,Tamil Nadu,South,11.65376,78.15538,2026-08-04 00:00:00,27.8,10.1
3119,Salem,Tamil Nadu,South,11.65376,78.15538,2026-08-05 00:00:00,27.2,8.2
3120,Salem,Tamil Nadu,South,11.65376,78.15538,2026-08-06 00:00:00,27,5.9
3121,Salem,Tamil Nadu,South,11.65376,78.15538,2026-08-07 00:00:00,26.6,8.2
3122,Salem,Tamil Nadu,South,11.65376,78.15538,2026-08-08 00:00:00,26.7,6.4
3123,Tirunelveli,Tamil Nadu,South,8.72742,77.6838,2026-07-10 00:00:00,30.2,16.1
3124,Tirunelveli,Tamil Nadu,South,8.72742,77.6838,2026-07-11 00:00:00,31.2,15.4
3125,Tirunelveli,Tamil Nadu,South,8.72742,77.6838,2026-07-12 00:00:00,31.2,18.2
3126,Tirunelveli,Tamil Nadu,South,8.72742,77.6838,2026-07-13 00:00:00,31.5,19.4
3127,Tirunelveli,Tamil Nadu,South,8.72742,77.6838,2026-07-14 00:00:00,32.3,16.6
3128,Tirunelveli,Tamil Nadu,South,8.72742,77.6838,2026-07-15 00:00:00,31.7,16.4
3129,Tirunelveli,Tamil Nadu,South,8.72742,77.6838,2026-07-16 00:00:00,31.2,14.8
3130,Tirunelveli,Tamil Nadu,South,8.72742,77.6838,2026-07-17 00:00:00,30.5,16
3131,Tirunelveli,Tamil Nadu,South,8.72742,77.6838,2026-07-18 00:00:00,30.6,16.9
3132,Tirunelveli,Tamil Nadu,South,8.72742,77.6838,2026-07-19 00:00:00,31,15.4
3133,Tirunelveli,Tamil Nadu,South,8.72742,77.6838,2026-07-20 00:00:00,30.6,15.1
3134,Tirunelveli,Tamil Nadu,South,8.72742,77.6838,2026-07-21 00:00:00,31.5,15.4
3135,Tirunelveli,Tamil Nadu,South,8.72742,77.6838,2026-07-22 00:00:00,31.6,13.7
3136,Tirunelveli,Tamil Nadu,South,8.72742,77.6838,2026-07-23 00:00:00,31.4,16.4
3137,Tirunelveli,Tamil Nadu,South,8.72742,77.6838,2026-07-24 00:00:00,31.4,17.4
3138,Tirunelveli,Tamil Nadu,South,8.72742,77.6838,2026-07-25 00:00:00,32.5,17.5
3139,Tirunelveli,Tamil Nadu,South,8.72742,77.6838,2026-07-26 00:00:00,31.4,18.6
3140,Tirunelveli,Tamil Nadu,South,8.72742,77.6838,2026-07-27 00:00:00,31,17.5
3141,Tirunelveli,Tamil Nadu,South,8.72742,77.6838,2026-07-28 00:00:00,30.6,14.5
3142,Tirunelveli,Tamil Nadu,South,8.72742,77.6838,2026-07-29 00:00:00,30.7,18.1
3143,Tirunelveli,Tamil Nadu,South,8.72742,77.6838,2026-07-30 00:00:00,31,16.5
3144,Tirunelveli,Tamil Nadu,South,8.72742,77.6838,2026-07-31 00:00:00,30.8,14.2
3145,Tirunelveli,Tamil Nadu,South,8.72742,77.6838,2026-08-01 00:00:00,27.9,15.6
3146,Tirunelveli,Tamil Nadu,South,8.72742,77.6838,2026-08-02 00:00:00,28.6,12.7
3147,Tirunelveli,Tamil Nadu,South,8.72742,77.6838,2026-08-03 00:00:00,28.1,14.4
3148,Tirunelveli,Tamil Nadu,South,8.72742,77.6838,2026-08-04 00:00:00,28.5,19.7
3149,Tirunelveli,Tamil Nadu,South,8.72742,77.6838,2026-08-05 00:00:00,29.2,17
3150,Tirunelveli,Tamil Nadu,South,8.72742,77.6838,2026-08-06 00:00:00,28.5,14.5
3151,Tirunelveli,Tamil Nadu,South,8.72742,77.6838,2026-08-07 00:00:00,28.4,14.1
3152,Tirunelveli,Tamil Nadu,South,8.72742,77.6838,2026-08-08 00:00:00,28.5,11.3
3153,Hyderabad,Telangana,South,17.38405,78.45636,2026-07-10 00:00:00,28.8,13.3
3154,Hyderabad,Telangana,South,17.38405,78.45636,2026-07-11 00:00:00,29.4,14.3
3155,Hyderabad,Telangana,South,17.38405,78.45636,2026-07-12 00:00:00,29.4,15.3
3156,Hyderabad,Telangana,South,17.38405,78.45636,2026-07-13 00:00:00,29.7,15
3157,Hyderabad,Telangana,South,17.38405,78.45636,2026-07-14 00:00:00,29.5,13.7
3158,Hyderabad,Telangana,South,17.38405,78.45636,2026-07-15 00:00:00,29,13.3
3159,Hyderabad,Telangana,South,17.38405,78.45636,2026-07-16 00:00:00,28.4,12.2
3160,Hyderabad,Telangana,South,17.38405,78.45636,2026-07-17 00:00:00,25.5,9.6
3161,Hyderabad,Telangana,South,17.38405,78.45636,2026-07-18 00:00:00,25.7,12.8
3162,Hyderabad,Telangana,South,17.38405,78.45636,2026-07-19 00:00:00,26.1,12.5
3163,Hyderabad,Telangana,South,17.38405,78.45636,2026-07-20 00:00:00,25.6,14.2
3164,Hyderabad,Telangana,South,17.38405,78.45636,2026-07-21 00:00:00,24.2,14.2
3165,Hyderabad,Telangana,South,17.38405,78.45636,2026-07-22 00:00:00,24,17.3
3166,Hyderabad,Telangana,South,17.38405,78.45636,2026-07-23 00:00:00,25.3,16.6
3167,Hyderabad,Telangana,South,17.38405,78.45636,2026-07-24 00:00:00,26.2,17.4
3168,Hyderabad,Telangana,South,17.38405,78.45636,2026-07-25 00:00:00,26.3,13.9
3169,Hyderabad,Telangana,South,17.38405,78.45636,2026-07-26 00:00:00,26.4,13.9
3170,Hyderabad,Telangana,South,17.38405,78.45636,2026-07-27 00:00:00,25.4,14.5
3171,Hyderabad,Telangana,South,17.38405,78.45636,2026-07-28 00:00:00,25.7,16.2
3172,Hyderabad,Telangana,South,17.38405,78.45636,2026-07-29 00:00:00,23.8,17.7
3173,Hyderabad,Telangana,South,17.38405,78.45636,2026-07-30 00:00:00,24,19.3
3174,Hyderabad,Telangana,South,17.38405,78.45636,2026-07-31 00:00:00,25.9,17.9
3175,Hyderabad,Telangana,South,17.38405,78.45636,2026-08-01 00:00:00,26.6,12.8
3176,Hyderabad,Telangana,South,17.38405,78.45636,2026-08-02 00:00:00,26.8,12.6
3177,Hyderabad,Telangana,South,17.38405,78.45636,2026-08-03 00:00:00,26.3,11.6
3178,Hyderabad,Telangana,South,17.38405,78.45636,2026-08-04 00:00:00,25.4,11
3179,Hyderabad,Telangana,South,17.38405,78.45636,2026-08-05 00:00:00,25.8,11.8
3180,Hyderabad,Telangana,South,17.38405,78.45636,2026-08-06 00:00:00,26.2,12.9
3181,Hyderabad,Telangana,South,17.38405,78.45636,2026-08-07 00:00:00,25.7,13.9
3182,Hyderabad,Telangana,South,17.38405,78.45636,2026-08-08 00:00:00,25.5,12.4
3183,Warangal,Telangana,South,18,79.58333,2026-07-10 00:00:00,29.6,12.4
3184,Warangal,Telangana,South,18,79.58333,2026-07-11 00:00:00,29.8,12.8
3185,Warangal,Telangana,South,18,79.58333,2026-07-12 00:00:00,29.8,12.7
3186,Warangal,Telangana,South,18,79.58333,2026-07-13 00:00:00,30.4,14.1
3187,Warangal,Telangana,South,18,79.58333,2026-07-14 00:00:00,30.1,15.1
3188,Warangal,Telangana,South,18,79.58333,2026-07-15 00:00:00,30.2,13.1
3189,Warangal,Telangana,South,18,79.58333,2026-07-16 00:00:00,29.7,13.6
3190,Warangal,Telangana,South,18,79.58333,2026-07-17 00:00:00,27.7,10
3191,Warangal,Telangana,South,18,79.58333,2026-07-18 00:00:00,26.6,10.3
3192,Warangal,Telangana,South,18,79.58333,2026-07-19 00:00:00,28.1,9.6
3193,Warangal,Telangana,South,18,79.58333,2026-07-20 00:00:00,27.7,12.7
3194,Warangal,Telangana,South,18,79.58333,2026-07-21 00:00:00,26.1,13.8
3195,Warangal,Telangana,South,18,79.58333,2026-07-22 00:00:00,25.9,15
3196,Warangal,Telangana,South,18,79.58333,2026-07-23 00:00:00,26.9,14.4
3197,Warangal,Telangana,South,18,79.58333,2026-07-24 00:00:00,28.3,14.2
3198,Warangal,Telangana,South,18,79.58333,2026-07-25 00:00:00,28.8,12.7
3199,Warangal,Telangana,South,18,79.58333,2026-07-26 00:00:00,28.5,13
3200,Warangal,Telangana,South,18,79.58333,2026-07-27 00:00:00,28.1,12.7
3201,Warangal,Telangana,South,18,79.58333,2026-07-28 00:00:00,27.1,13.1
3202,Warangal,Telangana,South,18,79.58333,2026-07-29 00:00:00,25.3,16.8
3203,Warangal,Telangana,South,18,79.58333,2026-07-30 00:00:00,25.1,20
3204,Warangal,Telangana,South,18,79.58333,2026-07-31 00:00:00,27.9,15.6
3205,Warangal,Telangana,South,18,79.58333,2026-08-01 00:00:00,28.5,9.2
3206,Warangal,Telangana,South,18,79.58333,2026-08-02 00:00:00,29,9.7
3207,Warangal,Telangana,South,18,79.58333,2026-08-03 00:00:00,29.1,10.8
3208,Warangal,Telangana,South,18,79.58333,2026-08-04 00:00:00,27.1,10.5
3209,Warangal,Telangana,South,18,79.58333,2026-08-05 00:00:00,27.9,11.6
3210,Warangal,Telangana,South,18,79.58333,2026-08-06 00:00:00,28.7,11.9
3211,Warangal,Telangana,South,18,79.58333,2026-08-07 00:00:00,27.2,13.5
3212,Warangal,Telangana,South,18,79.58333,2026-08-08 00:00:00,26.5,11.5
3213,Vijayawada,Andhra Pradesh,South,16.50745,80.6466,2026-07-10 00:00:00,32.3,12.8
3214,Vijayawada,Andhra Pradesh,South,16.50745,80.6466,2026-07-11 00:00:00,32.9,13.4
3215,Vijayawada,Andhra Pradesh,South,16.50745,80.6466,2026-07-12 00:00:00,33.1,13.2
3216,Vijayawada,Andhra Pradesh,South,16.50745,80.6466,2026-07-13 00:00:00,33.6,15.4
3217,Vijayawada,Andhra Pradesh,South,16.50745,80.6466,2026-07-14 00:00:00,32.8,15.9
3218,Vijayawada,Andhra Pradesh,South,16.50745,80.6466,2026-07-15 00:00:00,33.2,15
3219,Vijayawada,Andhra Pradesh,South,16.50745,80.6466,2026-07-16 00:00:00,31.3,13
3220,Vijayawada,Andhra Pradesh,South,16.50745,80.6466,2026-07-17 00:00:00,30,11.3
3221,Vijayawada,Andhra Pradesh,South,16.50745,80.6466,2026-07-18 00:00:00,28.4,10.5
3222,Vijayawada,Andhra Pradesh,South,16.50745,80.6466,2026-07-19 00:00:00,30.4,12.1
3223,Vijayawada,Andhra Pradesh,South,16.50745,80.6466,2026-07-20 00:00:00,30.4,13.1
3224,Vijayawada,Andhra Pradesh,South,16.50745,80.6466,2026-07-21 00:00:00,29.1,15.6
3225,Vijayawada,Andhra Pradesh,South,16.50745,80.6466,2026-07-22 00:00:00,29.4,13.9
3226,Vijayawada,Andhra Pradesh,South,16.50745,80.6466,2026-07-23 00:00:00,30.1,12.7
3227,Vijayawada,Andhra Pradesh,South,16.50745,80.6466,2026-07-24 00:00:00,31,13.7
3228,Vijayawada,Andhra Pradesh,South,16.50745,80.6466,2026-07-25 00:00:00,31.5,14.3
3229,Vijayawada,Andhra Pradesh,South,16.50745,80.6466,2026-07-26 00:00:00,31.7,13.8
3230,Vijayawada,Andhra Pradesh,South,16.50745,80.6466,2026-07-27 00:00:00,29.4,13.3
3231,Vijayawada,Andhra Pradesh,South,16.50745,80.6466,2026-07-28 00:00:00,29.5,13.4
3232,Vijayawada,Andhra Pradesh,South,16.50745,80.6466,2026-07-29 00:00:00,28.8,18.2
3233,Vijayawada,Andhra Pradesh,South,16.50745,80.6466,2026-07-30 00:00:00,28.9,19.1
3234,Vijayawada,Andhra Pradesh,South,16.50745,80.6466,2026-07-31 00:00:00,28.6,12.1
3235,Vijayawada,Andhra Pradesh,South,16.50745,80.6466,2026-08-01 00:00:00,29.5,8.5
3236,Vijayawada,Andhra Pradesh,South,16.50745,80.6466,2026-08-02 00:00:00,30.3,9.1
3237,Vijayawada,Andhra Pradesh,South,16.50745,80.6466,2026-08-03 00:00:00,30.7,9.8
3238,Vijayawada,Andhra Pradesh,South,16.50745,80.6466,2026-08-04 00:00:00,29.3,13.3
3239,Vijayawada,Andhra Pradesh,South,16.50745,80.6466,2026-08-05 00:00:00,30.4,11.3
3240,Vijayawada,Andhra Pradesh,South,16.50745,80.6466,2026-08-06 00:00:00,30.2,11.6
3241,Vijayawada,Andhra Pradesh,South,16.50745,80.6466,2026-08-07 00:00:00,29.9,15.4
3242,Vijayawada,Andhra Pradesh,South,16.50745,80.6466,2026-08-08 00:00:00,30.1,12.1
3243,Visakhapatnam,Andhra Pradesh,South,17.68009,83.20161,2026-07-10 00:00:00,29.3,12.5
3244,Visakhapatnam,Andhra Pradesh,South,17.68009,83.20161,2026-07-11 00:00:00,31.5,10.5
3245,Visakhapatnam,Andhra Pradesh,South,17.68009,83.20161,2026-07-12 00:00:00,32.2,11.5
3246,Visakhapatnam,Andhra Pradesh,South,17.68009,83.20161,2026-07-13 00:00:00,31.7,9.9
3247,Visakhapatnam,Andhra Pradesh,South,17.68009,83.20161,2026-07-14 00:00:00,32.3,7.6
3248,Visakhapatnam,Andhra Pradesh,South,17.68009,83.20161,2026-07-15 00:00:00,32.2,9.1
3249,Visakhapatnam,Andhra Pradesh,South,17.68009,83.20161,2026-07-16 00:00:00,31.2,9.5
3250,Visakhapatnam,Andhra Pradesh,South,17.68009,83.20161,2026-07-17 00:00:00,29.2,13.5
3251,Visakhapatnam,Andhra Pradesh,South,17.68009,83.20161,2026-07-18 00:00:00,29.3,9.6
3252,Visakhapatnam,Andhra Pradesh,South,17.68009,83.20161,2026-07-19 00:00:00,29.6,8.7
3253,Visakhapatnam,Andhra Pradesh,South,17.68009,83.20161,2026-07-20 00:00:00,28.4,8.6
3254,Visakhapatnam,Andhra Pradesh,South,17.68009,83.20161,2026-07-21 00:00:00,27.8,12.9
3255,Visakhapatnam,Andhra Pradesh,South,17.68009,83.20161,2026-07-22 00:00:00,28.9,17.1
3256,Visakhapatnam,Andhra Pradesh,South,17.68009,83.20161,2026-07-23 00:00:00,28.8,15.2
3257,Visakhapatnam,Andhra Pradesh,South,17.68009,83.20161,2026-07-24 00:00:00,28.5,11.9
3258,Visakhapatnam,Andhra Pradesh,South,17.68009,83.20161,2026-07-25 00:00:00,31,13.3
3259,Visakhapatnam,Andhra Pradesh,South,17.68009,83.20161,2026-07-26 00:00:00,30.8,13.3
3260,Visakhapatnam,Andhra Pradesh,South,17.68009,83.20161,2026-07-27 00:00:00,29.4,12.3
3261,Visakhapatnam,Andhra Pradesh,South,17.68009,83.20161,2026-07-28 00:00:00,27.3,17
3262,Visakhapatnam,Andhra Pradesh,South,17.68009,83.20161,2026-07-29 00:00:00,26.8,20.9
3263,Visakhapatnam,Andhra Pradesh,South,17.68009,83.20161,2026-07-30 00:00:00,28.6,21.5
3264,Visakhapatnam,Andhra Pradesh,South,17.68009,83.20161,2026-07-31 00:00:00,28.1,14.9
3265,Visakhapatnam,Andhra Pradesh,South,17.68009,83.20161,2026-08-01 00:00:00,27,11.2
3266,Visakhapatnam,Andhra Pradesh,South,17.68009,83.20161,2026-08-02 00:00:00,28.7,7.6
3267,Visakhapatnam,Andhra Pradesh,South,17.68009,83.20161,2026-08-03 00:00:00,29.5,4.7
3268,Visakhapatnam,Andhra Pradesh,South,17.68009,83.20161,2026-08-04 00:00:00,28.8,4.7
3269,Visakhapatnam,Andhra Pradesh,South,17.68009,83.20161,2026-08-05 00:00:00,30.1,5.9
3270,Visakhapatnam,Andhra Pradesh,South,17.68009,83.20161,2026-08-06 00:00:00,29.2,5.3
3271,Visakhapatnam,Andhra Pradesh,South,17.68009,83.20161,2026-08-07 00:00:00,28,5.9
3272,Visakhapatnam,Andhra Pradesh,South,17.68009,83.20161,2026-08-08 00:00:00,28.8,7.2
3273,Tirupati,Andhra Pradesh,South,13.63551,79.41989,2026-07-10 00:00:00,30.9,8.1
3274,Tirupati,Andhra Pradesh,South,13.63551,79.41989,2026-07-11 00:00:00,31.5,9.5
3275,Tirupati,Andhra Pradesh,South,13.63551,79.41989,2026-07-12 00:00:00,32.3,9.2
3276,Tirupati,Andhra Pradesh,South,13.63551,79.41989,2026-07-13 00:00:00,32.5,12.8
3277,Tirupati,Andhra Pradesh,South,13.63551,79.41989,2026-07-14 00:00:00,32.9,13.2
3278,Tirupati,Andhra Pradesh,South,13.63551,79.41989,2026-07-15 00:00:00,32.3,10
3279,Tirupati,Andhra Pradesh,South,13.63551,79.41989,2026-07-16 00:00:00,31.9,7.2
3280,Tirupati,Andhra Pradesh,South,13.63551,79.41989,2026-07-17 00:00:00,30.7,9
3281,Tirupati,Andhra Pradesh,South,13.63551,79.41989,2026-07-18 00:00:00,28,7.7
3282,Tirupati,Andhra Pradesh,South,13.63551,79.41989,2026-07-19 00:00:00,28.7,6.4
3283,Tirupati,Andhra Pradesh,South,13.63551,79.41989,2026-07-20 00:00:00,28.3,7
3284,Tirupati,Andhra Pradesh,South,13.63551,79.41989,2026-07-21 00:00:00,29.1,7.5
3285,Tirupati,Andhra Pradesh,South,13.63551,79.41989,2026-07-22 00:00:00,28.8,7.5
3286,Tirupati,Andhra Pradesh,South,13.63551,79.41989,2026-07-23 00:00:00,29.8,8.2
3287,Tirupati,Andhra Pradesh,South,13.63551,79.41989,2026-07-24 00:00:00,29.9,7.6
3288,Tirupati,Andhra Pradesh,South,13.63551,79.41989,2026-07-25 00:00:00,30.3,7.8
3289,Tirupati,Andhra Pradesh,South,13.63551,79.41989,2026-07-26 00:00:00,30.8,9.6
3290,Tirupati,Andhra Pradesh,South,13.63551,79.41989,2026-07-27 00:00:00,32,10.9
3291,Tirupati,Andhra Pradesh,South,13.63551,79.41989,2026-07-28 00:00:00,32.3,14.8
3292,Tirupati,Andhra Pradesh,South,13.63551,79.41989,2026-07-29 00:00:00,32,14.7
3293,Tirupati,Andhra Pradesh,South,13.63551,79.41989,2026-07-30 00:00:00,32,15.1
3294,Tirupati,Andhra Pradesh,South,13.63551,79.41989,2026-07-31 00:00:00,31.6,11.8
3295,Tirupati,Andhra Pradesh,South,13.63551,79.41989,2026-08-01 00:00:00,30.4,9.6
3296,Tirupati,Andhra Pradesh,South,13.63551,79.41989,2026-08-02 00:00:00,30.1,7.8
3297,Tirupati,Andhra Pradesh,South,13.63551,79.41989,2026-08-03 00:00:00,28.6,7.3
3298,Tirupati,Andhra Pradesh,South,13.63551,79.41989,2026-08-04 00:00:00,28.8,6.4
3299,Tirupati,Andhra Pradesh,South,13.63551,79.41989,2026-08-05 00:00:00,29.2,8.2
3300,Tirupati,Andhra Pradesh,South,13.63551,79.41989,2026-08-06 00:00:00,29,8.6
3301,Tirupati,Andhra Pradesh,South,13.63551,79.41989,2026-08-07 00:00:00,28.5,9.4
3302,Tirupati,Andhra Pradesh,South,13.63551,79.41989,2026-08-08 00:00:00,28.7,9.4
3303,Kochi,Kerala,South,9.93988,76.26022,2026-07-10 00:00:00,26.6,6.7
3304,Kochi,Kerala,South,9.93988,76.26022,2026-07-11 00:00:00,27.2,9.5
3305,Kochi,Kerala,South,9.93988,76.26022,2026-07-12 00:00:00,27.9,14.8
3306,Kochi,Kerala,South,9.93988,76.26022,2026-07-13 00:00:00,28.2,15
3307,Kochi,Kerala,South,9.93988,76.26022,2026-07-14 00:00:00,28.2,13
3308,Kochi,Kerala,South,9.93988,76.26022,2026-07-15 00:00:00,28,9.8
3309,Kochi,Kerala,South,9.93988,76.26022,2026-07-16 00:00:00,27.8,8.6
3310,Kochi,Kerala,South,9.93988,76.26022,2026-07-17 00:00:00,26.9,4.9
3311,Kochi,Kerala,South,9.93988,76.26022,2026-07-18 00:00:00,26.6,7
3312,Kochi,Kerala,South,9.93988,76.26022,2026-07-19 00:00:00,26.6,7
3313,Kochi,Kerala,South,9.93988,76.26022,2026-07-20 00:00:00,26.1,5.9
3314,Kochi,Kerala,South,9.93988,76.26022,2026-07-21 00:00:00,27.7,5.4
3315,Kochi,Kerala,South,9.93988,76.26022,2026-07-22 00:00:00,27.2,6.8
3316,Kochi,Kerala,South,9.93988,76.26022,2026-07-23 00:00:00,27.4,5.6
3317,Kochi,Kerala,South,9.93988,76.26022,2026-07-24 00:00:00,27.4,7.2
3318,Kochi,Kerala,South,9.93988,76.26022,2026-07-25 00:00:00,27.9,7.9
3319,Kochi,Kerala,South,9.93988,76.26022,2026-07-26 00:00:00,27.7,8.1
3320,Kochi,Kerala,South,9.93988,76.26022,2026-07-27 00:00:00,27.6,9
3321,Kochi,Kerala,South,9.93988,76.26022,2026-07-28 00:00:00,26.9,7.3
3322,Kochi,Kerala,South,9.93988,76.26022,2026-07-29 00:00:00,28.1,14.8
3323,Kochi,Kerala,South,9.93988,76.26022,2026-07-30 00:00:00,27.6,12.4
3324,Kochi,Kerala,South,9.93988,76.26022,2026-07-31 00:00:00,26.2,10.7
3325,Kochi,Kerala,South,9.93988,76.26022,2026-08-01 00:00:00,25.4,16.8
3326,Kochi,Kerala,South,9.93988,76.26022,2026-08-02 00:00:00,25.6,9.3
3327,Kochi,Kerala,South,9.93988,76.26022,2026-08-03 00:00:00,25.5,8.9
3328,Kochi,Kerala,South,9.93988,76.26022,2026-08-04 00:00:00,25.7,8.6
3329,Kochi,Kerala,South,9.93988,76.26022,2026-08-05 00:00:00,26.3,7.3
3330,Kochi,Kerala,South,9.93988,76.26022,2026-08-06 00:00:00,25.5,9.3
3331,Kochi,Kerala,South,9.93988,76.26022,2026-08-07 00:00:00,25.7,13.1
3332,Kochi,Kerala,South,9.93988,76.26022,2026-08-08 00:00:00,25.1,9.1
3333,Kozhikode,Kerala,South,11.24802,75.7804,2026-07-10 00:00:00,26.2,6.7
3334,Kozhikode,Kerala,South,11.24802,75.7804,2026-07-11 00:00:00,27,10.8
3335,Kozhikode,Kerala,South,11.24802,75.7804,2026-07-12 00:00:00,27.3,13.6
3336,Kozhikode,Kerala,South,11.24802,75.7804,2026-07-13 00:00:00,27.2,14
3337,Kozhikode,Kerala,South,11.24802,75.7804,2026-07-14 00:00:00,27.6,14
3338,Kozhikode,Kerala,South,11.24802,75.7804,2026-07-15 00:00:00,27.4,10.3
3339,Kozhikode,Kerala,South,11.24802,75.7804,2026-07-16 00:00:00,26.8,7.4
3340,Kozhikode,Kerala,South,11.24802,75.7804,2026-07-17 00:00:00,25.4,4.6
3341,Kozhikode,Kerala,South,11.24802,75.7804,2026-07-18 00:00:00,26,5.4
3342,Kozhikode,Kerala,South,11.24802,75.7804,2026-07-19 00:00:00,25.9,5.8
3343,Kozhikode,Kerala,South,11.24802,75.7804,2026-07-20 00:00:00,25.5,3.7
3344,Kozhikode,Kerala,South,11.24802,75.7804,2026-07-21 00:00:00,26.7,4.9
3345,Kozhikode,Kerala,South,11.24802,75.7804,2026-07-22 00:00:00,26.4,4.2
3346,Kozhikode,Kerala,South,11.24802,75.7804,2026-07-23 00:00:00,26.5,6.6
3347,Kozhikode,Kerala,South,11.24802,75.7804,2026-07-24 00:00:00,26.1,5.3
3348,Kozhikode,Kerala,South,11.24802,75.7804,2026-07-25 00:00:00,27.1,6.1
3349,Kozhikode,Kerala,South,11.24802,75.7804,2026-07-26 00:00:00,26.3,5.4
3350,Kozhikode,Kerala,South,11.24802,75.7804,2026-07-27 00:00:00,26,4.6
3351,Kozhikode,Kerala,South,11.24802,75.7804,2026-07-28 00:00:00,25.7,4.7
3352,Kozhikode,Kerala,South,11.24802,75.7804,2026-07-29 00:00:00,25.4,7.6
3353,Kozhikode,Kerala,South,11.24802,75.7804,2026-07-30 00:00:00,25.4,6.6
3354,Kozhikode,Kerala,South,11.24802,75.7804,2026-07-31 00:00:00,25.6,6.9
3355,Kozhikode,Kerala,South,11.24802,75.7804,2026-08-01 00:00:00,24.3,9.1
3356,Kozhikode,Kerala,South,11.24802,75.7804,2026-08-02 00:00:00,25,7.3
3357,Kozhikode,Kerala,South,11.24802,75.7804,2026-08-03 00:00:00,24.8,6.6
3358,Kozhikode,Kerala,South,11.24802,75.7804,2026-08-04 00:00:00,25,7.3
3359,Kozhikode,Kerala,South,11.24802,75.7804,2026-08-05 00:00:00,25.7,7
3360,Kozhikode,Kerala,South,11.24802,75.7804,2026-08-06 00:00:00,25.5,6.4
3361,Kozhikode,Kerala,South,11.24802,75.7804,2026-08-07 00:00:00,24.4,8.6
3362,Kozhikode,Kerala,South,11.24802,75.7804,2026-08-08 00:00:00,24.7,7.1
3363,Thiruvananthapuram,Kerala,South,8.4855,76.94924,2026-07-10 00:00:00,26.7,15.4
3364,Thiruvananthapuram,Kerala,South,8.4855,76.94924,2026-07-11 00:00:00,27,17.8
3365,Thiruvananthapuram,Kerala,South,8.4855,76.94924,2026-07-12 00:00:00,27.4,19.2
3366,Thiruvananthapuram,Kerala,South,8.4855,76.94924,2026-07-13 00:00:00,27.5,21.4
3367,Thiruvananthapuram,Kerala,South,8.4855,76.94924,2026-07-14 00:00:00,27.7,21.5
3368,Thiruvananthapuram,Kerala,South,8.4855,76.94924,2026-07-15 00:00:00,27.3,19
3369,Thiruvananthapuram,Kerala,South,8.4855,76.94924,2026-07-16 00:00:00,27.1,14.8
3370,Thiruvananthapuram,Kerala,South,8.4855,76.94924,2026-07-17 00:00:00,26.8,13.7
3371,Thiruvananthapuram,Kerala,South,8.4855,76.94924,2026-07-18 00:00:00,27,14.3
3372,Thiruvananthapuram,Kerala,South,8.4855,76.94924,2026-07-19 00:00:00,26.8,15.1
3373,Thiruvananthapuram,Kerala,South,8.4855,76.94924,2026-07-20 00:00:00,26.8,15.4
3374,Thiruvananthapuram,Kerala,South,8.4855,76.94924,2026-07-21 00:00:00,27.8,11.9
3375,Thiruvananthapuram,Kerala,South,8.4855,76.94924,2026-07-22 00:00:00,27.7,12.9
3376,Thiruvananthapuram,Kerala,South,8.4855,76.94924,2026-07-23 00:00:00,27.7,13.9
3377,Thiruvananthapuram,Kerala,South,8.4855,76.94924,2026-07-24 00:00:00,27.8,16.1
3378,Thiruvananthapuram,Kerala,South,8.4855,76.94924,2026-07-25 00:00:00,28.1,18.6
3379,Thiruvananthapuram,Kerala,South,8.4855,76.94924,2026-07-26 00:00:00,28.4,18.9
3380,Thiruvananthapuram,Kerala,South,8.4855,76.94924,2026-07-27 00:00:00,28,18.8
3381,Thiruvananthapuram,Kerala,South,8.4855,76.94924,2026-07-28 00:00:00,27.3,16
3382,Thiruvananthapuram,Kerala,South,8.4855,76.94924,2026-07-29 00:00:00,27.8,18.7
3383,Thiruvananthapuram,Kerala,South,8.4855,76.94924,2026-07-30 00:00:00,27.3,18.7
3384,Thiruvananthapuram,Kerala,South,8.4855,76.94924,2026-07-31 00:00:00,26.7,19.4
3385,Thiruvananthapuram,Kerala,South,8.4855,76.94924,2026-08-01 00:00:00,25.5,22
3386,Thiruvananthapuram,Kerala,South,8.4855,76.94924,2026-08-02 00:00:00,25.2,18.2
3387,Thiruvananthapuram,Kerala,South,8.4855,76.94924,2026-08-03 00:00:00,25.4,18.9
3388,Thiruvananthapuram,Kerala,South,8.4855,76.94924,2026-08-04 00:00:00,25.7,20
3389,Thiruvananthapuram,Kerala,South,8.4855,76.94924,2026-08-05 00:00:00,25.9,19.3
3390,Thiruvananthapuram,Kerala,South,8.4855,76.94924,2026-08-06 00:00:00,24.9,16
3391,Thiruvananthapuram,Kerala,South,8.4855,76.94924,2026-08-07 00:00:00,25.3,19.4
3392,Thiruvananthapuram,Kerala,South,8.4855,76.94924,2026-08-08 00:00:00,24.7,16.5
3393,Kollam,Kerala,South,8.88113,76.58469,2026-07-10 00:00:00,26.7,12.1
3394,Kollam,Kerala,South,8.88113,76.58469,2026-07-11 00:00:00,27.2,15.7
3395,Kollam,Kerala,South,8.88113,76.58469,2026-07-12 00:00:00,27.6,18.2
3396,Kollam,Kerala,South,8.88113,76.58469,2026-07-13 00:00:00,27.7,18.5
3397,Kollam,Kerala,South,8.88113,76.58469,2026-07-14 00:00:00,28,18.5
3398,Kollam,Kerala,South,8.88113,76.58469,2026-07-15 00:00:00,27.8,15.8
3399,Kollam,Kerala,South,8.88113,76.58469,2026-07-16 00:00:00,27.9,13.5
3400,Kollam,Kerala,South,8.88113,76.58469,2026-07-17 00:00:00,27.3,13.6
3401,Kollam,Kerala,South,8.88113,76.58469,2026-07-18 00:00:00,27,11.5
3402,Kollam,Kerala,South,8.88113,76.58469,2026-07-19 00:00:00,26.6,12.3
3403,Kollam,Kerala,South,8.88113,76.58469,2026-07-20 00:00:00,26.3,11.7
3404,Kollam,Kerala,South,8.88113,76.58469,2026-07-21 00:00:00,27.5,8.8
3405,Kollam,Kerala,South,8.88113,76.58469,2026-07-22 00:00:00,27.4,9.2
3406,Kollam,Kerala,South,8.88113,76.58469,2026-07-23 00:00:00,27.3,9.7
3407,Kollam,Kerala,South,8.88113,76.58469,2026-07-24 00:00:00,27.5,11.8
3408,Kollam,Kerala,South,8.88113,76.58469,2026-07-25 00:00:00,28,13.6
3409,Kollam,Kerala,South,8.88113,76.58469,2026-07-26 00:00:00,28.1,14.2
3410,Kollam,Kerala,South,8.88113,76.58469,2026-07-27 00:00:00,27.7,14.7
3411,Kollam,Kerala,South,8.88113,76.58469,2026-07-28 00:00:00,27.3,12.9
3412,Kollam,Kerala,South,8.88113,76.58469,2026-07-29 00:00:00,27.9,17.6
3413,Kollam,Kerala,South,8.88113,76.58469,2026-07-30 00:00:00,27.4,16.9
3414,Kollam,Kerala,South,8.88113,76.58469,2026-07-31 00:00:00,26.2,14.2
3415,Kollam,Kerala,South,8.88113,76.58469,2026-08-01 00:00:00,25.5,19.8
3416,Kollam,Kerala,South,8.88113,76.58469,2026-08-02 00:00:00,25.4,14.4
3417,Kollam,Kerala,South,8.88113,76.58469,2026-08-03 00:00:00,26,16.8
3418,Kollam,Kerala,South,8.88113,76.58469,2026-08-04 00:00:00,25.8,14.9
3419,Kollam,Kerala,South,8.88113,76.58469,2026-08-05 00:00:00,26.1,14.7
3420,Kollam,Kerala,South,8.88113,76.58469,2026-08-06 00:00:00,25.1,15.5
3421,Kollam,Kerala,South,8.88113,76.58469,2026-08-07 00:00:00,25.5,16.7
3422,Kollam,Kerala,South,8.88113,76.58469,2026-08-08 00:00:00,25.3,12.8
3423,Kannur,Kerala,South,11.86752,75.35763,2026-07-10 00:00:00,26,6
3424,Kannur,Kerala,South,11.86752,75.35763,2026-07-11 00:00:00,27.3,11.7
3425,Kannur,Kerala,South,11.86752,75.35763,2026-07-12 00:00:00,27.4,14
3426,Kannur,Kerala,South,11.86752,75.35763,2026-07-13 00:00:00,27.4,14.5
3427,Kannur,Kerala,South,11.86752,75.35763,2026-07-14 00:00:00,27.6,13.4
3428,Kannur,Kerala,South,11.86752,75.35763,2026-07-15 00:00:00,27.6,9.8
3429,Kannur,Kerala,South,11.86752,75.35763,2026-07-16 00:00:00,26.9,5.9
3430,Kannur,Kerala,South,11.86752,75.35763,2026-07-17 00:00:00,25,4.7
3431,Kannur,Kerala,South,11.86752,75.35763,2026-07-18 00:00:00,25.6,6.9
3432,Kannur,Kerala,South,11.86752,75.35763,2026-07-19 00:00:00,25.6,6.3
3433,Kannur,Kerala,South,11.86752,75.35763,2026-07-20 00:00:00,25,7
3434,Kannur,Kerala,South,11.86752,75.35763,2026-07-21 00:00:00,26,6.3
3435,Kannur,Kerala,South,11.86752,75.35763,2026-07-22 00:00:00,25.5,6
3436,Kannur,Kerala,South,11.86752,75.35763,2026-07-23 00:00:00,26.1,8
3437,Kannur,Kerala,South,11.86752,75.35763,2026-07-24 00:00:00,26,7.4
3438,Kannur,Kerala,South,11.86752,75.35763,2026-07-25 00:00:00,26.3,6.3
3439,Kannur,Kerala,South,11.86752,75.35763,2026-07-26 00:00:00,26.2,5.2
3440,Kannur,Kerala,South,11.86752,75.35763,2026-07-27 00:00:00,25.9,6.2
3441,Kannur,Kerala,South,11.86752,75.35763,2026-07-28 00:00:00,25.5,5.6
3442,Kannur,Kerala,South,11.86752,75.35763,2026-07-29 00:00:00,25.6,7.9
3443,Kannur,Kerala,South,11.86752,75.35763,2026-07-30 00:00:00,25.7,11
3444,Kannur,Kerala,South,11.86752,75.35763,2026-07-31 00:00:00,25,5.8
3445,Kannur,Kerala,South,11.86752,75.35763,2026-08-01 00:00:00,24.4,7
3446,Kannur,Kerala,South,11.86752,75.35763,2026-08-02 00:00:00,25.1,7.1
3447,Kannur,Kerala,South,11.86752,75.35763,2026-08-03 00:00:00,24.7,6.1
3448,Kannur,Kerala,South,11.86752,75.35763,2026-08-04 00:00:00,24.9,7.7
3449,Kannur,Kerala,South,11.86752,75.35763,2026-08-05 00:00:00,25.4,4.7
3450,Kannur,Kerala,South,11.86752,75.35763,2026-08-06 00:00:00,25.6,6.5
3451,Kannur,Kerala,South,11.86752,75.35763,2026-08-07 00:00:00,24.4,10.4
3452,Kannur,Kerala,South,11.86752,75.35763,2026-08-08 00:00:00,25.3,7.8
3453,Vijayapura,Karnataka,South,13.29724,77.80184,2026-07-10 00:00:00,25.2,15.5
3454,Vijayapura,Karnataka,South,13.29724,77.80184,2026-07-11 00:00:00,25.5,18.5
3455,Vijayapura,Karnataka,South,13.29724,77.80184,2026-07-12 00:00:00,25.8,18.8
3456,Vijayapura,Karnataka,South,13.29724,77.80184,2026-07-13 00:00:00,25.9,18.6
3457,Vijayapura,Karnataka,South,13.29724,77.80184,2026-07-14 00:00:00,25.7,16.6
3458,Vijayapura,Karnataka,South,13.29724,77.80184,2026-07-15 00:00:00,25.4,16.3
3459,Vijayapura,Karnataka,South,13.29724,77.80184,2026-07-16 00:00:00,25.2,14.9
3460,Vijayapura,Karnataka,South,13.29724,77.80184,2026-07-17 00:00:00,23.1,16.3
3461,Vijayapura,Karnataka,South,13.29724,77.80184,2026-07-18 00:00:00,24.5,19.1
3462,Vijayapura,Karnataka,South,13.29724,77.80184,2026-07-19 00:00:00,24.7,16.7
3463,Vijayapura,Karnataka,South,13.29724,77.80184,2026-07-20 00:00:00,23.9,17.7
3464,Vijayapura,Karnataka,South,13.29724,77.80184,2026-07-21 00:00:00,24.9,17.5
3465,Vijayapura,Karnataka,South,13.29724,77.80184,2026-07-22 00:00:00,23.9,19.8
3466,Vijayapura,Karnataka,South,13.29724,77.80184,2026-07-23 00:00:00,25.2,20.2
3467,Vijayapura,Karnataka,South,13.29724,77.80184,2026-07-24 00:00:00,24.7,19.2
3468,Vijayapura,Karnataka,South,13.29724,77.80184,2026-07-25 00:00:00,24.4,18.4
3469,Vijayapura,Karnataka,South,13.29724,77.80184,2026-07-26 00:00:00,24.7,20.5
3470,Vijayapura,Karnataka,South,13.29724,77.80184,2026-07-27 00:00:00,25,21.2
3471,Vijayapura,Karnataka,South,13.29724,77.80184,2026-07-28 00:00:00,24.9,23.3
3472,Vijayapura,Karnataka,South,13.29724,77.80184,2026-07-29 00:00:00,25.1,25.2
3473,Vijayapura,Karnataka,South,13.29724,77.80184,2026-07-30 00:00:00,24.9,25.9
3474,Vijayapura,Karnataka,South,13.29724,77.80184,2026-07-31 00:00:00,25,24.1
3475,Vijayapura,Karnataka,South,13.29724,77.80184,2026-08-01 00:00:00,24,19.2
3476,Vijayapura,Karnataka,South,13.29724,77.80184,2026-08-02 00:00:00,25.3,20.2
3477,Vijayapura,Karnataka,South,13.29724,77.80184,2026-08-03 00:00:00,24.3,18.1
3478,Vijayapura,Karnataka,South,13.29724,77.80184,2026-08-04 00:00:00,23.5,17.7
3479,Vijayapura,Karnataka,South,13.29724,77.80184,2026-08-05 00:00:00,23.8,19.2
3480,Vijayapura,Karnataka,South,13.29724,77.80184,2026-08-06 00:00:00,23.5,18.6
3481,Vijayapura,Karnataka,South,13.29724,77.80184,2026-08-07 00:00:00,22.8,19.9
3482,Vijayapura,Karnataka,South,13.29724,77.80184,2026-08-08 00:00:00,23.3,19.5
3483,Kurnool,Andhra Pradesh,South,15.82887,78.03602,2026-07-10 00:00:00,30.2,17.2
3484,Kurnool,Andhra Pradesh,South,15.82887,78.03602,2026-07-11 00:00:00,30.8,19.2
3485,Kurnool,Andhra Pradesh,South,15.82887,78.03602,2026-07-12 00:00:00,31,19.8
3486,Kurnool,Andhra Pradesh,South,15.82887,78.03602,2026-07-13 00:00:00,31.5,19.3
3487,Kurnool,Andhra Pradesh,South,15.82887,78.03602,2026-07-14 00:00:00,31.6,16.1
3488,Kurnool,Andhra Pradesh,South,15.82887,78.03602,2026-07-15 00:00:00,31.3,17.2
3489,Kurnool,Andhra Pradesh,South,15.82887,78.03602,2026-07-16 00:00:00,30.1,14.7
3490,Kurnool,Andhra Pradesh,South,15.82887,78.03602,2026-07-17 00:00:00,27.8,11.6
3491,Kurnool,Andhra Pradesh,South,15.82887,78.03602,2026-07-18 00:00:00,27.8,14
3492,Kurnool,Andhra Pradesh,South,15.82887,78.03602,2026-07-19 00:00:00,27.8,13.6
3493,Kurnool,Andhra Pradesh,South,15.82887,78.03602,2026-07-20 00:00:00,27,15.8
3494,Kurnool,Andhra Pradesh,South,15.82887,78.03602,2026-07-21 00:00:00,27.4,16.8
3495,Kurnool,Andhra Pradesh,South,15.82887,78.03602,2026-07-22 00:00:00,26.7,14.6
3496,Kurnool,Andhra Pradesh,South,15.82887,78.03602,2026-07-23 00:00:00,28.3,18.3
3497,Kurnool,Andhra Pradesh,South,15.82887,78.03602,2026-07-24 00:00:00,28.3,18.1
3498,Kurnool,Andhra Pradesh,South,15.82887,78.03602,2026-07-25 00:00:00,28.7,17
3499,Kurnool,Andhra Pradesh,South,15.82887,78.03602,2026-07-26 00:00:00,29.3,17.5
3500,Kurnool,Andhra Pradesh,South,15.82887,78.03602,2026-07-27 00:00:00,29,17.3
3501,Kurnool,Andhra Pradesh,South,15.82887,78.03602,2026-07-28 00:00:00,28.9,20.1
3502,Kurnool,Andhra Pradesh,South,15.82887,78.03602,2026-07-29 00:00:00,26.8,19.8
3503,Kurnool,Andhra Pradesh,South,15.82887,78.03602,2026-07-30 00:00:00,27.1,20.2
3504,Kurnool,Andhra Pradesh,South,15.82887,78.03602,2026-07-31 00:00:00,28.3,20.1
3505,Kurnool,Andhra Pradesh,South,15.82887,78.03602,2026-08-01 00:00:00,29.1,16.7
3506,Kurnool,Andhra Pradesh,South,15.82887,78.03602,2026-08-02 00:00:00,28.9,14.9
3507,Kurnool,Andhra Pradesh,South,15.82887,78.03602,2026-08-03 00:00:00,27.6,14
3508,Kurnool,Andhra Pradesh,South,15.82887,78.03602,2026-08-04 00:00:00,27.7,13.3
3509,Kurnool,Andhra Pradesh,South,15.82887,78.03602,2026-08-05 00:00:00,28.2,16.1
3510,Kurnool,Andhra Pradesh,South,15.82887,78.03602,2026-08-06 00:00:00,27.8,15.3
3511,Kurnool,Andhra Pradesh,South,15.82887,78.03602,2026-08-07 00:00:00,28.1,16.8
3512,Kurnool,Andhra Pradesh,South,15.82887,78.03602,2026-08-08 00:00:00,28.1,17.8
3513,Nellore,Andhra Pradesh,South,14.44992,79.98697,2026-07-10 00:00:00,31.3,12.8
3514,Nellore,Andhra Pradesh,South,14.44992,79.98697,2026-07-11 00:00:00,32.7,14.2
3515,Nellore,Andhra Pradesh,South,14.44992,79.98697,2026-07-12 00:00:00,33.1,14.3
3516,Nellore,Andhra Pradesh,South,14.44992,79.98697,2026-07-13 00:00:00,33.6,14.4
3517,Nellore,Andhra Pradesh,South,14.44992,79.98697,2026-07-14 00:00:00,33.9,16.5
3518,Nellore,Andhra Pradesh,South,14.44992,79.98697,2026-07-15 00:00:00,33.6,14.4
3519,Nellore,Andhra Pradesh,South,14.44992,79.98697,2026-07-16 00:00:00,32.4,12.5
3520,Nellore,Andhra Pradesh,South,14.44992,79.98697,2026-07-17 00:00:00,30.9,13.8
3521,Nellore,Andhra Pradesh,South,14.44992,79.98697,2026-07-18 00:00:00,29.2,11.9
3522,Nellore,Andhra Pradesh,South,14.44992,79.98697,2026-07-19 00:00:00,30,12.2
3523,Nellore,Andhra Pradesh,South,14.44992,79.98697,2026-07-20 00:00:00,29.3,12.8
3524,Nellore,Andhra Pradesh,South,14.44992,79.98697,2026-07-21 00:00:00,31.2,13.8
3525,Nellore,Andhra Pradesh,South,14.44992,79.98697,2026-07-22 00:00:00,31.9,12.9
3526,Nellore,Andhra Pradesh,South,14.44992,79.98697,2026-07-23 00:00:00,31.3,11.6
3527,Nellore,Andhra Pradesh,South,14.44992,79.98697,2026-07-24 00:00:00,30.9,13
3528,Nellore,Andhra Pradesh,South,14.44992,79.98697,2026-07-25 00:00:00,32.1,12.5
3529,Nellore,Andhra Pradesh,South,14.44992,79.98697,2026-07-26 00:00:00,32.9,15.2
3530,Nellore,Andhra Pradesh,South,14.44992,79.98697,2026-07-27 00:00:00,32.5,16.2
3531,Nellore,Andhra Pradesh,South,14.44992,79.98697,2026-07-28 00:00:00,32.2,14.9
3532,Nellore,Andhra Pradesh,South,14.44992,79.98697,2026-07-29 00:00:00,31,14.8
3533,Nellore,Andhra Pradesh,South,14.44992,79.98697,2026-07-30 00:00:00,30.8,13.5
3534,Nellore,Andhra Pradesh,South,14.44992,79.98697,2026-07-31 00:00:00,31.1,11.8
3535,Nellore,Andhra Pradesh,South,14.44992,79.98697,2026-08-01 00:00:00,30.4,10.1
3536,Nellore,Andhra Pradesh,South,14.44992,79.98697,2026-08-02 00:00:00,30.7,10.9
3537,Nellore,Andhra Pradesh,South,14.44992,79.98697,2026-08-03 00:00:00,30.4,11.8
3538,Nellore,Andhra Pradesh,South,14.44992,79.98697,2026-08-04 00:00:00,30.4,12.1
3539,Nellore,Andhra Pradesh,South,14.44992,79.98697,2026-08-05 00:00:00,29.9,12.2
3540,Nellore,Andhra Pradesh,South,14.44992,79.98697,2026-08-06 00:00:00,30.1,14.2
3541,Nellore,Andhra Pradesh,South,14.44992,79.98697,2026-08-07 00:00:00,29.3,14.4
3542,Nellore,Andhra Pradesh,South,14.44992,79.98697,2026-08-08 00:00:00,29.5,14
3543,Puducherry,Puducherry,South,11.93381,79.82979,2026-07-10 00:00:00,30.4,11
3544,Puducherry,Puducherry,South,11.93381,79.82979,2026-07-11 00:00:00,31.3,13.6
3545,Puducherry,Puducherry,South,11.93381,79.82979,2026-07-12 00:00:00,32.3,14.5
3546,Puducherry,Puducherry,South,11.93381,79.82979,2026-07-13 00:00:00,32.2,17
3547,Puducherry,Puducherry,South,11.93381,79.82979,2026-07-14 00:00:00,32,14.5
3548,Puducherry,Puducherry,South,11.93381,79.82979,2026-07-15 00:00:00,31.9,17.7
3549,Puducherry,Puducherry,South,11.93381,79.82979,2026-07-16 00:00:00,31.5,16
3550,Puducherry,Puducherry,South,11.93381,79.82979,2026-07-17 00:00:00,30.7,13
3551,Puducherry,Puducherry,South,11.93381,79.82979,2026-07-18 00:00:00,30.1,12.1
3552,Puducherry,Puducherry,South,11.93381,79.82979,2026-07-19 00:00:00,30,12
3553,Puducherry,Puducherry,South,11.93381,79.82979,2026-07-20 00:00:00,30.4,12.5
3554,Puducherry,Puducherry,South,11.93381,79.82979,2026-07-21 00:00:00,30.3,12.5
3555,Puducherry,Puducherry,South,11.93381,79.82979,2026-07-22 00:00:00,30,12.3
3556,Puducherry,Puducherry,South,11.93381,79.82979,2026-07-23 00:00:00,30.2,13.6
3557,Puducherry,Puducherry,South,11.93381,79.82979,2026-07-24 00:00:00,30.9,13.9
3558,Puducherry,Puducherry,South,11.93381,79.82979,2026-07-25 00:00:00,30.8,14.3
3559,Puducherry,Puducherry,South,11.93381,79.82979,2026-07-26 00:00:00,31.2,12.4
3560,Puducherry,Puducherry,South,11.93381,79.82979,2026-07-27 00:00:00,31.3,14.7
3561,Puducherry,Puducherry,South,11.93381,79.82979,2026-07-28 00:00:00,31.4,13.8
3562,Puducherry,Puducherry,South,11.93381,79.82979,2026-07-29 00:00:00,32.3,13.5
3563,Puducherry,Puducherry,South,11.93381,79.82979,2026-07-30 00:00:00,31.4,14.1
3564,Puducherry,Puducherry,South,11.93381,79.82979,2026-07-31 00:00:00,31,13.4
3565,Puducherry,Puducherry,South,11.93381,79.82979,2026-08-01 00:00:00,31,11
3566,Puducherry,Puducherry,South,11.93381,79.82979,2026-08-02 00:00:00,29.8,8.8
3567,Puducherry,Puducherry,South,11.93381,79.82979,2026-08-03 00:00:00,29.2,9.7
3568,Puducherry,Puducherry,South,11.93381,79.82979,2026-08-04 00:00:00,29.6,11
3569,Puducherry,Puducherry,South,11.93381,79.82979,2026-08-05 00:00:00,29.7,11.3
3570,Puducherry,Puducherry,South,11.93381,79.82979,2026-08-06 00:00:00,29.9,12
3571,Puducherry,Puducherry,South,11.93381,79.82979,2026-08-07 00:00:00,28.9,11.9
3572,Puducherry,Puducherry,South,11.93381,79.82979,2026-08-08 00:00:00,28.7,12
3573,Port Blair,Andaman and Nicobar Islands,South,11.66613,92.74635,2026-07-10 00:00:00,28.9,18.9
3574,Port Blair,Andaman and Nicobar Islands,South,11.66613,92.74635,2026-07-11 00:00:00,28.6,23.2
3575,Port Blair,Andaman and Nicobar Islands,South,11.66613,92.74635,2026-07-12 00:00:00,28.6,23.3
3576,Port Blair,Andaman and Nicobar Islands,South,11.66613,92.74635,2026-07-13 00:00:00,28.3,23.4
3577,Port Blair,Andaman and Nicobar Islands,South,11.66613,92.74635,2026-07-14 00:00:00,28.8,25.9
3578,Port Blair,Andaman and Nicobar Islands,South,11.66613,92.74635,2026-07-15 00:00:00,27.4,21
3579,Port Blair,Andaman and Nicobar Islands,South,11.66613,92.74635,2026-07-16 00:00:00,27.9,18
3580,Port Blair,Andaman and Nicobar Islands,South,11.66613,92.74635,2026-07-17 00:00:00,28.1,15.1
3581,Port Blair,Andaman and Nicobar Islands,South,11.66613,92.74635,2026-07-18 00:00:00,28.5,13.6
3582,Port Blair,Andaman and Nicobar Islands,South,11.66613,92.74635,2026-07-19 00:00:00,28.4,13
3583,Port Blair,Andaman and Nicobar Islands,South,11.66613,92.74635,2026-07-20 00:00:00,28.5,15.2
3584,Port Blair,Andaman and Nicobar Islands,South,11.66613,92.74635,2026-07-21 00:00:00,28.5,15.3
3585,Port Blair,Andaman and Nicobar Islands,South,11.66613,92.74635,2026-07-22 00:00:00,28.4,15.4
3586,Port Blair,Andaman and Nicobar Islands,South,11.66613,92.74635,2026-07-23 00:00:00,27.9,14.8
3587,Port Blair,Andaman and Nicobar Islands,South,11.66613,92.74635,2026-07-24 00:00:00,28.5,17
3588,Port Blair,Andaman and Nicobar Islands,South,11.66613,92.74635,2026-07-25 00:00:00,28.9,19.1
3589,Port Blair,Andaman and Nicobar Islands,South,11.66613,92.74635,2026-07-26 00:00:00,28.6,22.2
3590,Port Blair,Andaman and Nicobar Islands,South,11.66613,92.74635,2026-07-27 00:00:00,28.1,21.5
3591,Port Blair,Andaman and Nicobar Islands,South,11.66613,92.74635,2026-07-28 00:00:00,28.8,22.9
3592,Port Blair,Andaman and Nicobar Islands,South,11.66613,92.74635,2026-07-29 00:00:00,28.4,19.2
3593,Port Blair,Andaman and Nicobar Islands,South,11.66613,92.74635,2026-07-30 00:00:00,27.8,17.5
3594,Port Blair,Andaman and Nicobar Islands,South,11.66613,92.74635,2026-07-31 00:00:00,27.9,16
3595,Port Blair,Andaman and Nicobar Islands,South,11.66613,92.74635,2026-08-01 00:00:00,27.7,15.3
3596,Port Blair,Andaman and Nicobar Islands,South,11.66613,92.74635,2026-08-02 00:00:00,27.7,12.6
3597,Port Blair,Andaman and Nicobar Islands,South,11.66613,92.74635,2026-08-03 00:00:00,27.3,9.9
3598,Port Blair,Andaman and Nicobar Islands,South,11.66613,92.74635,2026-08-04 00:00:00,27.3,7.8
3599,Port Blair,Andaman and Nicobar Islands,South,11.66613,92.74635,2026-08-05 00:00:00,27,12.3
3600,Port Blair,Andaman and Nicobar Islands,South,11.66613,92.74635,2026-08-06 00:00:00,26.2,11.7
3601,Port Blair,Andaman and Nicobar Islands,South,11.66613,92.74635,2026-08-07 00:00:00,26.7,15.5
3602,Port Blair,Andaman and Nicobar Islands,South,11.66613,92.74635,2026-08-08 00:00:00,27.2,19.6
